solid OpenSCAD_Model
  facet normal 1 0 0
    outer loop
      vertex 41.2 27.5 7.5
      vertex 41.2 27.6 10
      vertex 41.2 27.5 10
    endloop
  endfacet
  facet normal 1 0 0
    outer loop
      vertex 41.2 27.6 10
      vertex 41.2 27.5 7.5
      vertex 41.2 27.6 3
    endloop
  endfacet
  facet normal 1 0 0
    outer loop
      vertex 41.2 26.4 3
      vertex 41.2 27.5 7.5
      vertex 41.2 26.4 7.5
    endloop
  endfacet
  facet normal 1 0 0
    outer loop
      vertex 41.2 27.5 7.5
      vertex 41.2 26.4 3
      vertex 41.2 27.6 3
    endloop
  endfacet
  facet normal 1 0 0
    outer loop
      vertex 41.2 9.75 10
      vertex 41.2 2.4 10
      vertex 41.2 9.75 7.5
    endloop
  endfacet
  facet normal 1 -0 0
    outer loop
      vertex 41.2 9.75 7.5
      vertex 41.2 13.6 3
      vertex 41.2 13.6 7.5
    endloop
  endfacet
  facet normal 1 0 0
    outer loop
      vertex 41.2 2.4 3
      vertex 41.2 9.75 7.5
      vertex 41.2 2.4 10
    endloop
  endfacet
  facet normal 1 0 0
    outer loop
      vertex 41.2 9.75 7.5
      vertex 41.2 2.4 3
      vertex 41.2 13.6 3
    endloop
  endfacet
  facet normal 1 0 0
    outer loop
      vertex 41.2 22.5 10
      vertex 41.2 20.25 10
      vertex 41.2 22.5 7.5
    endloop
  endfacet
  facet normal 1 -0 0
    outer loop
      vertex 41.2 22.5 7.5
      vertex 41.2 23.6 3
      vertex 41.2 23.6 7.5
    endloop
  endfacet
  facet normal 1 0 0
    outer loop
      vertex 41.2 20.25 7.5
      vertex 41.2 22.5 7.5
      vertex 41.2 20.25 10
    endloop
  endfacet
  facet normal 1 0 0
    outer loop
      vertex 41.2 22.5 7.5
      vertex 41.2 20.25 7.5
      vertex 41.2 23.6 3
    endloop
  endfacet
  facet normal 1 0 0
    outer loop
      vertex 41.2 16.4 3
      vertex 41.2 20.25 7.5
      vertex 41.2 16.4 7.5
    endloop
  endfacet
  facet normal 1 0 0
    outer loop
      vertex 41.2 20.25 7.5
      vertex 41.2 16.4 3
      vertex 41.2 23.6 3
    endloop
  endfacet
  facet normal 0 0 1
    outer loop
      vertex 41.2 9.75 10
      vertex 38.8 9.75 10
      vertex 41.2 2.4 10
    endloop
  endfacet
  facet normal 0 0 1
    outer loop
      vertex 101.2 9.75 10
      vertex 98.8 9.75 10
      vertex 101.2 2.4 10
    endloop
  endfacet
  facet normal 0 0 1
    outer loop
      vertex 161.2 9.75 10
      vertex 158.8 9.75 10
      vertex 161.2 2.4 10
    endloop
  endfacet
  facet normal -0 0 1
    outer loop
      vertex 161.2 2.4 10
      vertex 200 0 10
      vertex 200 2.4 10
    endloop
  endfacet
  facet normal 0 0 1
    outer loop
      vertex 158.8 2.4 10
      vertex 161.2 2.4 10
      vertex 158.8 9.75 10
    endloop
  endfacet
  facet normal -0 0 1
    outer loop
      vertex 158.8 2.4 10
      vertex 200 0 10
      vertex 161.2 2.4 10
    endloop
  endfacet
  facet normal -0 0 1
    outer loop
      vertex 101.2 2.4 10
      vertex 200 0 10
      vertex 158.8 2.4 10
    endloop
  endfacet
  facet normal 0 0 1
    outer loop
      vertex 98.8 2.4 10
      vertex 101.2 2.4 10
      vertex 98.8 9.75 10
    endloop
  endfacet
  facet normal -0 0 1
    outer loop
      vertex 98.8 2.4 10
      vertex 200 0 10
      vertex 101.2 2.4 10
    endloop
  endfacet
  facet normal 0 0 1
    outer loop
      vertex 0 0 10
      vertex 98.8 2.4 10
      vertex 41.2 2.4 10
    endloop
  endfacet
  facet normal 0 0 1
    outer loop
      vertex 38.8 2.4 10
      vertex 41.2 2.4 10
      vertex 38.8 9.75 10
    endloop
  endfacet
  facet normal 0 0 1
    outer loop
      vertex 0 0 10
      vertex 41.2 2.4 10
      vertex 38.8 2.4 10
    endloop
  endfacet
  facet normal 0 0 1
    outer loop
      vertex 0 0 10
      vertex 38.8 2.4 10
      vertex 0 2.4 10
    endloop
  endfacet
  facet normal 0 0 1
    outer loop
      vertex 98.8 2.4 10
      vertex 0 0 10
      vertex 200 0 10
    endloop
  endfacet
  facet normal 0 0 1
    outer loop
      vertex 200 30 10
      vertex 161.2 27.6 10
      vertex 200 27.6 10
    endloop
  endfacet
  facet normal 0 0 1
    outer loop
      vertex 161.2 27.6 10
      vertex 158.8 27.6 10
      vertex 161.2 27.5 10
    endloop
  endfacet
  facet normal 0 0 1
    outer loop
      vertex 200 30 10
      vertex 158.8 27.6 10
      vertex 161.2 27.6 10
    endloop
  endfacet
  facet normal 0 0 1
    outer loop
      vertex 200 30 10
      vertex 101.2 27.6 10
      vertex 158.8 27.6 10
    endloop
  endfacet
  facet normal 0 0 1
    outer loop
      vertex 101.2 27.6 10
      vertex 98.8 27.6 10
      vertex 101.2 27.5 10
    endloop
  endfacet
  facet normal 0 0 1
    outer loop
      vertex 200 30 10
      vertex 98.8 27.6 10
      vertex 101.2 27.6 10
    endloop
  endfacet
  facet normal -0 0 1
    outer loop
      vertex 0 30 10
      vertex 98.8 27.6 10
      vertex 200 30 10
    endloop
  endfacet
  facet normal 0 0 1
    outer loop
      vertex 41.2 27.6 10
      vertex 38.8 27.6 10
      vertex 41.2 27.5 10
    endloop
  endfacet
  facet normal 0 0 1
    outer loop
      vertex 98.8 27.6 10
      vertex 0 30 10
      vertex 41.2 27.6 10
    endloop
  endfacet
  facet normal 0 0 1
    outer loop
      vertex 41.2 27.6 10
      vertex 0 30 10
      vertex 38.8 27.6 10
    endloop
  endfacet
  facet normal 0 0 1
    outer loop
      vertex 38.8 27.6 10
      vertex 0 30 10
      vertex 0 27.6 10
    endloop
  endfacet
  facet normal 0 0 1
    outer loop
      vertex 161.2 27.5 10
      vertex 158.8 27.6 10
      vertex 158.8 27.5 10
    endloop
  endfacet
  facet normal 0 0 1
    outer loop
      vertex 101.2 27.5 10
      vertex 98.8 27.6 10
      vertex 98.8 27.5 10
    endloop
  endfacet
  facet normal 0 0 1
    outer loop
      vertex 41.2 27.5 10
      vertex 38.8 27.6 10
      vertex 38.8 27.5 10
    endloop
  endfacet
  facet normal -0 0 1
    outer loop
      vertex 38.8 22.5 10
      vertex 41.2 20.25 10
      vertex 41.2 22.5 10
    endloop
  endfacet
  facet normal 0 0 1
    outer loop
      vertex 41.2 20.25 10
      vertex 38.8 22.5 10
      vertex 38.8 20.25 10
    endloop
  endfacet
  facet normal -0 0 1
    outer loop
      vertex 98.8 22.5 10
      vertex 101.2 20.25 10
      vertex 101.2 22.5 10
    endloop
  endfacet
  facet normal 0 0 1
    outer loop
      vertex 101.2 20.25 10
      vertex 98.8 22.5 10
      vertex 98.8 20.25 10
    endloop
  endfacet
  facet normal -0 0 1
    outer loop
      vertex 158.8 22.5 10
      vertex 161.2 20.25 10
      vertex 161.2 22.5 10
    endloop
  endfacet
  facet normal 0 0 1
    outer loop
      vertex 161.2 20.25 10
      vertex 158.8 22.5 10
      vertex 158.8 20.25 10
    endloop
  endfacet
  facet normal -1 0 0
    outer loop
      vertex 38.8 27.6 3
      vertex 38.8 27.5 7.5
      vertex 38.8 27.6 10
    endloop
  endfacet
  facet normal -1 0 0
    outer loop
      vertex 38.8 26.4 3
      vertex 38.8 27.5 7.5
      vertex 38.8 27.6 3
    endloop
  endfacet
  facet normal -1 -0 0
    outer loop
      vertex 38.8 27.5 7.5
      vertex 38.8 26.4 3
      vertex 38.8 26.4 7.5
    endloop
  endfacet
  facet normal -1 -0 0
    outer loop
      vertex 38.8 27.6 10
      vertex 38.8 27.5 7.5
      vertex 38.8 27.5 10
    endloop
  endfacet
  facet normal -1 0 0
    outer loop
      vertex 38.8 13.6 3
      vertex 38.8 9.75 7.5
      vertex 38.8 13.6 7.5
    endloop
  endfacet
  facet normal -1 0 0
    outer loop
      vertex 38.8 2.4 3
      vertex 38.8 9.75 7.5
      vertex 38.8 13.6 3
    endloop
  endfacet
  facet normal -1 0 0
    outer loop
      vertex 38.8 2.4 10
      vertex 38.8 9.75 7.5
      vertex 38.8 2.4 3
    endloop
  endfacet
  facet normal -1 0 0
    outer loop
      vertex 38.8 9.75 7.5
      vertex 38.8 2.4 10
      vertex 38.8 9.75 10
    endloop
  endfacet
  facet normal -1 0 0
    outer loop
      vertex 38.8 23.6 3
      vertex 38.8 22.5 7.5
      vertex 38.8 23.6 7.5
    endloop
  endfacet
  facet normal -1 0 0
    outer loop
      vertex 38.8 22.5 7.5
      vertex 38.8 20.25 7.5
      vertex 38.8 22.5 10
    endloop
  endfacet
  facet normal -1 0 0
    outer loop
      vertex 38.8 23.6 3
      vertex 38.8 20.25 7.5
      vertex 38.8 22.5 7.5
    endloop
  endfacet
  facet normal -1 0 0
    outer loop
      vertex 38.8 16.4 3
      vertex 38.8 20.25 7.5
      vertex 38.8 23.6 3
    endloop
  endfacet
  facet normal -1 -0 0
    outer loop
      vertex 38.8 20.25 7.5
      vertex 38.8 16.4 3
      vertex 38.8 16.4 7.5
    endloop
  endfacet
  facet normal -1 -0 0
    outer loop
      vertex 38.8 22.5 10
      vertex 38.8 20.25 7.5
      vertex 38.8 20.25 10
    endloop
  endfacet
  facet normal 0 -1 0
    outer loop
      vertex 0 27.6 3
      vertex 38.8 27.6 10
      vertex 0 27.6 10
    endloop
  endfacet
  facet normal 0 -1 -0
    outer loop
      vertex 38.8 27.6 10
      vertex 0 27.6 3
      vertex 38.8 27.6 3
    endloop
  endfacet
  facet normal 0 -1 0
    outer loop
      vertex 161.2 27.6 3
      vertex 200 27.6 10
      vertex 161.2 27.6 10
    endloop
  endfacet
  facet normal 0 -1 -0
    outer loop
      vertex 200 27.6 10
      vertex 161.2 27.6 3
      vertex 200 27.6 3
    endloop
  endfacet
  facet normal 0 -1 0
    outer loop
      vertex 101.2 27.6 3
      vertex 158.8 27.6 10
      vertex 101.2 27.6 10
    endloop
  endfacet
  facet normal 0 -1 -0
    outer loop
      vertex 158.8 27.6 10
      vertex 101.2 27.6 3
      vertex 158.8 27.6 3
    endloop
  endfacet
  facet normal 0 -1 0
    outer loop
      vertex 41.2 27.6 3
      vertex 98.8 27.6 10
      vertex 41.2 27.6 10
    endloop
  endfacet
  facet normal 0 -1 -0
    outer loop
      vertex 98.8 27.6 10
      vertex 41.2 27.6 3
      vertex 98.8 27.6 3
    endloop
  endfacet
  facet normal 0 1 -0
    outer loop
      vertex 38.8 2.4 3
      vertex 0 2.4 10
      vertex 38.8 2.4 10
    endloop
  endfacet
  facet normal 0 1 0
    outer loop
      vertex 0 2.4 10
      vertex 38.8 2.4 3
      vertex 0 2.4 3
    endloop
  endfacet
  facet normal 0 1 -0
    outer loop
      vertex 200 2.4 3
      vertex 161.2 2.4 10
      vertex 200 2.4 10
    endloop
  endfacet
  facet normal 0 1 0
    outer loop
      vertex 161.2 2.4 10
      vertex 200 2.4 3
      vertex 161.2 2.4 3
    endloop
  endfacet
  facet normal 0 1 -0
    outer loop
      vertex 158.8 2.4 3
      vertex 101.2 2.4 10
      vertex 158.8 2.4 10
    endloop
  endfacet
  facet normal 0 1 0
    outer loop
      vertex 101.2 2.4 10
      vertex 158.8 2.4 3
      vertex 101.2 2.4 3
    endloop
  endfacet
  facet normal 0 1 -0
    outer loop
      vertex 98.8 2.4 3
      vertex 41.2 2.4 10
      vertex 98.8 2.4 10
    endloop
  endfacet
  facet normal 0 1 0
    outer loop
      vertex 41.2 2.4 10
      vertex 98.8 2.4 3
      vertex 41.2 2.4 3
    endloop
  endfacet
  facet normal 1 0 0
    outer loop
      vertex 101.2 27.5 7.5
      vertex 101.2 27.6 10
      vertex 101.2 27.5 10
    endloop
  endfacet
  facet normal 1 0 0
    outer loop
      vertex 101.2 27.6 10
      vertex 101.2 27.5 7.5
      vertex 101.2 27.6 3
    endloop
  endfacet
  facet normal 1 0 0
    outer loop
      vertex 101.2 26.4 3
      vertex 101.2 27.5 7.5
      vertex 101.2 26.4 7.5
    endloop
  endfacet
  facet normal 1 0 0
    outer loop
      vertex 101.2 27.5 7.5
      vertex 101.2 26.4 3
      vertex 101.2 27.6 3
    endloop
  endfacet
  facet normal 1 -0 0
    outer loop
      vertex 101.2 2.4 10
      vertex 101.2 9.75 7.5
      vertex 101.2 9.75 10
    endloop
  endfacet
  facet normal 1 0 0
    outer loop
      vertex 101.2 9.75 7.5
      vertex 101.2 5.28123 3.01
      vertex 101.2 8.71877 3.01
    endloop
  endfacet
  facet normal 1 0 0
    outer loop
      vertex 101.2 9.75 7.5
      vertex 101.2 2.4 10
      vertex 101.2 5.28123 3.01
    endloop
  endfacet
  facet normal 1 0 0
    outer loop
      vertex 101.2 2.4 3
      vertex 101.2 5.28123 3.01
      vertex 101.2 2.4 10
    endloop
  endfacet
  facet normal 1 0 0
    outer loop
      vertex 101.2 5.28123 3.01
      vertex 101.2 2.4 3
      vertex 101.2 5.28123 3
    endloop
  endfacet
  facet normal 1 -0 0
    outer loop
      vertex 101.2 9.75 7.5
      vertex 101.2 13.6 3
      vertex 101.2 13.6 7.5
    endloop
  endfacet
  facet normal 1 -0 0
    outer loop
      vertex 101.2 8.71877 3.01
      vertex 101.2 13.6 3
      vertex 101.2 9.75 7.5
    endloop
  endfacet
  facet normal 1 0 0
    outer loop
      vertex 101.2 13.6 3
      vertex 101.2 8.71877 3.01
      vertex 101.2 8.71877 3
    endloop
  endfacet
  facet normal 1 0 0
    outer loop
      vertex 101.2 22.5 10
      vertex 101.2 20.25 10
      vertex 101.2 22.5 7.5
    endloop
  endfacet
  facet normal 1 -0 0
    outer loop
      vertex 101.2 22.5 7.5
      vertex 101.2 23.6 3
      vertex 101.2 23.6 7.5
    endloop
  endfacet
  facet normal 1 0 0
    outer loop
      vertex 101.2 20.25 7.5
      vertex 101.2 22.5 7.5
      vertex 101.2 20.25 10
    endloop
  endfacet
  facet normal 1 0 0
    outer loop
      vertex 101.2 22.5 7.5
      vertex 101.2 20.25 7.5
      vertex 101.2 23.6 3
    endloop
  endfacet
  facet normal 1 0 0
    outer loop
      vertex 101.2 16.4 3
      vertex 101.2 20.25 7.5
      vertex 101.2 16.4 7.5
    endloop
  endfacet
  facet normal 1 0 0
    outer loop
      vertex 101.2 20.25 7.5
      vertex 101.2 16.4 3
      vertex 101.2 23.6 3
    endloop
  endfacet
  facet normal -1 0 0
    outer loop
      vertex 98.8 27.6 3
      vertex 98.8 27.5 7.5
      vertex 98.8 27.6 10
    endloop
  endfacet
  facet normal -1 0 0
    outer loop
      vertex 98.8 26.4 3
      vertex 98.8 27.5 7.5
      vertex 98.8 27.6 3
    endloop
  endfacet
  facet normal -1 -0 0
    outer loop
      vertex 98.8 27.5 7.5
      vertex 98.8 26.4 3
      vertex 98.8 26.4 7.5
    endloop
  endfacet
  facet normal -1 -0 0
    outer loop
      vertex 98.8 27.6 10
      vertex 98.8 27.5 7.5
      vertex 98.8 27.5 10
    endloop
  endfacet
  facet normal -1 0 0
    outer loop
      vertex 98.8 5.28123 3
      vertex 98.8 2.4 3
      vertex 98.8 5.28123 3.01
    endloop
  endfacet
  facet normal -1 0 0
    outer loop
      vertex 98.8 13.6 3
      vertex 98.8 9.75 7.5
      vertex 98.8 13.6 7.5
    endloop
  endfacet
  facet normal -1 0 0
    outer loop
      vertex 98.8 8.71877 3.01
      vertex 98.8 13.6 3
      vertex 98.8 8.71877 3
    endloop
  endfacet
  facet normal -1 0 0
    outer loop
      vertex 98.8 13.6 3
      vertex 98.8 8.71877 3.01
      vertex 98.8 9.75 7.5
    endloop
  endfacet
  facet normal -1 0 0
    outer loop
      vertex 98.8 5.28123 3.01
      vertex 98.8 9.75 7.5
      vertex 98.8 8.71877 3.01
    endloop
  endfacet
  facet normal -1 0 0
    outer loop
      vertex 98.8 2.4 10
      vertex 98.8 9.75 7.5
      vertex 98.8 5.28123 3.01
    endloop
  endfacet
  facet normal -1 0 0
    outer loop
      vertex 98.8 2.4 10
      vertex 98.8 5.28123 3.01
      vertex 98.8 2.4 3
    endloop
  endfacet
  facet normal -1 0 0
    outer loop
      vertex 98.8 9.75 7.5
      vertex 98.8 2.4 10
      vertex 98.8 9.75 10
    endloop
  endfacet
  facet normal -1 0 0
    outer loop
      vertex 98.8 23.6 3
      vertex 98.8 22.5 7.5
      vertex 98.8 23.6 7.5
    endloop
  endfacet
  facet normal -1 0 0
    outer loop
      vertex 98.8 22.5 7.5
      vertex 98.8 20.25 7.5
      vertex 98.8 22.5 10
    endloop
  endfacet
  facet normal -1 0 0
    outer loop
      vertex 98.8 23.6 3
      vertex 98.8 20.25 7.5
      vertex 98.8 22.5 7.5
    endloop
  endfacet
  facet normal -1 0 0
    outer loop
      vertex 98.8 16.4 3
      vertex 98.8 20.25 7.5
      vertex 98.8 23.6 3
    endloop
  endfacet
  facet normal -1 -0 0
    outer loop
      vertex 98.8 20.25 7.5
      vertex 98.8 16.4 3
      vertex 98.8 16.4 7.5
    endloop
  endfacet
  facet normal -1 -0 0
    outer loop
      vertex 98.8 22.5 10
      vertex 98.8 20.25 7.5
      vertex 98.8 20.25 10
    endloop
  endfacet
  facet normal 1 0 0
    outer loop
      vertex 161.2 27.5 7.5
      vertex 161.2 27.6 10
      vertex 161.2 27.5 10
    endloop
  endfacet
  facet normal 1 0 0
    outer loop
      vertex 161.2 27.6 10
      vertex 161.2 27.5 7.5
      vertex 161.2 27.6 3
    endloop
  endfacet
  facet normal 1 0 0
    outer loop
      vertex 161.2 26.4 3
      vertex 161.2 27.5 7.5
      vertex 161.2 26.4 7.5
    endloop
  endfacet
  facet normal 1 0 0
    outer loop
      vertex 161.2 27.5 7.5
      vertex 161.2 26.4 3
      vertex 161.2 27.6 3
    endloop
  endfacet
  facet normal 1 0 0
    outer loop
      vertex 161.2 9.75 10
      vertex 161.2 2.4 10
      vertex 161.2 9.75 7.5
    endloop
  endfacet
  facet normal 1 -0 0
    outer loop
      vertex 161.2 9.75 7.5
      vertex 161.2 13.6 3
      vertex 161.2 13.6 7.5
    endloop
  endfacet
  facet normal 1 0 0
    outer loop
      vertex 161.2 2.4 3
      vertex 161.2 9.75 7.5
      vertex 161.2 2.4 10
    endloop
  endfacet
  facet normal 1 0 0
    outer loop
      vertex 161.2 9.75 7.5
      vertex 161.2 2.4 3
      vertex 161.2 13.6 3
    endloop
  endfacet
  facet normal 1 0 0
    outer loop
      vertex 161.2 22.5 10
      vertex 161.2 20.25 10
      vertex 161.2 22.5 7.5
    endloop
  endfacet
  facet normal 1 -0 0
    outer loop
      vertex 161.2 22.5 7.5
      vertex 161.2 23.6 3
      vertex 161.2 23.6 7.5
    endloop
  endfacet
  facet normal 1 0 0
    outer loop
      vertex 161.2 20.25 7.5
      vertex 161.2 22.5 7.5
      vertex 161.2 20.25 10
    endloop
  endfacet
  facet normal 1 0 0
    outer loop
      vertex 161.2 22.5 7.5
      vertex 161.2 20.25 7.5
      vertex 161.2 23.6 3
    endloop
  endfacet
  facet normal 1 0 0
    outer loop
      vertex 161.2 16.4 3
      vertex 161.2 20.25 7.5
      vertex 161.2 16.4 7.5
    endloop
  endfacet
  facet normal 1 0 0
    outer loop
      vertex 161.2 20.25 7.5
      vertex 161.2 16.4 3
      vertex 161.2 23.6 3
    endloop
  endfacet
  facet normal -1 0 0
    outer loop
      vertex 158.8 27.6 3
      vertex 158.8 27.5 7.5
      vertex 158.8 27.6 10
    endloop
  endfacet
  facet normal -1 0 0
    outer loop
      vertex 158.8 26.4 3
      vertex 158.8 27.5 7.5
      vertex 158.8 27.6 3
    endloop
  endfacet
  facet normal -1 -0 0
    outer loop
      vertex 158.8 27.5 7.5
      vertex 158.8 26.4 3
      vertex 158.8 26.4 7.5
    endloop
  endfacet
  facet normal -1 -0 0
    outer loop
      vertex 158.8 27.6 10
      vertex 158.8 27.5 7.5
      vertex 158.8 27.5 10
    endloop
  endfacet
  facet normal -1 0 0
    outer loop
      vertex 158.8 13.6 3
      vertex 158.8 9.75 7.5
      vertex 158.8 13.6 7.5
    endloop
  endfacet
  facet normal -1 0 0
    outer loop
      vertex 158.8 2.4 3
      vertex 158.8 9.75 7.5
      vertex 158.8 13.6 3
    endloop
  endfacet
  facet normal -1 0 0
    outer loop
      vertex 158.8 2.4 10
      vertex 158.8 9.75 7.5
      vertex 158.8 2.4 3
    endloop
  endfacet
  facet normal -1 0 0
    outer loop
      vertex 158.8 9.75 7.5
      vertex 158.8 2.4 10
      vertex 158.8 9.75 10
    endloop
  endfacet
  facet normal -1 0 0
    outer loop
      vertex 158.8 23.6 3
      vertex 158.8 22.5 7.5
      vertex 158.8 23.6 7.5
    endloop
  endfacet
  facet normal -1 0 0
    outer loop
      vertex 158.8 22.5 7.5
      vertex 158.8 20.25 7.5
      vertex 158.8 22.5 10
    endloop
  endfacet
  facet normal -1 0 0
    outer loop
      vertex 158.8 23.6 3
      vertex 158.8 20.25 7.5
      vertex 158.8 22.5 7.5
    endloop
  endfacet
  facet normal -1 0 0
    outer loop
      vertex 158.8 16.4 3
      vertex 158.8 20.25 7.5
      vertex 158.8 23.6 3
    endloop
  endfacet
  facet normal -1 -0 0
    outer loop
      vertex 158.8 20.25 7.5
      vertex 158.8 16.4 3
      vertex 158.8 16.4 7.5
    endloop
  endfacet
  facet normal -1 -0 0
    outer loop
      vertex 158.8 22.5 10
      vertex 158.8 20.25 7.5
      vertex 158.8 20.25 10
    endloop
  endfacet
  facet normal 1 0 0
    outer loop
      vertex 200 2.4 10
      vertex 200 0 10
      vertex 200 2.4 3
    endloop
  endfacet
  facet normal 1 0 0
    outer loop
      vertex 200 10.0517 10.01
      vertex 200 19.9483 10.01
      vertex 200 21.5 14
    endloop
  endfacet
  facet normal 1 0 0
    outer loop
      vertex 200 16.4 7.5
      vertex 200 13.6 7.5
      vertex 200 16.4 3
    endloop
  endfacet
  facet normal 1 0 0
    outer loop
      vertex 200 19.9483 10.01
      vertex 200 10.0517 10.01
      vertex 200 16.4 7.5
    endloop
  endfacet
  facet normal 1 0 0
    outer loop
      vertex 200 16.4 7.5
      vertex 200 10.0517 10.01
      vertex 200 13.6 7.5
    endloop
  endfacet
  facet normal 1 0 -0
    outer loop
      vertex 200 10.0517 10.01
      vertex 200 21.5 14
      vertex 200 8.5 14
    endloop
  endfacet
  facet normal 1 -0 0
    outer loop
      vertex 200 19.9483 10.01
      vertex 200 20.25 7.5
      vertex 200 20.25 10.01
    endloop
  endfacet
  facet normal 1 0 0
    outer loop
      vertex 200 20.25 7.5
      vertex 200 19.9483 10.01
      vertex 200 16.4 7.5
    endloop
  endfacet
  facet normal 1 0 0
    outer loop
      vertex 200 27.5 10.01
      vertex 200 26.4 7.5
      vertex 200 27.5 7.5
    endloop
  endfacet
  facet normal 1 0 0
    outer loop
      vertex 200 26.4 7.5
      vertex 200 23.6 7.5
      vertex 200 26.4 3
    endloop
  endfacet
  facet normal 1 0 0
    outer loop
      vertex 200 27.5 10.01
      vertex 200 23.6 7.5
      vertex 200 26.4 7.5
    endloop
  endfacet
  facet normal 1 -0 0
    outer loop
      vertex 200 22.5 10.01
      vertex 200 23.6 7.5
      vertex 200 27.5 10.01
    endloop
  endfacet
  facet normal 1 0 0
    outer loop
      vertex 200 23.6 7.5
      vertex 200 22.5 10.01
      vertex 200 22.5 7.5
    endloop
  endfacet
  facet normal 1 0 0
    outer loop
      vertex 200 27.6 3
      vertex 200 30 10
      vertex 200 27.6 10
    endloop
  endfacet
  facet normal 1 0 0
    outer loop
      vertex 200 30 10
      vertex 200 27.6 3
      vertex 200 30 0
    endloop
  endfacet
  facet normal 1 -0 0
    outer loop
      vertex 200 26.4 3
      vertex 200 30 0
      vertex 200 27.6 3
    endloop
  endfacet
  facet normal 1 0 0
    outer loop
      vertex 200 23.6 3
      vertex 200 26.4 3
      vertex 200 23.6 7.5
    endloop
  endfacet
  facet normal 1 -0 0
    outer loop
      vertex 200 23.6 3
      vertex 200 30 0
      vertex 200 26.4 3
    endloop
  endfacet
  facet normal 1 -0 0
    outer loop
      vertex 200 16.4 3
      vertex 200 30 0
      vertex 200 23.6 3
    endloop
  endfacet
  facet normal 1 0 0
    outer loop
      vertex 200 13.6 3
      vertex 200 16.4 3
      vertex 200 13.6 7.5
    endloop
  endfacet
  facet normal 1 -0 0
    outer loop
      vertex 200 13.6 3
      vertex 200 30 0
      vertex 200 16.4 3
    endloop
  endfacet
  facet normal 1 0 0
    outer loop
      vertex 200 0 0
      vertex 200 13.6 3
      vertex 200 2.4 3
    endloop
  endfacet
  facet normal 1 0 0
    outer loop
      vertex 200 13.6 3
      vertex 200 0 0
      vertex 200 30 0
    endloop
  endfacet
  facet normal 1 0 0
    outer loop
      vertex 200 0 0
      vertex 200 2.4 3
      vertex 200 0 10
    endloop
  endfacet
  facet normal 1 0 0
    outer loop
      vertex 200 9.75 7.5
      vertex 200 10.0517 10.01
      vertex 200 9.75 10.01
    endloop
  endfacet
  facet normal 1 0 0
    outer loop
      vertex 200 10.0517 10.01
      vertex 200 9.75 7.5
      vertex 200 13.6 7.5
    endloop
  endfacet
  facet normal -0 0 1
    outer loop
      vertex 0 27.6 3
      vertex 38.8 26.4 3
      vertex 38.8 27.6 3
    endloop
  endfacet
  facet normal 0 0 1
    outer loop
      vertex 38.8 26.4 3
      vertex 0 27.6 3
      vertex 0 26.4 3
    endloop
  endfacet
  facet normal -0 0 1
    outer loop
      vertex 161.2 27.6 3
      vertex 200 26.4 3
      vertex 200 27.6 3
    endloop
  endfacet
  facet normal 0 0 1
    outer loop
      vertex 200 26.4 3
      vertex 161.2 27.6 3
      vertex 161.2 26.4 3
    endloop
  endfacet
  facet normal -0 0 1
    outer loop
      vertex 0 23.6 3
      vertex 38.8 16.4 3
      vertex 38.8 23.6 3
    endloop
  endfacet
  facet normal 0 0 1
    outer loop
      vertex 38.8 16.4 3
      vertex 0 23.6 3
      vertex 0 16.4 3
    endloop
  endfacet
  facet normal -0 0 1
    outer loop
      vertex 22.0834 7.2632 3
      vertex 38.8 2.4 3
      vertex 38.8 13.6 3
    endloop
  endfacet
  facet normal 0 0 1
    outer loop
      vertex 38.8 2.4 3
      vertex 22.0834 7.2632 3
      vertex 22.1 7 3
    endloop
  endfacet
  facet normal 0 0 1
    outer loop
      vertex 38.8 13.6 3
      vertex 22.034 7.52225 3
      vertex 22.0834 7.2632 3
    endloop
  endfacet
  facet normal 0 0 1
    outer loop
      vertex 38.8 13.6 3
      vertex 21.9525 7.77306 3
      vertex 22.034 7.52225 3
    endloop
  endfacet
  facet normal 0 0 1
    outer loop
      vertex 38.8 13.6 3
      vertex 21.8402 8.01168 3
      vertex 21.9525 7.77306 3
    endloop
  endfacet
  facet normal 0 0 1
    outer loop
      vertex 38.8 13.6 3
      vertex 21.6989 8.23435 3
      vertex 21.8402 8.01168 3
    endloop
  endfacet
  facet normal 0 0 1
    outer loop
      vertex 38.8 13.6 3
      vertex 21.5308 8.43755 3
      vertex 21.6989 8.23435 3
    endloop
  endfacet
  facet normal 0 0 1
    outer loop
      vertex 38.8 13.6 3
      vertex 21.3386 8.61808 3
      vertex 21.5308 8.43755 3
    endloop
  endfacet
  facet normal 0 0 1
    outer loop
      vertex 38.8 13.6 3
      vertex 21.1252 8.77309 3
      vertex 21.3386 8.61808 3
    endloop
  endfacet
  facet normal 0 0 1
    outer loop
      vertex 38.8 13.6 3
      vertex 20.8941 8.90014 3
      vertex 21.1252 8.77309 3
    endloop
  endfacet
  facet normal 0 0 1
    outer loop
      vertex 38.8 13.6 3
      vertex 20.6489 8.99722 3
      vertex 20.8941 8.90014 3
    endloop
  endfacet
  facet normal 0 0 1
    outer loop
      vertex 38.8 13.6 3
      vertex 20.3935 9.0628 3
      vertex 20.6489 8.99722 3
    endloop
  endfacet
  facet normal 0 0 1
    outer loop
      vertex 38.8 13.6 3
      vertex 20.1319 9.09586 3
      vertex 20.3935 9.0628 3
    endloop
  endfacet
  facet normal 0 0 1
    outer loop
      vertex 38.8 13.6 3
      vertex 19.8681 9.09586 3
      vertex 20.1319 9.09586 3
    endloop
  endfacet
  facet normal -0 0 1
    outer loop
      vertex 0 13.6 3
      vertex 19.8681 9.09586 3
      vertex 38.8 13.6 3
    endloop
  endfacet
  facet normal 0 0 1
    outer loop
      vertex 0 2.4 3
      vertex 17.9166 7.2632 3
      vertex 0 13.6 3
    endloop
  endfacet
  facet normal 0 0 1
    outer loop
      vertex 17.966 7.52225 3
      vertex 0 13.6 3
      vertex 17.9166 7.2632 3
    endloop
  endfacet
  facet normal 0 0 1
    outer loop
      vertex 18.0475 7.77306 3
      vertex 0 13.6 3
      vertex 17.966 7.52225 3
    endloop
  endfacet
  facet normal 0 0 1
    outer loop
      vertex 18.1598 8.01168 3
      vertex 0 13.6 3
      vertex 18.0475 7.77306 3
    endloop
  endfacet
  facet normal 0 0 1
    outer loop
      vertex 18.3011 8.23435 3
      vertex 0 13.6 3
      vertex 18.1598 8.01168 3
    endloop
  endfacet
  facet normal 0 0 1
    outer loop
      vertex 18.4692 8.43755 3
      vertex 0 13.6 3
      vertex 18.3011 8.23435 3
    endloop
  endfacet
  facet normal 0 0 1
    outer loop
      vertex 18.6614 8.61808 3
      vertex 0 13.6 3
      vertex 18.4692 8.43755 3
    endloop
  endfacet
  facet normal 0 0 1
    outer loop
      vertex 18.8748 8.77309 3
      vertex 0 13.6 3
      vertex 18.6614 8.61808 3
    endloop
  endfacet
  facet normal 0 0 1
    outer loop
      vertex 19.1059 8.90014 3
      vertex 0 13.6 3
      vertex 18.8748 8.77309 3
    endloop
  endfacet
  facet normal 0 0 1
    outer loop
      vertex 19.3511 8.99722 3
      vertex 0 13.6 3
      vertex 19.1059 8.90014 3
    endloop
  endfacet
  facet normal 0 0 1
    outer loop
      vertex 19.6065 9.0628 3
      vertex 0 13.6 3
      vertex 19.3511 8.99722 3
    endloop
  endfacet
  facet normal 0 0 1
    outer loop
      vertex 19.8681 9.09586 3
      vertex 0 13.6 3
      vertex 19.6065 9.0628 3
    endloop
  endfacet
  facet normal -0 0 1
    outer loop
      vertex 22.0834 6.7368 3
      vertex 38.8 2.4 3
      vertex 22.1 7 3
    endloop
  endfacet
  facet normal -0 0 1
    outer loop
      vertex 22.034 6.47775 3
      vertex 38.8 2.4 3
      vertex 22.0834 6.7368 3
    endloop
  endfacet
  facet normal -0 0 1
    outer loop
      vertex 21.9525 6.22694 3
      vertex 38.8 2.4 3
      vertex 22.034 6.47775 3
    endloop
  endfacet
  facet normal -0 0 1
    outer loop
      vertex 21.8402 5.98832 3
      vertex 38.8 2.4 3
      vertex 21.9525 6.22694 3
    endloop
  endfacet
  facet normal -0 0 1
    outer loop
      vertex 21.6989 5.76565 3
      vertex 38.8 2.4 3
      vertex 21.8402 5.98832 3
    endloop
  endfacet
  facet normal -0 0 1
    outer loop
      vertex 21.5308 5.56245 3
      vertex 38.8 2.4 3
      vertex 21.6989 5.76565 3
    endloop
  endfacet
  facet normal -0 0 1
    outer loop
      vertex 21.3386 5.38192 3
      vertex 38.8 2.4 3
      vertex 21.5308 5.56245 3
    endloop
  endfacet
  facet normal -0 0 1
    outer loop
      vertex 21.1252 5.22691 3
      vertex 38.8 2.4 3
      vertex 21.3386 5.38192 3
    endloop
  endfacet
  facet normal -0 0 1
    outer loop
      vertex 20.8941 5.09986 3
      vertex 38.8 2.4 3
      vertex 21.1252 5.22691 3
    endloop
  endfacet
  facet normal -0 0 1
    outer loop
      vertex 20.6489 5.00278 3
      vertex 38.8 2.4 3
      vertex 20.8941 5.09986 3
    endloop
  endfacet
  facet normal -0 0 1
    outer loop
      vertex 20.3935 4.9372 3
      vertex 38.8 2.4 3
      vertex 20.6489 5.00278 3
    endloop
  endfacet
  facet normal -0 0 1
    outer loop
      vertex 20.1319 4.90414 3
      vertex 38.8 2.4 3
      vertex 20.3935 4.9372 3
    endloop
  endfacet
  facet normal -0 0 1
    outer loop
      vertex 19.8681 4.90414 3
      vertex 38.8 2.4 3
      vertex 20.1319 4.90414 3
    endloop
  endfacet
  facet normal 0 0 1
    outer loop
      vertex 0 2.4 3
      vertex 19.8681 4.90414 3
      vertex 19.6065 4.9372 3
    endloop
  endfacet
  facet normal 0 0 1
    outer loop
      vertex 17.9166 7.2632 3
      vertex 0 2.4 3
      vertex 17.9 7 3
    endloop
  endfacet
  facet normal 0 0 1
    outer loop
      vertex 17.9 7 3
      vertex 0 2.4 3
      vertex 17.9166 6.7368 3
    endloop
  endfacet
  facet normal 0 0 1
    outer loop
      vertex 17.9166 6.7368 3
      vertex 0 2.4 3
      vertex 17.966 6.47775 3
    endloop
  endfacet
  facet normal 0 0 1
    outer loop
      vertex 17.966 6.47775 3
      vertex 0 2.4 3
      vertex 18.0475 6.22694 3
    endloop
  endfacet
  facet normal 0 0 1
    outer loop
      vertex 18.0475 6.22694 3
      vertex 0 2.4 3
      vertex 18.1598 5.98832 3
    endloop
  endfacet
  facet normal 0 0 1
    outer loop
      vertex 18.1598 5.98832 3
      vertex 0 2.4 3
      vertex 18.3011 5.76565 3
    endloop
  endfacet
  facet normal 0 0 1
    outer loop
      vertex 18.3011 5.76565 3
      vertex 0 2.4 3
      vertex 18.4692 5.56245 3
    endloop
  endfacet
  facet normal 0 0 1
    outer loop
      vertex 18.4692 5.56245 3
      vertex 0 2.4 3
      vertex 18.6614 5.38192 3
    endloop
  endfacet
  facet normal 0 0 1
    outer loop
      vertex 18.6614 5.38192 3
      vertex 0 2.4 3
      vertex 18.8748 5.22691 3
    endloop
  endfacet
  facet normal 0 0 1
    outer loop
      vertex 19.8681 4.90414 3
      vertex 0 2.4 3
      vertex 38.8 2.4 3
    endloop
  endfacet
  facet normal 0 0 1
    outer loop
      vertex 19.3511 5.00278 3
      vertex 0 2.4 3
      vertex 19.6065 4.9372 3
    endloop
  endfacet
  facet normal 0 0 1
    outer loop
      vertex 19.1059 5.09986 3
      vertex 0 2.4 3
      vertex 19.3511 5.00278 3
    endloop
  endfacet
  facet normal 0 0 1
    outer loop
      vertex 18.8748 5.22691 3
      vertex 0 2.4 3
      vertex 19.1059 5.09986 3
    endloop
  endfacet
  facet normal -0 0 1
    outer loop
      vertex 161.2 23.6 3
      vertex 200 16.4 3
      vertex 200 23.6 3
    endloop
  endfacet
  facet normal 0 0 1
    outer loop
      vertex 200 16.4 3
      vertex 161.2 23.6 3
      vertex 161.2 16.4 3
    endloop
  endfacet
  facet normal -0 0 1
    outer loop
      vertex 182.083 7.2632 3
      vertex 200 2.4 3
      vertex 200 13.6 3
    endloop
  endfacet
  facet normal 0 0 1
    outer loop
      vertex 200 2.4 3
      vertex 182.083 7.2632 3
      vertex 182.1 7 3
    endloop
  endfacet
  facet normal 0 0 1
    outer loop
      vertex 200 13.6 3
      vertex 182.034 7.52225 3
      vertex 182.083 7.2632 3
    endloop
  endfacet
  facet normal 0 0 1
    outer loop
      vertex 200 13.6 3
      vertex 181.953 7.77306 3
      vertex 182.034 7.52225 3
    endloop
  endfacet
  facet normal 0 0 1
    outer loop
      vertex 200 13.6 3
      vertex 181.84 8.01168 3
      vertex 181.953 7.77306 3
    endloop
  endfacet
  facet normal 0 0 1
    outer loop
      vertex 200 13.6 3
      vertex 181.699 8.23435 3
      vertex 181.84 8.01168 3
    endloop
  endfacet
  facet normal 0 0 1
    outer loop
      vertex 200 13.6 3
      vertex 181.531 8.43755 3
      vertex 181.699 8.23435 3
    endloop
  endfacet
  facet normal 0 0 1
    outer loop
      vertex 200 13.6 3
      vertex 181.339 8.61808 3
      vertex 181.531 8.43755 3
    endloop
  endfacet
  facet normal 0 0 1
    outer loop
      vertex 200 13.6 3
      vertex 181.125 8.77309 3
      vertex 181.339 8.61808 3
    endloop
  endfacet
  facet normal 0 0 1
    outer loop
      vertex 200 13.6 3
      vertex 180.894 8.90014 3
      vertex 181.125 8.77309 3
    endloop
  endfacet
  facet normal 0 0 1
    outer loop
      vertex 200 13.6 3
      vertex 180.649 8.99722 3
      vertex 180.894 8.90014 3
    endloop
  endfacet
  facet normal 0 0 1
    outer loop
      vertex 200 13.6 3
      vertex 180.393 9.0628 3
      vertex 180.649 8.99722 3
    endloop
  endfacet
  facet normal 0 0 1
    outer loop
      vertex 200 13.6 3
      vertex 180.132 9.09586 3
      vertex 180.393 9.0628 3
    endloop
  endfacet
  facet normal -0 0 1
    outer loop
      vertex 161.2 13.6 3
      vertex 180.132 9.09586 3
      vertex 200 13.6 3
    endloop
  endfacet
  facet normal 0 0 1
    outer loop
      vertex 180.132 9.09586 3
      vertex 161.2 13.6 3
      vertex 179.868 9.09586 3
    endloop
  endfacet
  facet normal 0 0 1
    outer loop
      vertex 161.2 2.4 3
      vertex 177.917 7.2632 3
      vertex 161.2 13.6 3
    endloop
  endfacet
  facet normal 0 0 1
    outer loop
      vertex 177.966 7.52225 3
      vertex 161.2 13.6 3
      vertex 177.917 7.2632 3
    endloop
  endfacet
  facet normal 0 0 1
    outer loop
      vertex 178.047 7.77306 3
      vertex 161.2 13.6 3
      vertex 177.966 7.52225 3
    endloop
  endfacet
  facet normal 0 0 1
    outer loop
      vertex 178.16 8.01168 3
      vertex 161.2 13.6 3
      vertex 178.047 7.77306 3
    endloop
  endfacet
  facet normal 0 0 1
    outer loop
      vertex 178.301 8.23435 3
      vertex 161.2 13.6 3
      vertex 178.16 8.01168 3
    endloop
  endfacet
  facet normal 0 0 1
    outer loop
      vertex 178.469 8.43755 3
      vertex 161.2 13.6 3
      vertex 178.301 8.23435 3
    endloop
  endfacet
  facet normal 0 0 1
    outer loop
      vertex 178.661 8.61808 3
      vertex 161.2 13.6 3
      vertex 178.469 8.43755 3
    endloop
  endfacet
  facet normal 0 0 1
    outer loop
      vertex 178.875 8.77309 3
      vertex 161.2 13.6 3
      vertex 178.661 8.61808 3
    endloop
  endfacet
  facet normal 0 0 1
    outer loop
      vertex 179.106 8.90014 3
      vertex 161.2 13.6 3
      vertex 178.875 8.77309 3
    endloop
  endfacet
  facet normal 0 0 1
    outer loop
      vertex 179.351 8.99722 3
      vertex 161.2 13.6 3
      vertex 179.106 8.90014 3
    endloop
  endfacet
  facet normal 0 0 1
    outer loop
      vertex 179.607 9.0628 3
      vertex 161.2 13.6 3
      vertex 179.351 8.99722 3
    endloop
  endfacet
  facet normal 0 0 1
    outer loop
      vertex 179.868 9.09586 3
      vertex 161.2 13.6 3
      vertex 179.607 9.0628 3
    endloop
  endfacet
  facet normal -0 0 1
    outer loop
      vertex 182.083 6.7368 3
      vertex 200 2.4 3
      vertex 182.1 7 3
    endloop
  endfacet
  facet normal -0 0 1
    outer loop
      vertex 182.034 6.47775 3
      vertex 200 2.4 3
      vertex 182.083 6.7368 3
    endloop
  endfacet
  facet normal -0 0 1
    outer loop
      vertex 181.953 6.22694 3
      vertex 200 2.4 3
      vertex 182.034 6.47775 3
    endloop
  endfacet
  facet normal -0 0 1
    outer loop
      vertex 181.84 5.98832 3
      vertex 200 2.4 3
      vertex 181.953 6.22694 3
    endloop
  endfacet
  facet normal -0 0 1
    outer loop
      vertex 181.699 5.76565 3
      vertex 200 2.4 3
      vertex 181.84 5.98832 3
    endloop
  endfacet
  facet normal -0 0 1
    outer loop
      vertex 181.531 5.56245 3
      vertex 200 2.4 3
      vertex 181.699 5.76565 3
    endloop
  endfacet
  facet normal -0 0 1
    outer loop
      vertex 181.339 5.38192 3
      vertex 200 2.4 3
      vertex 181.531 5.56245 3
    endloop
  endfacet
  facet normal -0 0 1
    outer loop
      vertex 181.125 5.22691 3
      vertex 200 2.4 3
      vertex 181.339 5.38192 3
    endloop
  endfacet
  facet normal -0 0 1
    outer loop
      vertex 180.894 5.09986 3
      vertex 200 2.4 3
      vertex 181.125 5.22691 3
    endloop
  endfacet
  facet normal -0 0 1
    outer loop
      vertex 180.649 5.00278 3
      vertex 200 2.4 3
      vertex 180.894 5.09986 3
    endloop
  endfacet
  facet normal -0 0 1
    outer loop
      vertex 180.393 4.9372 3
      vertex 200 2.4 3
      vertex 180.649 5.00278 3
    endloop
  endfacet
  facet normal -0 0 1
    outer loop
      vertex 180.132 4.90414 3
      vertex 200 2.4 3
      vertex 180.393 4.9372 3
    endloop
  endfacet
  facet normal -0 0 1
    outer loop
      vertex 179.868 4.90414 3
      vertex 200 2.4 3
      vertex 180.132 4.90414 3
    endloop
  endfacet
  facet normal 0 0 1
    outer loop
      vertex 177.917 7.2632 3
      vertex 161.2 2.4 3
      vertex 177.9 7 3
    endloop
  endfacet
  facet normal 0 0 1
    outer loop
      vertex 177.9 7 3
      vertex 161.2 2.4 3
      vertex 177.917 6.7368 3
    endloop
  endfacet
  facet normal 0 0 1
    outer loop
      vertex 177.917 6.7368 3
      vertex 161.2 2.4 3
      vertex 177.966 6.47775 3
    endloop
  endfacet
  facet normal 0 0 1
    outer loop
      vertex 177.966 6.47775 3
      vertex 161.2 2.4 3
      vertex 178.047 6.22694 3
    endloop
  endfacet
  facet normal 0 0 1
    outer loop
      vertex 178.047 6.22694 3
      vertex 161.2 2.4 3
      vertex 178.16 5.98832 3
    endloop
  endfacet
  facet normal 0 0 1
    outer loop
      vertex 178.16 5.98832 3
      vertex 161.2 2.4 3
      vertex 178.301 5.76565 3
    endloop
  endfacet
  facet normal 0 0 1
    outer loop
      vertex 178.301 5.76565 3
      vertex 161.2 2.4 3
      vertex 178.469 5.56245 3
    endloop
  endfacet
  facet normal 0 0 1
    outer loop
      vertex 178.469 5.56245 3
      vertex 161.2 2.4 3
      vertex 178.661 5.38192 3
    endloop
  endfacet
  facet normal 0 0 1
    outer loop
      vertex 178.661 5.38192 3
      vertex 161.2 2.4 3
      vertex 178.875 5.22691 3
    endloop
  endfacet
  facet normal 0 0 1
    outer loop
      vertex 179.868 4.90414 3
      vertex 161.2 2.4 3
      vertex 200 2.4 3
    endloop
  endfacet
  facet normal 0 0 1
    outer loop
      vertex 179.607 4.9372 3
      vertex 161.2 2.4 3
      vertex 179.868 4.90414 3
    endloop
  endfacet
  facet normal 0 0 1
    outer loop
      vertex 179.351 5.00278 3
      vertex 161.2 2.4 3
      vertex 179.607 4.9372 3
    endloop
  endfacet
  facet normal 0 0 1
    outer loop
      vertex 179.106 5.09986 3
      vertex 161.2 2.4 3
      vertex 179.351 5.00278 3
    endloop
  endfacet
  facet normal 0 0 1
    outer loop
      vertex 178.875 5.22691 3
      vertex 161.2 2.4 3
      vertex 179.106 5.09986 3
    endloop
  endfacet
  facet normal -0 0 1
    outer loop
      vertex 41.2 27.6 3
      vertex 98.8 26.4 3
      vertex 98.8 27.6 3
    endloop
  endfacet
  facet normal 0 0 1
    outer loop
      vertex 98.8 26.4 3
      vertex 41.2 27.6 3
      vertex 41.2 26.4 3
    endloop
  endfacet
  facet normal -0 0 1
    outer loop
      vertex 101.2 27.6 3
      vertex 158.8 26.4 3
      vertex 158.8 27.6 3
    endloop
  endfacet
  facet normal 0 0 1
    outer loop
      vertex 158.8 26.4 3
      vertex 101.2 27.6 3
      vertex 101.2 26.4 3
    endloop
  endfacet
  facet normal -0 0 1
    outer loop
      vertex 41.2 23.6 3
      vertex 98.8 16.4 3
      vertex 98.8 23.6 3
    endloop
  endfacet
  facet normal 0 0 1
    outer loop
      vertex 98.8 16.4 3
      vertex 41.2 23.6 3
      vertex 41.2 16.4 3
    endloop
  endfacet
  facet normal -0 0 1
    outer loop
      vertex 101.2 23.6 3
      vertex 158.8 16.4 3
      vertex 158.8 23.6 3
    endloop
  endfacet
  facet normal 0 0 1
    outer loop
      vertex 158.8 16.4 3
      vertex 101.2 23.6 3
      vertex 101.2 16.4 3
    endloop
  endfacet
  facet normal 0 0 1
    outer loop
      vertex 98.8 13.6 3
      vertex 98.6614 8.61808 3
      vertex 98.8 8.71877 3
    endloop
  endfacet
  facet normal 0 0 1
    outer loop
      vertex 98.8 13.6 3
      vertex 98.4692 8.43755 3
      vertex 98.6614 8.61808 3
    endloop
  endfacet
  facet normal 0 0 1
    outer loop
      vertex 98.8 13.6 3
      vertex 98.3011 8.23435 3
      vertex 98.4692 8.43755 3
    endloop
  endfacet
  facet normal 0 0 1
    outer loop
      vertex 98.8 13.6 3
      vertex 98.1598 8.01168 3
      vertex 98.3011 8.23435 3
    endloop
  endfacet
  facet normal 0 0 1
    outer loop
      vertex 98.8 13.6 3
      vertex 98.0475 7.77306 3
      vertex 98.1598 8.01168 3
    endloop
  endfacet
  facet normal 0 0 1
    outer loop
      vertex 98.8 13.6 3
      vertex 97.966 7.52225 3
      vertex 98.0475 7.77306 3
    endloop
  endfacet
  facet normal -0 0 1
    outer loop
      vertex 41.2 13.6 3
      vertex 97.966 7.52225 3
      vertex 98.8 13.6 3
    endloop
  endfacet
  facet normal 0 0 1
    outer loop
      vertex 97.9166 7.2632 3
      vertex 41.2 13.6 3
      vertex 97.9 7 3
    endloop
  endfacet
  facet normal 0 0 1
    outer loop
      vertex 97.966 7.52225 3
      vertex 41.2 13.6 3
      vertex 97.9166 7.2632 3
    endloop
  endfacet
  facet normal 0 0 1
    outer loop
      vertex 98.6614 5.38192 3
      vertex 98.8 2.4 3
      vertex 98.8 5.28123 3
    endloop
  endfacet
  facet normal 0 0 1
    outer loop
      vertex 98.4692 5.56245 3
      vertex 98.8 2.4 3
      vertex 98.6614 5.38192 3
    endloop
  endfacet
  facet normal 0 0 1
    outer loop
      vertex 98.3011 5.76565 3
      vertex 98.8 2.4 3
      vertex 98.4692 5.56245 3
    endloop
  endfacet
  facet normal 0 0 1
    outer loop
      vertex 98.1598 5.98832 3
      vertex 98.8 2.4 3
      vertex 98.3011 5.76565 3
    endloop
  endfacet
  facet normal 0 0 1
    outer loop
      vertex 98.0475 6.22694 3
      vertex 98.8 2.4 3
      vertex 98.1598 5.98832 3
    endloop
  endfacet
  facet normal 0 0 1
    outer loop
      vertex 97.966 6.47775 3
      vertex 98.8 2.4 3
      vertex 98.0475 6.22694 3
    endloop
  endfacet
  facet normal 0 0 1
    outer loop
      vertex 41.2 2.4 3
      vertex 97.9 7 3
      vertex 41.2 13.6 3
    endloop
  endfacet
  facet normal 0 0 1
    outer loop
      vertex 97.9 7 3
      vertex 41.2 2.4 3
      vertex 97.9166 6.7368 3
    endloop
  endfacet
  facet normal 0 0 1
    outer loop
      vertex 97.9166 6.7368 3
      vertex 41.2 2.4 3
      vertex 97.966 6.47775 3
    endloop
  endfacet
  facet normal 0 0 1
    outer loop
      vertex 97.966 6.47775 3
      vertex 41.2 2.4 3
      vertex 98.8 2.4 3
    endloop
  endfacet
  facet normal 0 0 1
    outer loop
      vertex 158.8 13.6 3
      vertex 102.1 7 3
      vertex 158.8 2.4 3
    endloop
  endfacet
  facet normal 0 0 1
    outer loop
      vertex 158.8 13.6 3
      vertex 102.083 7.2632 3
      vertex 102.1 7 3
    endloop
  endfacet
  facet normal 0 0 1
    outer loop
      vertex 158.8 13.6 3
      vertex 102.034 7.52225 3
      vertex 102.083 7.2632 3
    endloop
  endfacet
  facet normal -0 0 1
    outer loop
      vertex 101.2 13.6 3
      vertex 102.034 7.52225 3
      vertex 158.8 13.6 3
    endloop
  endfacet
  facet normal 0 0 1
    outer loop
      vertex 102.034 7.52225 3
      vertex 101.2 13.6 3
      vertex 101.953 7.77306 3
    endloop
  endfacet
  facet normal 0 0 1
    outer loop
      vertex 101.953 7.77306 3
      vertex 101.2 13.6 3
      vertex 101.84 8.01168 3
    endloop
  endfacet
  facet normal 0 0 1
    outer loop
      vertex 101.84 8.01168 3
      vertex 101.2 13.6 3
      vertex 101.699 8.23435 3
    endloop
  endfacet
  facet normal 0 0 1
    outer loop
      vertex 101.699 8.23435 3
      vertex 101.2 13.6 3
      vertex 101.531 8.43755 3
    endloop
  endfacet
  facet normal 0 0 1
    outer loop
      vertex 101.531 8.43755 3
      vertex 101.2 13.6 3
      vertex 101.339 8.61808 3
    endloop
  endfacet
  facet normal 0 0 1
    outer loop
      vertex 101.339 8.61808 3
      vertex 101.2 13.6 3
      vertex 101.2 8.71877 3
    endloop
  endfacet
  facet normal -0 0 1
    outer loop
      vertex 102.083 6.7368 3
      vertex 158.8 2.4 3
      vertex 102.1 7 3
    endloop
  endfacet
  facet normal -0 0 1
    outer loop
      vertex 102.034 6.47775 3
      vertex 158.8 2.4 3
      vertex 102.083 6.7368 3
    endloop
  endfacet
  facet normal 0 0 1
    outer loop
      vertex 101.2 2.4 3
      vertex 102.034 6.47775 3
      vertex 101.953 6.22694 3
    endloop
  endfacet
  facet normal 0 0 1
    outer loop
      vertex 101.2 2.4 3
      vertex 101.953 6.22694 3
      vertex 101.84 5.98832 3
    endloop
  endfacet
  facet normal 0 0 1
    outer loop
      vertex 101.2 2.4 3
      vertex 101.84 5.98832 3
      vertex 101.699 5.76565 3
    endloop
  endfacet
  facet normal 0 0 1
    outer loop
      vertex 101.2 2.4 3
      vertex 101.699 5.76565 3
      vertex 101.531 5.56245 3
    endloop
  endfacet
  facet normal 0 0 1
    outer loop
      vertex 101.2 2.4 3
      vertex 101.531 5.56245 3
      vertex 101.339 5.38192 3
    endloop
  endfacet
  facet normal 0 0 1
    outer loop
      vertex 101.2 2.4 3
      vertex 101.339 5.38192 3
      vertex 101.2 5.28123 3
    endloop
  endfacet
  facet normal 0 0 1
    outer loop
      vertex 102.034 6.47775 3
      vertex 101.2 2.4 3
      vertex 158.8 2.4 3
    endloop
  endfacet
  facet normal 0 0 -1
    outer loop
      vertex 182.083 7.2632 0
      vertex 200 0 0
      vertex 182.1 7 0
    endloop
  endfacet
  facet normal 0 0 -1
    outer loop
      vertex 200 0 0
      vertex 182.083 6.7368 0
      vertex 182.1 7 0
    endloop
  endfacet
  facet normal 0 0 -1
    outer loop
      vertex 200 0 0
      vertex 182.034 6.47775 0
      vertex 182.083 6.7368 0
    endloop
  endfacet
  facet normal 0 0 -1
    outer loop
      vertex 200 0 0
      vertex 181.953 6.22694 0
      vertex 182.034 6.47775 0
    endloop
  endfacet
  facet normal 0 0 -1
    outer loop
      vertex 200 0 0
      vertex 181.84 5.98832 0
      vertex 181.953 6.22694 0
    endloop
  endfacet
  facet normal 0 0 -1
    outer loop
      vertex 200 0 0
      vertex 181.699 5.76565 0
      vertex 181.84 5.98832 0
    endloop
  endfacet
  facet normal 0 0 -1
    outer loop
      vertex 200 0 0
      vertex 181.531 5.56245 0
      vertex 181.699 5.76565 0
    endloop
  endfacet
  facet normal 0 0 -1
    outer loop
      vertex 200 0 0
      vertex 181.339 5.38192 0
      vertex 181.531 5.56245 0
    endloop
  endfacet
  facet normal 0 0 -1
    outer loop
      vertex 200 0 0
      vertex 181.125 5.22691 0
      vertex 181.339 5.38192 0
    endloop
  endfacet
  facet normal 0 0 -1
    outer loop
      vertex 200 0 0
      vertex 180.894 5.09986 0
      vertex 181.125 5.22691 0
    endloop
  endfacet
  facet normal 0 0 -1
    outer loop
      vertex 200 0 0
      vertex 180.649 5.00278 0
      vertex 180.894 5.09986 0
    endloop
  endfacet
  facet normal 0 0 -1
    outer loop
      vertex 200 0 0
      vertex 180.393 4.9372 0
      vertex 180.649 5.00278 0
    endloop
  endfacet
  facet normal 0 0 -1
    outer loop
      vertex 200 0 0
      vertex 180.132 4.90414 0
      vertex 180.393 4.9372 0
    endloop
  endfacet
  facet normal 0 0 -1
    outer loop
      vertex 200 0 0
      vertex 179.868 4.90414 0
      vertex 180.132 4.90414 0
    endloop
  endfacet
  facet normal 0 0 -1
    outer loop
      vertex 200 0 0
      vertex 179.607 4.9372 0
      vertex 179.868 4.90414 0
    endloop
  endfacet
  facet normal 0 0 -1
    outer loop
      vertex 177.917 6.7368 0
      vertex 102.1 7 0
      vertex 177.9 7 0
    endloop
  endfacet
  facet normal 0 0 -1
    outer loop
      vertex 102.083 6.7368 0
      vertex 177.917 6.7368 0
      vertex 177.966 6.47775 0
    endloop
  endfacet
  facet normal 0 0 -1
    outer loop
      vertex 102.034 6.47775 0
      vertex 177.966 6.47775 0
      vertex 178.047 6.22694 0
    endloop
  endfacet
  facet normal 0 0 -1
    outer loop
      vertex 101.953 6.22694 0
      vertex 178.047 6.22694 0
      vertex 178.16 5.98832 0
    endloop
  endfacet
  facet normal 0 0 -1
    outer loop
      vertex 101.84 5.98832 0
      vertex 178.16 5.98832 0
      vertex 178.301 5.76565 0
    endloop
  endfacet
  facet normal 0 0 -1
    outer loop
      vertex 101.699 5.76565 0
      vertex 178.301 5.76565 0
      vertex 178.469 5.56245 0
    endloop
  endfacet
  facet normal 0 0 -1
    outer loop
      vertex 101.531 5.56245 0
      vertex 178.469 5.56245 0
      vertex 178.661 5.38192 0
    endloop
  endfacet
  facet normal 0 0 -1
    outer loop
      vertex 101.339 5.38192 0
      vertex 178.661 5.38192 0
      vertex 178.875 5.22691 0
    endloop
  endfacet
  facet normal 0 0 -1
    outer loop
      vertex 101.125 5.22691 0
      vertex 178.875 5.22691 0
      vertex 179.106 5.09986 0
    endloop
  endfacet
  facet normal 0 0 -1
    outer loop
      vertex 100.894 5.09986 0
      vertex 179.106 5.09986 0
      vertex 179.351 5.00278 0
    endloop
  endfacet
  facet normal 0 0 -1
    outer loop
      vertex 100.649 5.00278 0
      vertex 179.351 5.00278 0
      vertex 179.607 4.9372 0
    endloop
  endfacet
  facet normal 0 0 -1
    outer loop
      vertex 100.394 4.9372 0
      vertex 179.607 4.9372 0
      vertex 200 0 0
    endloop
  endfacet
  facet normal 0 0 -1
    outer loop
      vertex 177.917 6.7368 0
      vertex 102.083 6.7368 0
      vertex 102.1 7 0
    endloop
  endfacet
  facet normal 0 0 -1
    outer loop
      vertex 177.966 6.47775 0
      vertex 102.034 6.47775 0
      vertex 102.083 6.7368 0
    endloop
  endfacet
  facet normal 0 0 -1
    outer loop
      vertex 178.047 6.22694 0
      vertex 101.953 6.22694 0
      vertex 102.034 6.47775 0
    endloop
  endfacet
  facet normal 0 0 -1
    outer loop
      vertex 178.16 5.98832 0
      vertex 101.84 5.98832 0
      vertex 101.953 6.22694 0
    endloop
  endfacet
  facet normal 0 0 -1
    outer loop
      vertex 178.301 5.76565 0
      vertex 101.699 5.76565 0
      vertex 101.84 5.98832 0
    endloop
  endfacet
  facet normal 0 0 -1
    outer loop
      vertex 178.469 5.56245 0
      vertex 101.531 5.56245 0
      vertex 101.699 5.76565 0
    endloop
  endfacet
  facet normal 0 0 -1
    outer loop
      vertex 178.661 5.38192 0
      vertex 101.339 5.38192 0
      vertex 101.531 5.56245 0
    endloop
  endfacet
  facet normal 0 0 -1
    outer loop
      vertex 178.875 5.22691 0
      vertex 101.125 5.22691 0
      vertex 101.339 5.38192 0
    endloop
  endfacet
  facet normal 0 0 -1
    outer loop
      vertex 179.106 5.09986 0
      vertex 100.894 5.09986 0
      vertex 101.125 5.22691 0
    endloop
  endfacet
  facet normal 0 0 -1
    outer loop
      vertex 179.351 5.00278 0
      vertex 100.649 5.00278 0
      vertex 100.894 5.09986 0
    endloop
  endfacet
  facet normal 0 0 -1
    outer loop
      vertex 179.607 4.9372 0
      vertex 100.394 4.9372 0
      vertex 100.649 5.00278 0
    endloop
  endfacet
  facet normal 0 0 -1
    outer loop
      vertex 200 0 0
      vertex 100.132 4.90414 0
      vertex 100.394 4.9372 0
    endloop
  endfacet
  facet normal 0 0 -1
    outer loop
      vertex 200 0 0
      vertex 99.8681 4.90414 0
      vertex 100.132 4.90414 0
    endloop
  endfacet
  facet normal 0 0 -1
    outer loop
      vertex 97.9166 6.7368 0
      vertex 22.1 7 0
      vertex 97.9 7 0
    endloop
  endfacet
  facet normal 0 0 -1
    outer loop
      vertex 22.0834 6.7368 0
      vertex 97.9166 6.7368 0
      vertex 97.966 6.47775 0
    endloop
  endfacet
  facet normal 0 0 -1
    outer loop
      vertex 22.034 6.47775 0
      vertex 97.966 6.47775 0
      vertex 98.0475 6.22694 0
    endloop
  endfacet
  facet normal 0 0 -1
    outer loop
      vertex 21.9525 6.22694 0
      vertex 98.0475 6.22694 0
      vertex 98.1598 5.98832 0
    endloop
  endfacet
  facet normal 0 0 -1
    outer loop
      vertex 21.8402 5.98832 0
      vertex 98.1598 5.98832 0
      vertex 98.3011 5.76565 0
    endloop
  endfacet
  facet normal 0 0 -1
    outer loop
      vertex 21.6989 5.76565 0
      vertex 98.3011 5.76565 0
      vertex 98.4692 5.56245 0
    endloop
  endfacet
  facet normal 0 0 -1
    outer loop
      vertex 21.5308 5.56245 0
      vertex 98.4692 5.56245 0
      vertex 98.6614 5.38192 0
    endloop
  endfacet
  facet normal 0 0 -1
    outer loop
      vertex 21.3386 5.38192 0
      vertex 98.6614 5.38192 0
      vertex 98.8748 5.22691 0
    endloop
  endfacet
  facet normal 0 0 -1
    outer loop
      vertex 21.1252 5.22691 0
      vertex 98.8748 5.22691 0
      vertex 99.1059 5.09986 0
    endloop
  endfacet
  facet normal 0 0 -1
    outer loop
      vertex 20.8941 5.09986 0
      vertex 99.1059 5.09986 0
      vertex 99.3511 5.00278 0
    endloop
  endfacet
  facet normal 0 0 -1
    outer loop
      vertex 20.6489 5.00278 0
      vertex 99.3511 5.00278 0
      vertex 99.6065 4.9372 0
    endloop
  endfacet
  facet normal 0 0 -1
    outer loop
      vertex 0 0 0
      vertex 99.6065 4.9372 0
      vertex 99.8681 4.90414 0
    endloop
  endfacet
  facet normal 0 0 -1
    outer loop
      vertex 0 0 0
      vertex 99.8681 4.90414 0
      vertex 200 0 0
    endloop
  endfacet
  facet normal 0 0 -1
    outer loop
      vertex 97.9166 6.7368 0
      vertex 22.0834 6.7368 0
      vertex 22.1 7 0
    endloop
  endfacet
  facet normal 0 0 -1
    outer loop
      vertex 97.966 6.47775 0
      vertex 22.034 6.47775 0
      vertex 22.0834 6.7368 0
    endloop
  endfacet
  facet normal 0 0 -1
    outer loop
      vertex 98.0475 6.22694 0
      vertex 21.9525 6.22694 0
      vertex 22.034 6.47775 0
    endloop
  endfacet
  facet normal 0 0 -1
    outer loop
      vertex 98.1598 5.98832 0
      vertex 21.8402 5.98832 0
      vertex 21.9525 6.22694 0
    endloop
  endfacet
  facet normal 0 0 -1
    outer loop
      vertex 98.3011 5.76565 0
      vertex 21.6989 5.76565 0
      vertex 21.8402 5.98832 0
    endloop
  endfacet
  facet normal 0 0 -1
    outer loop
      vertex 98.4692 5.56245 0
      vertex 21.5308 5.56245 0
      vertex 21.6989 5.76565 0
    endloop
  endfacet
  facet normal 0 0 -1
    outer loop
      vertex 98.6614 5.38192 0
      vertex 21.3386 5.38192 0
      vertex 21.5308 5.56245 0
    endloop
  endfacet
  facet normal 0 0 -1
    outer loop
      vertex 98.8748 5.22691 0
      vertex 21.1252 5.22691 0
      vertex 21.3386 5.38192 0
    endloop
  endfacet
  facet normal 0 0 -1
    outer loop
      vertex 99.1059 5.09986 0
      vertex 20.8941 5.09986 0
      vertex 21.1252 5.22691 0
    endloop
  endfacet
  facet normal 0 0 -1
    outer loop
      vertex 99.3511 5.00278 0
      vertex 20.6489 5.00278 0
      vertex 20.8941 5.09986 0
    endloop
  endfacet
  facet normal 0 0 -1
    outer loop
      vertex 99.6065 4.9372 0
      vertex 20.3935 4.9372 0
      vertex 20.6489 5.00278 0
    endloop
  endfacet
  facet normal -0 0 -1
    outer loop
      vertex 99.6065 4.9372 0
      vertex 0 0 0
      vertex 20.3935 4.9372 0
    endloop
  endfacet
  facet normal 0 0 -1
    outer loop
      vertex 20.3935 4.9372 0
      vertex 0 0 0
      vertex 20.1319 4.90414 0
    endloop
  endfacet
  facet normal -0 0 -1
    outer loop
      vertex 17.9166 6.7368 0
      vertex 0 0 0
      vertex 17.9 7 0
    endloop
  endfacet
  facet normal -0 0 -1
    outer loop
      vertex 17.966 6.47775 0
      vertex 0 0 0
      vertex 17.9166 6.7368 0
    endloop
  endfacet
  facet normal -0 0 -1
    outer loop
      vertex 18.0475 6.22694 0
      vertex 0 0 0
      vertex 17.966 6.47775 0
    endloop
  endfacet
  facet normal -0 0 -1
    outer loop
      vertex 18.1598 5.98832 0
      vertex 0 0 0
      vertex 18.0475 6.22694 0
    endloop
  endfacet
  facet normal -0 0 -1
    outer loop
      vertex 18.3011 5.76565 0
      vertex 0 0 0
      vertex 18.1598 5.98832 0
    endloop
  endfacet
  facet normal -0 0 -1
    outer loop
      vertex 18.4692 5.56245 0
      vertex 0 0 0
      vertex 18.3011 5.76565 0
    endloop
  endfacet
  facet normal -0 0 -1
    outer loop
      vertex 18.6614 5.38192 0
      vertex 0 0 0
      vertex 18.4692 5.56245 0
    endloop
  endfacet
  facet normal -0 0 -1
    outer loop
      vertex 18.8748 5.22691 0
      vertex 0 0 0
      vertex 18.6614 5.38192 0
    endloop
  endfacet
  facet normal -0 0 -1
    outer loop
      vertex 19.1059 5.09986 0
      vertex 0 0 0
      vertex 18.8748 5.22691 0
    endloop
  endfacet
  facet normal -0 0 -1
    outer loop
      vertex 19.3511 5.00278 0
      vertex 0 0 0
      vertex 19.1059 5.09986 0
    endloop
  endfacet
  facet normal -0 0 -1
    outer loop
      vertex 19.6065 4.9372 0
      vertex 0 0 0
      vertex 19.3511 5.00278 0
    endloop
  endfacet
  facet normal -0 0 -1
    outer loop
      vertex 19.8681 4.90414 0
      vertex 0 0 0
      vertex 19.6065 4.9372 0
    endloop
  endfacet
  facet normal -0 0 -1
    outer loop
      vertex 20.1319 4.90414 0
      vertex 0 0 0
      vertex 19.8681 4.90414 0
    endloop
  endfacet
  facet normal 0 0 -1
    outer loop
      vertex 182.034 7.52225 0
      vertex 200 0 0
      vertex 182.083 7.2632 0
    endloop
  endfacet
  facet normal 0 0 -1
    outer loop
      vertex 181.953 7.77306 0
      vertex 200 0 0
      vertex 182.034 7.52225 0
    endloop
  endfacet
  facet normal 0 0 -1
    outer loop
      vertex 181.84 8.01168 0
      vertex 200 0 0
      vertex 181.953 7.77306 0
    endloop
  endfacet
  facet normal 0 0 -1
    outer loop
      vertex 200 0 0
      vertex 181.84 8.01168 0
      vertex 200 30 0
    endloop
  endfacet
  facet normal 0 0 -1
    outer loop
      vertex 181.699 8.23435 0
      vertex 200 30 0
      vertex 181.84 8.01168 0
    endloop
  endfacet
  facet normal 0 0 -1
    outer loop
      vertex 181.531 8.43755 0
      vertex 200 30 0
      vertex 181.699 8.23435 0
    endloop
  endfacet
  facet normal 0 0 -1
    outer loop
      vertex 181.339 8.61808 0
      vertex 200 30 0
      vertex 181.531 8.43755 0
    endloop
  endfacet
  facet normal 0 0 -1
    outer loop
      vertex 181.125 8.77309 0
      vertex 200 30 0
      vertex 181.339 8.61808 0
    endloop
  endfacet
  facet normal 0 0 -1
    outer loop
      vertex 180.894 8.90014 0
      vertex 200 30 0
      vertex 181.125 8.77309 0
    endloop
  endfacet
  facet normal 0 0 -1
    outer loop
      vertex 180.649 8.99722 0
      vertex 200 30 0
      vertex 180.894 8.90014 0
    endloop
  endfacet
  facet normal 0 0 -1
    outer loop
      vertex 180.393 9.0628 0
      vertex 200 30 0
      vertex 180.649 8.99722 0
    endloop
  endfacet
  facet normal 0 0 -1
    outer loop
      vertex 180.132 9.09586 0
      vertex 200 30 0
      vertex 180.393 9.0628 0
    endloop
  endfacet
  facet normal 0 0 -1
    outer loop
      vertex 179.868 9.09586 0
      vertex 200 30 0
      vertex 180.132 9.09586 0
    endloop
  endfacet
  facet normal 0 0 -1
    outer loop
      vertex 179.607 9.0628 0
      vertex 200 30 0
      vertex 179.868 9.09586 0
    endloop
  endfacet
  facet normal 0 0 -1
    outer loop
      vertex 179.351 8.99722 0
      vertex 200 30 0
      vertex 179.607 9.0628 0
    endloop
  endfacet
  facet normal 0 0 -1
    outer loop
      vertex 179.106 8.90014 0
      vertex 200 30 0
      vertex 179.351 8.99722 0
    endloop
  endfacet
  facet normal 0 0 -1
    outer loop
      vertex 178.875 8.77309 0
      vertex 200 30 0
      vertex 179.106 8.90014 0
    endloop
  endfacet
  facet normal 0 0 -1
    outer loop
      vertex 101.125 8.77309 0
      vertex 178.875 8.77309 0
      vertex 178.661 8.61808 0
    endloop
  endfacet
  facet normal 0 0 -1
    outer loop
      vertex 101.339 8.61808 0
      vertex 178.661 8.61808 0
      vertex 178.469 8.43755 0
    endloop
  endfacet
  facet normal 0 0 -1
    outer loop
      vertex 102.1 7 0
      vertex 177.917 7.2632 0
      vertex 177.9 7 0
    endloop
  endfacet
  facet normal 0 0 -1
    outer loop
      vertex 102.083 7.2632 0
      vertex 177.917 7.2632 0
      vertex 102.1 7 0
    endloop
  endfacet
  facet normal 0 0 -1
    outer loop
      vertex 177.917 7.2632 0
      vertex 102.083 7.2632 0
      vertex 177.966 7.52225 0
    endloop
  endfacet
  facet normal 0 0 -1
    outer loop
      vertex 102.034 7.52225 0
      vertex 177.966 7.52225 0
      vertex 102.083 7.2632 0
    endloop
  endfacet
  facet normal 0 0 -1
    outer loop
      vertex 177.966 7.52225 0
      vertex 102.034 7.52225 0
      vertex 178.047 7.77306 0
    endloop
  endfacet
  facet normal 0 0 -1
    outer loop
      vertex 101.953 7.77306 0
      vertex 178.047 7.77306 0
      vertex 102.034 7.52225 0
    endloop
  endfacet
  facet normal 0 0 -1
    outer loop
      vertex 178.047 7.77306 0
      vertex 101.953 7.77306 0
      vertex 178.16 8.01168 0
    endloop
  endfacet
  facet normal 0 0 -1
    outer loop
      vertex 101.84 8.01168 0
      vertex 178.16 8.01168 0
      vertex 101.953 7.77306 0
    endloop
  endfacet
  facet normal 0 0 -1
    outer loop
      vertex 178.16 8.01168 0
      vertex 101.84 8.01168 0
      vertex 178.301 8.23435 0
    endloop
  endfacet
  facet normal 0 0 -1
    outer loop
      vertex 101.699 8.23435 0
      vertex 178.301 8.23435 0
      vertex 101.84 8.01168 0
    endloop
  endfacet
  facet normal 0 0 -1
    outer loop
      vertex 178.301 8.23435 0
      vertex 101.699 8.23435 0
      vertex 178.469 8.43755 0
    endloop
  endfacet
  facet normal 0 0 -1
    outer loop
      vertex 101.531 8.43755 0
      vertex 178.469 8.43755 0
      vertex 101.699 8.23435 0
    endloop
  endfacet
  facet normal 0 0 -1
    outer loop
      vertex 101.339 8.61808 0
      vertex 178.469 8.43755 0
      vertex 101.531 8.43755 0
    endloop
  endfacet
  facet normal 0 0 -1
    outer loop
      vertex 178.661 8.61808 0
      vertex 101.339 8.61808 0
      vertex 101.125 8.77309 0
    endloop
  endfacet
  facet normal 0 0 -1
    outer loop
      vertex 178.875 8.77309 0
      vertex 101.125 8.77309 0
      vertex 200 30 0
    endloop
  endfacet
  facet normal 0 0 -1
    outer loop
      vertex 100.894 8.90014 0
      vertex 200 30 0
      vertex 101.125 8.77309 0
    endloop
  endfacet
  facet normal 0 0 -1
    outer loop
      vertex 100.649 8.99722 0
      vertex 200 30 0
      vertex 100.894 8.90014 0
    endloop
  endfacet
  facet normal 0 0 -1
    outer loop
      vertex 100.394 9.0628 0
      vertex 200 30 0
      vertex 100.649 8.99722 0
    endloop
  endfacet
  facet normal 0 0 -1
    outer loop
      vertex 100.132 9.09586 0
      vertex 200 30 0
      vertex 100.394 9.0628 0
    endloop
  endfacet
  facet normal 0 0 -1
    outer loop
      vertex 99.8681 9.09586 0
      vertex 200 30 0
      vertex 100.132 9.09586 0
    endloop
  endfacet
  facet normal 0 0 -1
    outer loop
      vertex 0 30 0
      vertex 99.8681 9.09586 0
      vertex 99.6065 9.0628 0
    endloop
  endfacet
  facet normal 0 0 -1
    outer loop
      vertex 22.1 7 0
      vertex 97.9166 7.2632 0
      vertex 97.9 7 0
    endloop
  endfacet
  facet normal 0 0 -1
    outer loop
      vertex 22.0834 7.2632 0
      vertex 97.9166 7.2632 0
      vertex 22.1 7 0
    endloop
  endfacet
  facet normal 0 0 -1
    outer loop
      vertex 97.9166 7.2632 0
      vertex 22.0834 7.2632 0
      vertex 97.966 7.52225 0
    endloop
  endfacet
  facet normal 0 0 -1
    outer loop
      vertex 22.034 7.52225 0
      vertex 97.966 7.52225 0
      vertex 22.0834 7.2632 0
    endloop
  endfacet
  facet normal 0 0 -1
    outer loop
      vertex 97.966 7.52225 0
      vertex 22.034 7.52225 0
      vertex 98.0475 7.77306 0
    endloop
  endfacet
  facet normal 0 0 -1
    outer loop
      vertex 21.9525 7.77306 0
      vertex 98.0475 7.77306 0
      vertex 22.034 7.52225 0
    endloop
  endfacet
  facet normal 0 0 -1
    outer loop
      vertex 98.0475 7.77306 0
      vertex 21.9525 7.77306 0
      vertex 98.1598 8.01168 0
    endloop
  endfacet
  facet normal 0 0 -1
    outer loop
      vertex 21.8402 8.01168 0
      vertex 98.1598 8.01168 0
      vertex 21.9525 7.77306 0
    endloop
  endfacet
  facet normal 0 0 -1
    outer loop
      vertex 98.1598 8.01168 0
      vertex 21.8402 8.01168 0
      vertex 98.3011 8.23435 0
    endloop
  endfacet
  facet normal 0 0 -1
    outer loop
      vertex 21.6989 8.23435 0
      vertex 98.3011 8.23435 0
      vertex 21.8402 8.01168 0
    endloop
  endfacet
  facet normal 0 0 -1
    outer loop
      vertex 98.3011 8.23435 0
      vertex 21.6989 8.23435 0
      vertex 98.4692 8.43755 0
    endloop
  endfacet
  facet normal 0 0 -1
    outer loop
      vertex 21.5308 8.43755 0
      vertex 98.4692 8.43755 0
      vertex 21.6989 8.23435 0
    endloop
  endfacet
  facet normal 0 0 -1
    outer loop
      vertex 98.4692 8.43755 0
      vertex 21.5308 8.43755 0
      vertex 98.6614 8.61808 0
    endloop
  endfacet
  facet normal 0 0 -1
    outer loop
      vertex 21.3386 8.61808 0
      vertex 98.6614 8.61808 0
      vertex 21.5308 8.43755 0
    endloop
  endfacet
  facet normal 0 0 -1
    outer loop
      vertex 98.6614 8.61808 0
      vertex 21.3386 8.61808 0
      vertex 98.8748 8.77309 0
    endloop
  endfacet
  facet normal 0 0 -1
    outer loop
      vertex 21.1252 8.77309 0
      vertex 98.8748 8.77309 0
      vertex 21.3386 8.61808 0
    endloop
  endfacet
  facet normal 0 0 -1
    outer loop
      vertex 0 30 0
      vertex 98.8748 8.77309 0
      vertex 21.1252 8.77309 0
    endloop
  endfacet
  facet normal 0 0 -1
    outer loop
      vertex 98.8748 8.77309 0
      vertex 0 30 0
      vertex 99.1059 8.90014 0
    endloop
  endfacet
  facet normal 0 0 -1
    outer loop
      vertex 99.1059 8.90014 0
      vertex 0 30 0
      vertex 99.3511 8.99722 0
    endloop
  endfacet
  facet normal 0 0 -1
    outer loop
      vertex 99.3511 8.99722 0
      vertex 0 30 0
      vertex 99.6065 9.0628 0
    endloop
  endfacet
  facet normal 0 0 -1
    outer loop
      vertex 0 30 0
      vertex 21.1252 8.77309 0
      vertex 20.8941 8.90014 0
    endloop
  endfacet
  facet normal 0 0 -1
    outer loop
      vertex 0 30 0
      vertex 20.8941 8.90014 0
      vertex 20.6489 8.99722 0
    endloop
  endfacet
  facet normal 0 0 -1
    outer loop
      vertex 0 30 0
      vertex 20.6489 8.99722 0
      vertex 20.3935 9.0628 0
    endloop
  endfacet
  facet normal 0 0 -1
    outer loop
      vertex 0 30 0
      vertex 20.3935 9.0628 0
      vertex 20.1319 9.09586 0
    endloop
  endfacet
  facet normal 0 0 -1
    outer loop
      vertex 0 30 0
      vertex 20.1319 9.09586 0
      vertex 19.8681 9.09586 0
    endloop
  endfacet
  facet normal 0 0 -1
    outer loop
      vertex 0 0 0
      vertex 17.9166 7.2632 0
      vertex 17.9 7 0
    endloop
  endfacet
  facet normal 0 0 -1
    outer loop
      vertex 0 0 0
      vertex 17.966 7.52225 0
      vertex 17.9166 7.2632 0
    endloop
  endfacet
  facet normal 0 0 -1
    outer loop
      vertex 0 0 0
      vertex 18.0475 7.77306 0
      vertex 17.966 7.52225 0
    endloop
  endfacet
  facet normal 0 0 -1
    outer loop
      vertex 0 0 0
      vertex 18.1598 8.01168 0
      vertex 18.0475 7.77306 0
    endloop
  endfacet
  facet normal 0 0 -1
    outer loop
      vertex 0 30 0
      vertex 18.1598 8.01168 0
      vertex 0 0 0
    endloop
  endfacet
  facet normal 0 0 -1
    outer loop
      vertex 18.1598 8.01168 0
      vertex 0 30 0
      vertex 18.3011 8.23435 0
    endloop
  endfacet
  facet normal 0 0 -1
    outer loop
      vertex 18.3011 8.23435 0
      vertex 0 30 0
      vertex 18.4692 8.43755 0
    endloop
  endfacet
  facet normal 0 0 -1
    outer loop
      vertex 18.4692 8.43755 0
      vertex 0 30 0
      vertex 18.6614 8.61808 0
    endloop
  endfacet
  facet normal 0 0 -1
    outer loop
      vertex 18.6614 8.61808 0
      vertex 0 30 0
      vertex 18.8748 8.77309 0
    endloop
  endfacet
  facet normal 0 0 -1
    outer loop
      vertex 99.8681 9.09586 0
      vertex 0 30 0
      vertex 200 30 0
    endloop
  endfacet
  facet normal 0 0 -1
    outer loop
      vertex 19.6065 9.0628 0
      vertex 0 30 0
      vertex 19.8681 9.09586 0
    endloop
  endfacet
  facet normal 0 0 -1
    outer loop
      vertex 19.3511 8.99722 0
      vertex 0 30 0
      vertex 19.6065 9.0628 0
    endloop
  endfacet
  facet normal 0 0 -1
    outer loop
      vertex 19.1059 8.90014 0
      vertex 0 30 0
      vertex 19.3511 8.99722 0
    endloop
  endfacet
  facet normal 0 0 -1
    outer loop
      vertex 18.8748 8.77309 0
      vertex 0 30 0
      vertex 19.1059 8.90014 0
    endloop
  endfacet
  facet normal -1 0 0
    outer loop
      vertex 0 9.75 7.5
      vertex 0 10.0517 10.01
      vertex 0 13.6 7.5
    endloop
  endfacet
  facet normal -1 -0 0
    outer loop
      vertex 0 10.0517 10.01
      vertex 0 9.75 7.5
      vertex 0 9.75 10.01
    endloop
  endfacet
  facet normal -1 0 0
    outer loop
      vertex 0 30 0
      vertex 0 27.6 3
      vertex 0 30 10
    endloop
  endfacet
  facet normal -1 0 0
    outer loop
      vertex 0 30 0
      vertex 0 26.4 3
      vertex 0 27.6 3
    endloop
  endfacet
  facet normal -1 0 0
    outer loop
      vertex 0 26.4 3
      vertex 0 23.6 3
      vertex 0 26.4 7.5
    endloop
  endfacet
  facet normal -1 0 0
    outer loop
      vertex 0 30 0
      vertex 0 23.6 3
      vertex 0 26.4 3
    endloop
  endfacet
  facet normal -1 0 0
    outer loop
      vertex 0 30 0
      vertex 0 16.4 3
      vertex 0 23.6 3
    endloop
  endfacet
  facet normal -1 0 0
    outer loop
      vertex 0 16.4 3
      vertex 0 13.6 3
      vertex 0 16.4 7.5
    endloop
  endfacet
  facet normal -1 0 0
    outer loop
      vertex 0 30 0
      vertex 0 13.6 3
      vertex 0 16.4 3
    endloop
  endfacet
  facet normal -1 0 0
    outer loop
      vertex 0 0 0
      vertex 0 13.6 3
      vertex 0 30 0
    endloop
  endfacet
  facet normal -1 -0 0
    outer loop
      vertex 0 13.6 3
      vertex 0 0 0
      vertex 0 2.4 3
    endloop
  endfacet
  facet normal -1 0 0
    outer loop
      vertex 0 0 10
      vertex 0 2.4 3
      vertex 0 0 0
    endloop
  endfacet
  facet normal -1 0 0
    outer loop
      vertex 0 2.4 3
      vertex 0 0 10
      vertex 0 2.4 10
    endloop
  endfacet
  facet normal -1 -0 0
    outer loop
      vertex 0 30 10
      vertex 0 27.6 3
      vertex 0 27.6 10
    endloop
  endfacet
  facet normal -1 0 0
    outer loop
      vertex 0 26.4 7.5
      vertex 0 27.5 10.01
      vertex 0 27.5 7.5
    endloop
  endfacet
  facet normal -1 0 0
    outer loop
      vertex 0 23.6 7.5
      vertex 0 26.4 7.5
      vertex 0 23.6 3
    endloop
  endfacet
  facet normal -1 0 0
    outer loop
      vertex 0 26.4 7.5
      vertex 0 23.6 7.5
      vertex 0 27.5 10.01
    endloop
  endfacet
  facet normal -1 0 0
    outer loop
      vertex 0 22.5 10.01
      vertex 0 23.6 7.5
      vertex 0 22.5 7.5
    endloop
  endfacet
  facet normal -1 0 0
    outer loop
      vertex 0 23.6 7.5
      vertex 0 22.5 10.01
      vertex 0 27.5 10.01
    endloop
  endfacet
  facet normal -1 0 0
    outer loop
      vertex 0 20.25 7.5
      vertex 0 19.9483 10.01
      vertex 0 20.25 10.01
    endloop
  endfacet
  facet normal -1 0 -0
    outer loop
      vertex 0 19.9483 10.01
      vertex 0 20.25 7.5
      vertex 0 16.4 7.5
    endloop
  endfacet
  facet normal -1 0 0
    outer loop
      vertex 0 10.0517 10.01
      vertex 0 19.9483 10.01
      vertex 0 16.4 7.5
    endloop
  endfacet
  facet normal -1 0 0
    outer loop
      vertex 0 13.6 7.5
      vertex 0 16.4 7.5
      vertex 0 13.6 3
    endloop
  endfacet
  facet normal -1 0 0
    outer loop
      vertex 0 10.0517 10.01
      vertex 0 16.4 7.5
      vertex 0 13.6 7.5
    endloop
  endfacet
  facet normal -1 0 0
    outer loop
      vertex 0 19.9483 10.01
      vertex 0 10.0517 10.01
      vertex 0 21.5 14
    endloop
  endfacet
  facet normal -1 -0 0
    outer loop
      vertex 0 21.5 14
      vertex 0 10.0517 10.01
      vertex 0 8.5 14
    endloop
  endfacet
  facet normal 0 1 -0
    outer loop
      vertex 200 30 0
      vertex 0 30 10
      vertex 200 30 10
    endloop
  endfacet
  facet normal 0 1 0
    outer loop
      vertex 0 30 10
      vertex 200 30 0
      vertex 0 30 0
    endloop
  endfacet
  facet normal 0 -1 0
    outer loop
      vertex 0 0 0
      vertex 200 0 10
      vertex 0 0 10
    endloop
  endfacet
  facet normal 0 -1 -0
    outer loop
      vertex 200 0 10
      vertex 0 0 0
      vertex 200 0 0
    endloop
  endfacet
  facet normal 0 1 -0
    outer loop
      vertex 38.8 16.4 3
      vertex 0 16.4 7.5
      vertex 38.8 16.4 7.5
    endloop
  endfacet
  facet normal 0 1 0
    outer loop
      vertex 0 16.4 7.5
      vertex 38.8 16.4 3
      vertex 0 16.4 3
    endloop
  endfacet
  facet normal 0 1 -0
    outer loop
      vertex 200 16.4 3
      vertex 161.2 16.4 7.5
      vertex 200 16.4 7.5
    endloop
  endfacet
  facet normal 0 1 0
    outer loop
      vertex 161.2 16.4 7.5
      vertex 200 16.4 3
      vertex 161.2 16.4 3
    endloop
  endfacet
  facet normal 0 1 -0
    outer loop
      vertex 98.8 16.4 3
      vertex 41.2 16.4 7.5
      vertex 98.8 16.4 7.5
    endloop
  endfacet
  facet normal 0 1 0
    outer loop
      vertex 41.2 16.4 7.5
      vertex 98.8 16.4 3
      vertex 41.2 16.4 3
    endloop
  endfacet
  facet normal 0 1 -0
    outer loop
      vertex 158.8 16.4 3
      vertex 101.2 16.4 7.5
      vertex 158.8 16.4 7.5
    endloop
  endfacet
  facet normal 0 1 0
    outer loop
      vertex 101.2 16.4 7.5
      vertex 158.8 16.4 3
      vertex 101.2 16.4 3
    endloop
  endfacet
  facet normal 0 -1 0
    outer loop
      vertex 0 13.6 3
      vertex 38.8 13.6 7.5
      vertex 0 13.6 7.5
    endloop
  endfacet
  facet normal 0 -1 -0
    outer loop
      vertex 38.8 13.6 7.5
      vertex 0 13.6 3
      vertex 38.8 13.6 3
    endloop
  endfacet
  facet normal 0 -1 0
    outer loop
      vertex 161.2 13.6 3
      vertex 200 13.6 7.5
      vertex 161.2 13.6 7.5
    endloop
  endfacet
  facet normal 0 -1 -0
    outer loop
      vertex 200 13.6 7.5
      vertex 161.2 13.6 3
      vertex 200 13.6 3
    endloop
  endfacet
  facet normal 0 -1 0
    outer loop
      vertex 41.2 13.6 3
      vertex 98.8 13.6 7.5
      vertex 41.2 13.6 7.5
    endloop
  endfacet
  facet normal 0 -1 -0
    outer loop
      vertex 98.8 13.6 7.5
      vertex 41.2 13.6 3
      vertex 98.8 13.6 3
    endloop
  endfacet
  facet normal 0 -1 0
    outer loop
      vertex 101.2 13.6 3
      vertex 158.8 13.6 7.5
      vertex 101.2 13.6 7.5
    endloop
  endfacet
  facet normal 0 -1 -0
    outer loop
      vertex 158.8 13.6 7.5
      vertex 101.2 13.6 3
      vertex 158.8 13.6 3
    endloop
  endfacet
  facet normal -0 0 1
    outer loop
      vertex 0 20.25 10.01
      vertex 200 19.9483 10.01
      vertex 200 20.25 10.01
    endloop
  endfacet
  facet normal 0 0 1
    outer loop
      vertex 200 19.9483 10.01
      vertex 0 20.25 10.01
      vertex 0 19.9483 10.01
    endloop
  endfacet
  facet normal -0 0 1
    outer loop
      vertex 0 10.0517 10.01
      vertex 200 9.75 10.01
      vertex 200 10.0517 10.01
    endloop
  endfacet
  facet normal 0 0 1
    outer loop
      vertex 200 9.75 10.01
      vertex 0 10.0517 10.01
      vertex 0 9.75 10.01
    endloop
  endfacet
  facet normal 0 0 -1
    outer loop
      vertex 161.2 16.4 7.5
      vertex 200 20.25 7.5
      vertex 200 16.4 7.5
    endloop
  endfacet
  facet normal -0 0 -1
    outer loop
      vertex 200 20.25 7.5
      vertex 161.2 16.4 7.5
      vertex 161.2 20.25 7.5
    endloop
  endfacet
  facet normal 0 0 -1
    outer loop
      vertex 161.2 9.75 7.5
      vertex 200 13.6 7.5
      vertex 200 9.75 7.5
    endloop
  endfacet
  facet normal -0 0 -1
    outer loop
      vertex 200 13.6 7.5
      vertex 161.2 9.75 7.5
      vertex 161.2 13.6 7.5
    endloop
  endfacet
  facet normal 0 0 -1
    outer loop
      vertex 0 9.75 7.5
      vertex 38.8 13.6 7.5
      vertex 38.8 9.75 7.5
    endloop
  endfacet
  facet normal -0 0 -1
    outer loop
      vertex 38.8 13.6 7.5
      vertex 0 9.75 7.5
      vertex 0 13.6 7.5
    endloop
  endfacet
  facet normal 0 0 -1
    outer loop
      vertex 0 16.4 7.5
      vertex 38.8 20.25 7.5
      vertex 38.8 16.4 7.5
    endloop
  endfacet
  facet normal -0 0 -1
    outer loop
      vertex 38.8 20.25 7.5
      vertex 0 16.4 7.5
      vertex 0 20.25 7.5
    endloop
  endfacet
  facet normal 0 0 -1
    outer loop
      vertex 41.2 9.75 7.5
      vertex 98.8 13.6 7.5
      vertex 98.8 9.75 7.5
    endloop
  endfacet
  facet normal -0 0 -1
    outer loop
      vertex 98.8 13.6 7.5
      vertex 41.2 9.75 7.5
      vertex 41.2 13.6 7.5
    endloop
  endfacet
  facet normal 0 0 -1
    outer loop
      vertex 101.2 9.75 7.5
      vertex 158.8 13.6 7.5
      vertex 158.8 9.75 7.5
    endloop
  endfacet
  facet normal -0 0 -1
    outer loop
      vertex 158.8 13.6 7.5
      vertex 101.2 9.75 7.5
      vertex 101.2 13.6 7.5
    endloop
  endfacet
  facet normal 0 0 -1
    outer loop
      vertex 41.2 16.4 7.5
      vertex 98.8 20.25 7.5
      vertex 98.8 16.4 7.5
    endloop
  endfacet
  facet normal -0 0 -1
    outer loop
      vertex 98.8 20.25 7.5
      vertex 41.2 16.4 7.5
      vertex 41.2 20.25 7.5
    endloop
  endfacet
  facet normal 0 0 -1
    outer loop
      vertex 101.2 16.4 7.5
      vertex 158.8 20.25 7.5
      vertex 158.8 16.4 7.5
    endloop
  endfacet
  facet normal -0 0 -1
    outer loop
      vertex 158.8 20.25 7.5
      vertex 101.2 16.4 7.5
      vertex 101.2 20.25 7.5
    endloop
  endfacet
  facet normal 0 1 -0
    outer loop
      vertex 98.8 20.25 7.5
      vertex 41.2 20.25 10
      vertex 98.8 20.25 10
    endloop
  endfacet
  facet normal 0 1 0
    outer loop
      vertex 41.2 20.25 10
      vertex 98.8 20.25 7.5
      vertex 41.2 20.25 7.5
    endloop
  endfacet
  facet normal 0 1 -0
    outer loop
      vertex 158.8 20.25 7.5
      vertex 101.2 20.25 10
      vertex 158.8 20.25 10
    endloop
  endfacet
  facet normal 0 1 0
    outer loop
      vertex 101.2 20.25 10
      vertex 158.8 20.25 7.5
      vertex 101.2 20.25 7.5
    endloop
  endfacet
  facet normal 0 1 0
    outer loop
      vertex 200 20.25 10.01
      vertex 161.2 20.25 10
      vertex 0 20.25 10.01
    endloop
  endfacet
  facet normal 0 1 -0
    outer loop
      vertex 200 20.25 7.5
      vertex 161.2 20.25 10
      vertex 200 20.25 10.01
    endloop
  endfacet
  facet normal 0 1 0
    outer loop
      vertex 161.2 20.25 10
      vertex 200 20.25 7.5
      vertex 161.2 20.25 7.5
    endloop
  endfacet
  facet normal 0 1 -0
    outer loop
      vertex 158.8 20.25 10
      vertex 0 20.25 10.01
      vertex 161.2 20.25 10
    endloop
  endfacet
  facet normal 0 1 -0
    outer loop
      vertex 101.2 20.25 10
      vertex 0 20.25 10.01
      vertex 158.8 20.25 10
    endloop
  endfacet
  facet normal 0 1 -0
    outer loop
      vertex 98.8 20.25 10
      vertex 0 20.25 10.01
      vertex 101.2 20.25 10
    endloop
  endfacet
  facet normal 0 1 -0
    outer loop
      vertex 41.2 20.25 10
      vertex 0 20.25 10.01
      vertex 98.8 20.25 10
    endloop
  endfacet
  facet normal 0 1 -0
    outer loop
      vertex 38.8 20.25 10
      vertex 0 20.25 10.01
      vertex 41.2 20.25 10
    endloop
  endfacet
  facet normal 0 1 -0
    outer loop
      vertex 38.8 20.25 7.5
      vertex 0 20.25 10.01
      vertex 38.8 20.25 10
    endloop
  endfacet
  facet normal 0 1 0
    outer loop
      vertex 0 20.25 10.01
      vertex 38.8 20.25 7.5
      vertex 0 20.25 7.5
    endloop
  endfacet
  facet normal 0 -1 0
    outer loop
      vertex 101.2 9.75 7.5
      vertex 158.8 9.75 10
      vertex 101.2 9.75 10
    endloop
  endfacet
  facet normal 0 -1 -0
    outer loop
      vertex 158.8 9.75 10
      vertex 101.2 9.75 7.5
      vertex 158.8 9.75 7.5
    endloop
  endfacet
  facet normal 0 -1 0
    outer loop
      vertex 41.2 9.75 7.5
      vertex 98.8 9.75 10
      vertex 41.2 9.75 10
    endloop
  endfacet
  facet normal 0 -1 -0
    outer loop
      vertex 98.8 9.75 10
      vertex 41.2 9.75 7.5
      vertex 98.8 9.75 7.5
    endloop
  endfacet
  facet normal 0 -1 0
    outer loop
      vertex 0 9.75 10.01
      vertex 38.8 9.75 10
      vertex 200 9.75 10.01
    endloop
  endfacet
  facet normal 0 -1 0
    outer loop
      vertex 0 9.75 7.5
      vertex 38.8 9.75 10
      vertex 0 9.75 10.01
    endloop
  endfacet
  facet normal 0 -1 -0
    outer loop
      vertex 38.8 9.75 10
      vertex 0 9.75 7.5
      vertex 38.8 9.75 7.5
    endloop
  endfacet
  facet normal 0 -1 0
    outer loop
      vertex 41.2 9.75 10
      vertex 200 9.75 10.01
      vertex 38.8 9.75 10
    endloop
  endfacet
  facet normal 0 -1 0
    outer loop
      vertex 98.8 9.75 10
      vertex 200 9.75 10.01
      vertex 41.2 9.75 10
    endloop
  endfacet
  facet normal 0 -1 0
    outer loop
      vertex 101.2 9.75 10
      vertex 200 9.75 10.01
      vertex 98.8 9.75 10
    endloop
  endfacet
  facet normal 0 -1 0
    outer loop
      vertex 158.8 9.75 10
      vertex 200 9.75 10.01
      vertex 101.2 9.75 10
    endloop
  endfacet
  facet normal 0 -1 0
    outer loop
      vertex 161.2 9.75 10
      vertex 200 9.75 10.01
      vertex 158.8 9.75 10
    endloop
  endfacet
  facet normal 0 -1 0
    outer loop
      vertex 161.2 9.75 7.5
      vertex 200 9.75 10.01
      vertex 161.2 9.75 10
    endloop
  endfacet
  facet normal 0 -1 -0
    outer loop
      vertex 200 9.75 10.01
      vertex 161.2 9.75 7.5
      vertex 200 9.75 7.5
    endloop
  endfacet
  facet normal 0 1 -0
    outer loop
      vertex 38.8 26.4 3
      vertex 0 26.4 7.5
      vertex 38.8 26.4 7.5
    endloop
  endfacet
  facet normal 0 1 0
    outer loop
      vertex 0 26.4 7.5
      vertex 38.8 26.4 3
      vertex 0 26.4 3
    endloop
  endfacet
  facet normal 0 1 -0
    outer loop
      vertex 200 26.4 3
      vertex 161.2 26.4 7.5
      vertex 200 26.4 7.5
    endloop
  endfacet
  facet normal 0 1 0
    outer loop
      vertex 161.2 26.4 7.5
      vertex 200 26.4 3
      vertex 161.2 26.4 3
    endloop
  endfacet
  facet normal 0 1 -0
    outer loop
      vertex 98.8 26.4 3
      vertex 41.2 26.4 7.5
      vertex 98.8 26.4 7.5
    endloop
  endfacet
  facet normal 0 1 0
    outer loop
      vertex 41.2 26.4 7.5
      vertex 98.8 26.4 3
      vertex 41.2 26.4 3
    endloop
  endfacet
  facet normal 0 1 -0
    outer loop
      vertex 158.8 26.4 3
      vertex 101.2 26.4 7.5
      vertex 158.8 26.4 7.5
    endloop
  endfacet
  facet normal 0 1 0
    outer loop
      vertex 101.2 26.4 7.5
      vertex 158.8 26.4 3
      vertex 101.2 26.4 3
    endloop
  endfacet
  facet normal 0 -1 0
    outer loop
      vertex 0 23.6 3
      vertex 38.8 23.6 7.5
      vertex 0 23.6 7.5
    endloop
  endfacet
  facet normal 0 -1 -0
    outer loop
      vertex 38.8 23.6 7.5
      vertex 0 23.6 3
      vertex 38.8 23.6 3
    endloop
  endfacet
  facet normal 0 -1 0
    outer loop
      vertex 161.2 23.6 3
      vertex 200 23.6 7.5
      vertex 161.2 23.6 7.5
    endloop
  endfacet
  facet normal 0 -1 -0
    outer loop
      vertex 200 23.6 7.5
      vertex 161.2 23.6 3
      vertex 200 23.6 3
    endloop
  endfacet
  facet normal 0 -1 0
    outer loop
      vertex 41.2 23.6 3
      vertex 98.8 23.6 7.5
      vertex 41.2 23.6 7.5
    endloop
  endfacet
  facet normal 0 -1 -0
    outer loop
      vertex 98.8 23.6 7.5
      vertex 41.2 23.6 3
      vertex 98.8 23.6 3
    endloop
  endfacet
  facet normal 0 -1 0
    outer loop
      vertex 101.2 23.6 3
      vertex 158.8 23.6 7.5
      vertex 101.2 23.6 7.5
    endloop
  endfacet
  facet normal 0 -1 -0
    outer loop
      vertex 158.8 23.6 7.5
      vertex 101.2 23.6 3
      vertex 158.8 23.6 3
    endloop
  endfacet
  facet normal 0 0 1
    outer loop
      vertex 200 27.5 10.01
      vertex 199.332 27 10.01
      vertex 200 22.5 10.01
    endloop
  endfacet
  facet normal 0 0 1
    outer loop
      vertex 200 27.5 10.01
      vertex 196.668 27 10.01
      vertex 199.332 27 10.01
    endloop
  endfacet
  facet normal 0 0 1
    outer loop
      vertex 196.668 27 10.01
      vertex 195.332 27 10.01
      vertex 196.668 23 10.01
    endloop
  endfacet
  facet normal 0 0 1
    outer loop
      vertex 200 27.5 10.01
      vertex 195.332 27 10.01
      vertex 196.668 27 10.01
    endloop
  endfacet
  facet normal 0 0 1
    outer loop
      vertex 200 27.5 10.01
      vertex 192.668 27 10.01
      vertex 195.332 27 10.01
    endloop
  endfacet
  facet normal 0 0 1
    outer loop
      vertex 192.668 27 10.01
      vertex 191.332 27 10.01
      vertex 192.668 23 10.01
    endloop
  endfacet
  facet normal 0 0 1
    outer loop
      vertex 200 27.5 10.01
      vertex 191.332 27 10.01
      vertex 192.668 27 10.01
    endloop
  endfacet
  facet normal 0 0 1
    outer loop
      vertex 200 27.5 10.01
      vertex 188.668 27 10.01
      vertex 191.332 27 10.01
    endloop
  endfacet
  facet normal 0 0 1
    outer loop
      vertex 188.668 27 10.01
      vertex 187.332 27 10.01
      vertex 188.668 23 10.01
    endloop
  endfacet
  facet normal 0 0 1
    outer loop
      vertex 200 27.5 10.01
      vertex 187.332 27 10.01
      vertex 188.668 27 10.01
    endloop
  endfacet
  facet normal 0 0 1
    outer loop
      vertex 200 27.5 10.01
      vertex 184.668 27 10.01
      vertex 187.332 27 10.01
    endloop
  endfacet
  facet normal 0 0 1
    outer loop
      vertex 184.668 27 10.01
      vertex 183.332 27 10.01
      vertex 184.668 23 10.01
    endloop
  endfacet
  facet normal 0 0 1
    outer loop
      vertex 200 27.5 10.01
      vertex 183.332 27 10.01
      vertex 184.668 27 10.01
    endloop
  endfacet
  facet normal 0 0 1
    outer loop
      vertex 200 27.5 10.01
      vertex 180.668 27 10.01
      vertex 183.332 27 10.01
    endloop
  endfacet
  facet normal 0 0 1
    outer loop
      vertex 180.668 27 10.01
      vertex 179.332 27 10.01
      vertex 180.668 23 10.01
    endloop
  endfacet
  facet normal 0 0 1
    outer loop
      vertex 200 27.5 10.01
      vertex 179.332 27 10.01
      vertex 180.668 27 10.01
    endloop
  endfacet
  facet normal 0 0 1
    outer loop
      vertex 200 27.5 10.01
      vertex 176.668 27 10.01
      vertex 179.332 27 10.01
    endloop
  endfacet
  facet normal 0 0 1
    outer loop
      vertex 176.668 27 10.01
      vertex 175.332 27 10.01
      vertex 176.668 23 10.01
    endloop
  endfacet
  facet normal 0 0 1
    outer loop
      vertex 200 27.5 10.01
      vertex 175.332 27 10.01
      vertex 176.668 27 10.01
    endloop
  endfacet
  facet normal 0 0 1
    outer loop
      vertex 200 27.5 10.01
      vertex 172.668 27 10.01
      vertex 175.332 27 10.01
    endloop
  endfacet
  facet normal 0 0 1
    outer loop
      vertex 172.668 27 10.01
      vertex 171.332 27 10.01
      vertex 172.668 23 10.01
    endloop
  endfacet
  facet normal 0 0 1
    outer loop
      vertex 200 27.5 10.01
      vertex 171.332 27 10.01
      vertex 172.668 27 10.01
    endloop
  endfacet
  facet normal 0 0 1
    outer loop
      vertex 200 27.5 10.01
      vertex 168.668 27 10.01
      vertex 171.332 27 10.01
    endloop
  endfacet
  facet normal 0 0 1
    outer loop
      vertex 168.668 27 10.01
      vertex 167.332 27 10.01
      vertex 168.668 23 10.01
    endloop
  endfacet
  facet normal 0 0 1
    outer loop
      vertex 200 27.5 10.01
      vertex 167.332 27 10.01
      vertex 168.668 27 10.01
    endloop
  endfacet
  facet normal 0 0 1
    outer loop
      vertex 200 27.5 10.01
      vertex 164.668 27 10.01
      vertex 167.332 27 10.01
    endloop
  endfacet
  facet normal 0 0 1
    outer loop
      vertex 164.668 27 10.01
      vertex 163.332 27 10.01
      vertex 164.668 23 10.01
    endloop
  endfacet
  facet normal 0 0 1
    outer loop
      vertex 200 27.5 10.01
      vertex 163.332 27 10.01
      vertex 164.668 27 10.01
    endloop
  endfacet
  facet normal 0 0 1
    outer loop
      vertex 200 27.5 10.01
      vertex 160.668 27 10.01
      vertex 163.332 27 10.01
    endloop
  endfacet
  facet normal 0 0 1
    outer loop
      vertex 160.668 27 10.01
      vertex 159.332 27 10.01
      vertex 160.668 23 10.01
    endloop
  endfacet
  facet normal 0 0 1
    outer loop
      vertex 200 27.5 10.01
      vertex 159.332 27 10.01
      vertex 160.668 27 10.01
    endloop
  endfacet
  facet normal 0 0 1
    outer loop
      vertex 200 27.5 10.01
      vertex 156.668 27 10.01
      vertex 159.332 27 10.01
    endloop
  endfacet
  facet normal 0 0 1
    outer loop
      vertex 156.668 27 10.01
      vertex 155.332 27 10.01
      vertex 156.668 23 10.01
    endloop
  endfacet
  facet normal 0 0 1
    outer loop
      vertex 200 27.5 10.01
      vertex 155.332 27 10.01
      vertex 156.668 27 10.01
    endloop
  endfacet
  facet normal 0 0 1
    outer loop
      vertex 200 27.5 10.01
      vertex 152.668 27 10.01
      vertex 155.332 27 10.01
    endloop
  endfacet
  facet normal 0 0 1
    outer loop
      vertex 152.668 27 10.01
      vertex 151.332 27 10.01
      vertex 152.668 23 10.01
    endloop
  endfacet
  facet normal 0 0 1
    outer loop
      vertex 200 27.5 10.01
      vertex 151.332 27 10.01
      vertex 152.668 27 10.01
    endloop
  endfacet
  facet normal 0 0 1
    outer loop
      vertex 200 27.5 10.01
      vertex 148.668 27 10.01
      vertex 151.332 27 10.01
    endloop
  endfacet
  facet normal 0 0 1
    outer loop
      vertex 148.668 27 10.01
      vertex 147.332 27 10.01
      vertex 148.668 23 10.01
    endloop
  endfacet
  facet normal 0 0 1
    outer loop
      vertex 200 27.5 10.01
      vertex 147.332 27 10.01
      vertex 148.668 27 10.01
    endloop
  endfacet
  facet normal 0 0 1
    outer loop
      vertex 200 27.5 10.01
      vertex 144.668 27 10.01
      vertex 147.332 27 10.01
    endloop
  endfacet
  facet normal 0 0 1
    outer loop
      vertex 144.668 27 10.01
      vertex 143.332 27 10.01
      vertex 144.668 23 10.01
    endloop
  endfacet
  facet normal 0 0 1
    outer loop
      vertex 200 27.5 10.01
      vertex 143.332 27 10.01
      vertex 144.668 27 10.01
    endloop
  endfacet
  facet normal 0 0 1
    outer loop
      vertex 200 27.5 10.01
      vertex 140.668 27 10.01
      vertex 143.332 27 10.01
    endloop
  endfacet
  facet normal 0 0 1
    outer loop
      vertex 140.668 27 10.01
      vertex 139.332 27 10.01
      vertex 140.668 23 10.01
    endloop
  endfacet
  facet normal 0 0 1
    outer loop
      vertex 200 27.5 10.01
      vertex 139.332 27 10.01
      vertex 140.668 27 10.01
    endloop
  endfacet
  facet normal 0 0 1
    outer loop
      vertex 200 27.5 10.01
      vertex 136.668 27 10.01
      vertex 139.332 27 10.01
    endloop
  endfacet
  facet normal 0 0 1
    outer loop
      vertex 136.668 27 10.01
      vertex 135.332 27 10.01
      vertex 136.668 23 10.01
    endloop
  endfacet
  facet normal 0 0 1
    outer loop
      vertex 200 27.5 10.01
      vertex 135.332 27 10.01
      vertex 136.668 27 10.01
    endloop
  endfacet
  facet normal 0 0 1
    outer loop
      vertex 200 27.5 10.01
      vertex 132.668 27 10.01
      vertex 135.332 27 10.01
    endloop
  endfacet
  facet normal 0 0 1
    outer loop
      vertex 132.668 27 10.01
      vertex 131.332 27 10.01
      vertex 132.668 23 10.01
    endloop
  endfacet
  facet normal 0 0 1
    outer loop
      vertex 200 27.5 10.01
      vertex 131.332 27 10.01
      vertex 132.668 27 10.01
    endloop
  endfacet
  facet normal 0 0 1
    outer loop
      vertex 200 27.5 10.01
      vertex 128.668 27 10.01
      vertex 131.332 27 10.01
    endloop
  endfacet
  facet normal 0 0 1
    outer loop
      vertex 128.668 27 10.01
      vertex 127.332 27 10.01
      vertex 128.668 23 10.01
    endloop
  endfacet
  facet normal 0 0 1
    outer loop
      vertex 200 27.5 10.01
      vertex 127.332 27 10.01
      vertex 128.668 27 10.01
    endloop
  endfacet
  facet normal 0 0 1
    outer loop
      vertex 200 27.5 10.01
      vertex 124.668 27 10.01
      vertex 127.332 27 10.01
    endloop
  endfacet
  facet normal 0 0 1
    outer loop
      vertex 124.668 27 10.01
      vertex 123.332 27 10.01
      vertex 124.668 23 10.01
    endloop
  endfacet
  facet normal 0 0 1
    outer loop
      vertex 200 27.5 10.01
      vertex 123.332 27 10.01
      vertex 124.668 27 10.01
    endloop
  endfacet
  facet normal 0 0 1
    outer loop
      vertex 200 27.5 10.01
      vertex 120.668 27 10.01
      vertex 123.332 27 10.01
    endloop
  endfacet
  facet normal 0 0 1
    outer loop
      vertex 120.668 27 10.01
      vertex 119.332 27 10.01
      vertex 120.668 23 10.01
    endloop
  endfacet
  facet normal 0 0 1
    outer loop
      vertex 200 27.5 10.01
      vertex 119.332 27 10.01
      vertex 120.668 27 10.01
    endloop
  endfacet
  facet normal 0 0 1
    outer loop
      vertex 200 27.5 10.01
      vertex 116.668 27 10.01
      vertex 119.332 27 10.01
    endloop
  endfacet
  facet normal 0 0 1
    outer loop
      vertex 116.668 27 10.01
      vertex 115.332 27 10.01
      vertex 116.668 23 10.01
    endloop
  endfacet
  facet normal 0 0 1
    outer loop
      vertex 200 27.5 10.01
      vertex 115.332 27 10.01
      vertex 116.668 27 10.01
    endloop
  endfacet
  facet normal 0 0 1
    outer loop
      vertex 200 27.5 10.01
      vertex 112.668 27 10.01
      vertex 115.332 27 10.01
    endloop
  endfacet
  facet normal 0 0 1
    outer loop
      vertex 112.668 27 10.01
      vertex 111.332 27 10.01
      vertex 112.668 23 10.01
    endloop
  endfacet
  facet normal 0 0 1
    outer loop
      vertex 200 27.5 10.01
      vertex 111.332 27 10.01
      vertex 112.668 27 10.01
    endloop
  endfacet
  facet normal 0 0 1
    outer loop
      vertex 200 27.5 10.01
      vertex 108.668 27 10.01
      vertex 111.332 27 10.01
    endloop
  endfacet
  facet normal 0 0 1
    outer loop
      vertex 108.668 27 10.01
      vertex 107.332 27 10.01
      vertex 108.668 23 10.01
    endloop
  endfacet
  facet normal 0 0 1
    outer loop
      vertex 200 27.5 10.01
      vertex 107.332 27 10.01
      vertex 108.668 27 10.01
    endloop
  endfacet
  facet normal 0 0 1
    outer loop
      vertex 200 27.5 10.01
      vertex 104.668 27 10.01
      vertex 107.332 27 10.01
    endloop
  endfacet
  facet normal 0 0 1
    outer loop
      vertex 104.668 27 10.01
      vertex 103.332 27 10.01
      vertex 104.668 23 10.01
    endloop
  endfacet
  facet normal 0 0 1
    outer loop
      vertex 200 27.5 10.01
      vertex 103.332 27 10.01
      vertex 104.668 27 10.01
    endloop
  endfacet
  facet normal 0 0 1
    outer loop
      vertex 200 27.5 10.01
      vertex 100.668 27 10.01
      vertex 103.332 27 10.01
    endloop
  endfacet
  facet normal 0 0 1
    outer loop
      vertex 100.668 27 10.01
      vertex 99.3318 27 10.01
      vertex 100.668 23 10.01
    endloop
  endfacet
  facet normal 0 0 1
    outer loop
      vertex 200 27.5 10.01
      vertex 99.3318 27 10.01
      vertex 100.668 27 10.01
    endloop
  endfacet
  facet normal 0 0 1
    outer loop
      vertex 200 27.5 10.01
      vertex 96.6682 27 10.01
      vertex 99.3318 27 10.01
    endloop
  endfacet
  facet normal 0 0 1
    outer loop
      vertex 96.6682 27 10.01
      vertex 95.3318 27 10.01
      vertex 96.6682 23 10.01
    endloop
  endfacet
  facet normal 0 0 1
    outer loop
      vertex 200 27.5 10.01
      vertex 95.3318 27 10.01
      vertex 96.6682 27 10.01
    endloop
  endfacet
  facet normal 0 0 1
    outer loop
      vertex 200 27.5 10.01
      vertex 92.6682 27 10.01
      vertex 95.3318 27 10.01
    endloop
  endfacet
  facet normal 0 0 1
    outer loop
      vertex 92.6682 27 10.01
      vertex 91.3318 27 10.01
      vertex 92.6682 23 10.01
    endloop
  endfacet
  facet normal 0 0 1
    outer loop
      vertex 200 27.5 10.01
      vertex 91.3318 27 10.01
      vertex 92.6682 27 10.01
    endloop
  endfacet
  facet normal 0 0 1
    outer loop
      vertex 200 27.5 10.01
      vertex 88.6682 27 10.01
      vertex 91.3318 27 10.01
    endloop
  endfacet
  facet normal 0 0 1
    outer loop
      vertex 88.6682 27 10.01
      vertex 87.3318 27 10.01
      vertex 88.6682 23 10.01
    endloop
  endfacet
  facet normal 0 0 1
    outer loop
      vertex 200 27.5 10.01
      vertex 87.3318 27 10.01
      vertex 88.6682 27 10.01
    endloop
  endfacet
  facet normal 0 0 1
    outer loop
      vertex 200 27.5 10.01
      vertex 84.6682 27 10.01
      vertex 87.3318 27 10.01
    endloop
  endfacet
  facet normal 0 0 1
    outer loop
      vertex 84.6682 27 10.01
      vertex 83.3318 27 10.01
      vertex 84.6682 23 10.01
    endloop
  endfacet
  facet normal 0 0 1
    outer loop
      vertex 200 27.5 10.01
      vertex 83.3318 27 10.01
      vertex 84.6682 27 10.01
    endloop
  endfacet
  facet normal 0 0 1
    outer loop
      vertex 200 27.5 10.01
      vertex 80.6682 27 10.01
      vertex 83.3318 27 10.01
    endloop
  endfacet
  facet normal 0 0 1
    outer loop
      vertex 80.6682 27 10.01
      vertex 79.3318 27 10.01
      vertex 80.6682 23 10.01
    endloop
  endfacet
  facet normal 0 0 1
    outer loop
      vertex 200 27.5 10.01
      vertex 79.3318 27 10.01
      vertex 80.6682 27 10.01
    endloop
  endfacet
  facet normal 0 0 1
    outer loop
      vertex 200 27.5 10.01
      vertex 76.6682 27 10.01
      vertex 79.3318 27 10.01
    endloop
  endfacet
  facet normal 0 0 1
    outer loop
      vertex 76.6682 27 10.01
      vertex 75.3318 27 10.01
      vertex 76.6682 23 10.01
    endloop
  endfacet
  facet normal 0 0 1
    outer loop
      vertex 200 27.5 10.01
      vertex 75.3318 27 10.01
      vertex 76.6682 27 10.01
    endloop
  endfacet
  facet normal 0 0 1
    outer loop
      vertex 200 27.5 10.01
      vertex 72.6682 27 10.01
      vertex 75.3318 27 10.01
    endloop
  endfacet
  facet normal 0 0 1
    outer loop
      vertex 72.6682 27 10.01
      vertex 71.3318 27 10.01
      vertex 72.6682 23 10.01
    endloop
  endfacet
  facet normal 0 0 1
    outer loop
      vertex 200 27.5 10.01
      vertex 71.3318 27 10.01
      vertex 72.6682 27 10.01
    endloop
  endfacet
  facet normal 0 0 1
    outer loop
      vertex 200 27.5 10.01
      vertex 68.6682 27 10.01
      vertex 71.3318 27 10.01
    endloop
  endfacet
  facet normal 0 0 1
    outer loop
      vertex 68.6682 27 10.01
      vertex 67.3318 27 10.01
      vertex 68.6682 23 10.01
    endloop
  endfacet
  facet normal 0 0 1
    outer loop
      vertex 200 27.5 10.01
      vertex 67.3318 27 10.01
      vertex 68.6682 27 10.01
    endloop
  endfacet
  facet normal 0 0 1
    outer loop
      vertex 200 27.5 10.01
      vertex 64.6682 27 10.01
      vertex 67.3318 27 10.01
    endloop
  endfacet
  facet normal 0 0 1
    outer loop
      vertex 64.6682 27 10.01
      vertex 63.3318 27 10.01
      vertex 64.6682 23 10.01
    endloop
  endfacet
  facet normal 0 0 1
    outer loop
      vertex 200 27.5 10.01
      vertex 63.3318 27 10.01
      vertex 64.6682 27 10.01
    endloop
  endfacet
  facet normal 0 0 1
    outer loop
      vertex 200 27.5 10.01
      vertex 60.6682 27 10.01
      vertex 63.3318 27 10.01
    endloop
  endfacet
  facet normal 0 0 1
    outer loop
      vertex 60.6682 27 10.01
      vertex 59.3318 27 10.01
      vertex 60.6682 23 10.01
    endloop
  endfacet
  facet normal 0 0 1
    outer loop
      vertex 200 27.5 10.01
      vertex 59.3318 27 10.01
      vertex 60.6682 27 10.01
    endloop
  endfacet
  facet normal 0 0 1
    outer loop
      vertex 200 27.5 10.01
      vertex 56.6682 27 10.01
      vertex 59.3318 27 10.01
    endloop
  endfacet
  facet normal 0 0 1
    outer loop
      vertex 56.6682 27 10.01
      vertex 55.3318 27 10.01
      vertex 56.6682 23 10.01
    endloop
  endfacet
  facet normal 0 0 1
    outer loop
      vertex 200 27.5 10.01
      vertex 55.3318 27 10.01
      vertex 56.6682 27 10.01
    endloop
  endfacet
  facet normal 0 0 1
    outer loop
      vertex 200 27.5 10.01
      vertex 52.6682 27 10.01
      vertex 55.3318 27 10.01
    endloop
  endfacet
  facet normal 0 0 1
    outer loop
      vertex 52.6682 27 10.01
      vertex 51.3318 27 10.01
      vertex 52.6682 23 10.01
    endloop
  endfacet
  facet normal 0 0 1
    outer loop
      vertex 200 27.5 10.01
      vertex 51.3318 27 10.01
      vertex 52.6682 27 10.01
    endloop
  endfacet
  facet normal 0 0 1
    outer loop
      vertex 200 27.5 10.01
      vertex 48.6682 27 10.01
      vertex 51.3318 27 10.01
    endloop
  endfacet
  facet normal 0 0 1
    outer loop
      vertex 48.6682 27 10.01
      vertex 47.3318 27 10.01
      vertex 48.6682 23 10.01
    endloop
  endfacet
  facet normal 0 0 1
    outer loop
      vertex 200 27.5 10.01
      vertex 47.3318 27 10.01
      vertex 48.6682 27 10.01
    endloop
  endfacet
  facet normal 0 0 1
    outer loop
      vertex 200 27.5 10.01
      vertex 44.6682 27 10.01
      vertex 47.3318 27 10.01
    endloop
  endfacet
  facet normal 0 0 1
    outer loop
      vertex 44.6682 27 10.01
      vertex 43.3318 27 10.01
      vertex 44.6682 23 10.01
    endloop
  endfacet
  facet normal 0 0 1
    outer loop
      vertex 200 27.5 10.01
      vertex 43.3318 27 10.01
      vertex 44.6682 27 10.01
    endloop
  endfacet
  facet normal 0 0 1
    outer loop
      vertex 200 27.5 10.01
      vertex 40.6682 27 10.01
      vertex 43.3318 27 10.01
    endloop
  endfacet
  facet normal 0 0 1
    outer loop
      vertex 40.6682 27 10.01
      vertex 39.3318 27 10.01
      vertex 40.6682 23 10.01
    endloop
  endfacet
  facet normal 0 0 1
    outer loop
      vertex 200 27.5 10.01
      vertex 39.3318 27 10.01
      vertex 40.6682 27 10.01
    endloop
  endfacet
  facet normal -0 0 1
    outer loop
      vertex 0 27.5 10.01
      vertex 39.3318 27 10.01
      vertex 200 27.5 10.01
    endloop
  endfacet
  facet normal 0 0 1
    outer loop
      vertex 36.6682 27 10.01
      vertex 35.3318 27 10.01
      vertex 36.6682 23 10.01
    endloop
  endfacet
  facet normal 0 0 1
    outer loop
      vertex 39.3318 27 10.01
      vertex 0 27.5 10.01
      vertex 36.6682 27 10.01
    endloop
  endfacet
  facet normal 0 0 1
    outer loop
      vertex 36.6682 27 10.01
      vertex 0 27.5 10.01
      vertex 35.3318 27 10.01
    endloop
  endfacet
  facet normal 0 0 1
    outer loop
      vertex 32.6682 27 10.01
      vertex 31.3318 27 10.01
      vertex 32.6682 23 10.01
    endloop
  endfacet
  facet normal 0 0 1
    outer loop
      vertex 35.3318 27 10.01
      vertex 0 27.5 10.01
      vertex 32.6682 27 10.01
    endloop
  endfacet
  facet normal 0 0 1
    outer loop
      vertex 32.6682 27 10.01
      vertex 0 27.5 10.01
      vertex 31.3318 27 10.01
    endloop
  endfacet
  facet normal 0 0 1
    outer loop
      vertex 28.6682 27 10.01
      vertex 27.3318 27 10.01
      vertex 28.6682 23 10.01
    endloop
  endfacet
  facet normal 0 0 1
    outer loop
      vertex 31.3318 27 10.01
      vertex 0 27.5 10.01
      vertex 28.6682 27 10.01
    endloop
  endfacet
  facet normal 0 0 1
    outer loop
      vertex 28.6682 27 10.01
      vertex 0 27.5 10.01
      vertex 27.3318 27 10.01
    endloop
  endfacet
  facet normal 0 0 1
    outer loop
      vertex 24.6682 27 10.01
      vertex 23.3318 27 10.01
      vertex 24.6682 23 10.01
    endloop
  endfacet
  facet normal 0 0 1
    outer loop
      vertex 27.3318 27 10.01
      vertex 0 27.5 10.01
      vertex 24.6682 27 10.01
    endloop
  endfacet
  facet normal 0 0 1
    outer loop
      vertex 24.6682 27 10.01
      vertex 0 27.5 10.01
      vertex 23.3318 27 10.01
    endloop
  endfacet
  facet normal 0 0 1
    outer loop
      vertex 20.6682 27 10.01
      vertex 19.3318 27 10.01
      vertex 20.6682 23 10.01
    endloop
  endfacet
  facet normal 0 0 1
    outer loop
      vertex 23.3318 27 10.01
      vertex 0 27.5 10.01
      vertex 20.6682 27 10.01
    endloop
  endfacet
  facet normal 0 0 1
    outer loop
      vertex 20.6682 27 10.01
      vertex 0 27.5 10.01
      vertex 19.3318 27 10.01
    endloop
  endfacet
  facet normal 0 0 1
    outer loop
      vertex 16.6682 27 10.01
      vertex 15.3318 27 10.01
      vertex 16.6682 23 10.01
    endloop
  endfacet
  facet normal 0 0 1
    outer loop
      vertex 19.3318 27 10.01
      vertex 0 27.5 10.01
      vertex 16.6682 27 10.01
    endloop
  endfacet
  facet normal 0 0 1
    outer loop
      vertex 16.6682 27 10.01
      vertex 0 27.5 10.01
      vertex 15.3318 27 10.01
    endloop
  endfacet
  facet normal 0 0 1
    outer loop
      vertex 12.6682 27 10.01
      vertex 11.3318 27 10.01
      vertex 12.6682 23 10.01
    endloop
  endfacet
  facet normal 0 0 1
    outer loop
      vertex 15.3318 27 10.01
      vertex 0 27.5 10.01
      vertex 12.6682 27 10.01
    endloop
  endfacet
  facet normal 0 0 1
    outer loop
      vertex 12.6682 27 10.01
      vertex 0 27.5 10.01
      vertex 11.3318 27 10.01
    endloop
  endfacet
  facet normal 0 0 1
    outer loop
      vertex 8.66818 27 10.01
      vertex 7.33182 27 10.01
      vertex 8.66818 23 10.01
    endloop
  endfacet
  facet normal 0 0 1
    outer loop
      vertex 11.3318 27 10.01
      vertex 0 27.5 10.01
      vertex 8.66818 27 10.01
    endloop
  endfacet
  facet normal 0 0 1
    outer loop
      vertex 8.66818 27 10.01
      vertex 0 27.5 10.01
      vertex 7.33182 27 10.01
    endloop
  endfacet
  facet normal 0 0 1
    outer loop
      vertex 4.66818 27 10.01
      vertex 3.33182 27 10.01
      vertex 4.66818 23 10.01
    endloop
  endfacet
  facet normal 0 0 1
    outer loop
      vertex 7.33182 27 10.01
      vertex 0 27.5 10.01
      vertex 4.66818 27 10.01
    endloop
  endfacet
  facet normal 0 0 1
    outer loop
      vertex 4.66818 27 10.01
      vertex 0 27.5 10.01
      vertex 3.33182 27 10.01
    endloop
  endfacet
  facet normal 0 0 1
    outer loop
      vertex 0.668181 27 10.01
      vertex 0 27.5 10.01
      vertex 0.668181 23 10.01
    endloop
  endfacet
  facet normal 0 0 1
    outer loop
      vertex 3.33182 27 10.01
      vertex 0 27.5 10.01
      vertex 0.668181 27 10.01
    endloop
  endfacet
  facet normal -0 0 1
    outer loop
      vertex 199.332 23 10.01
      vertex 200 22.5 10.01
      vertex 199.332 27 10.01
    endloop
  endfacet
  facet normal -0 0 1
    outer loop
      vertex 196.668 23 10.01
      vertex 200 22.5 10.01
      vertex 199.332 23 10.01
    endloop
  endfacet
  facet normal 0 0 1
    outer loop
      vertex 195.332 23 10.01
      vertex 196.668 23 10.01
      vertex 195.332 27 10.01
    endloop
  endfacet
  facet normal -0 0 1
    outer loop
      vertex 195.332 23 10.01
      vertex 200 22.5 10.01
      vertex 196.668 23 10.01
    endloop
  endfacet
  facet normal -0 0 1
    outer loop
      vertex 192.668 23 10.01
      vertex 200 22.5 10.01
      vertex 195.332 23 10.01
    endloop
  endfacet
  facet normal 0 0 1
    outer loop
      vertex 191.332 23 10.01
      vertex 192.668 23 10.01
      vertex 191.332 27 10.01
    endloop
  endfacet
  facet normal -0 0 1
    outer loop
      vertex 191.332 23 10.01
      vertex 200 22.5 10.01
      vertex 192.668 23 10.01
    endloop
  endfacet
  facet normal -0 0 1
    outer loop
      vertex 188.668 23 10.01
      vertex 200 22.5 10.01
      vertex 191.332 23 10.01
    endloop
  endfacet
  facet normal 0 0 1
    outer loop
      vertex 187.332 23 10.01
      vertex 188.668 23 10.01
      vertex 187.332 27 10.01
    endloop
  endfacet
  facet normal -0 0 1
    outer loop
      vertex 187.332 23 10.01
      vertex 200 22.5 10.01
      vertex 188.668 23 10.01
    endloop
  endfacet
  facet normal -0 0 1
    outer loop
      vertex 184.668 23 10.01
      vertex 200 22.5 10.01
      vertex 187.332 23 10.01
    endloop
  endfacet
  facet normal 0 0 1
    outer loop
      vertex 183.332 23 10.01
      vertex 184.668 23 10.01
      vertex 183.332 27 10.01
    endloop
  endfacet
  facet normal -0 0 1
    outer loop
      vertex 183.332 23 10.01
      vertex 200 22.5 10.01
      vertex 184.668 23 10.01
    endloop
  endfacet
  facet normal -0 0 1
    outer loop
      vertex 180.668 23 10.01
      vertex 200 22.5 10.01
      vertex 183.332 23 10.01
    endloop
  endfacet
  facet normal 0 0 1
    outer loop
      vertex 179.332 23 10.01
      vertex 180.668 23 10.01
      vertex 179.332 27 10.01
    endloop
  endfacet
  facet normal -0 0 1
    outer loop
      vertex 179.332 23 10.01
      vertex 200 22.5 10.01
      vertex 180.668 23 10.01
    endloop
  endfacet
  facet normal -0 0 1
    outer loop
      vertex 176.668 23 10.01
      vertex 200 22.5 10.01
      vertex 179.332 23 10.01
    endloop
  endfacet
  facet normal 0 0 1
    outer loop
      vertex 175.332 23 10.01
      vertex 176.668 23 10.01
      vertex 175.332 27 10.01
    endloop
  endfacet
  facet normal -0 0 1
    outer loop
      vertex 175.332 23 10.01
      vertex 200 22.5 10.01
      vertex 176.668 23 10.01
    endloop
  endfacet
  facet normal -0 0 1
    outer loop
      vertex 172.668 23 10.01
      vertex 200 22.5 10.01
      vertex 175.332 23 10.01
    endloop
  endfacet
  facet normal 0 0 1
    outer loop
      vertex 171.332 23 10.01
      vertex 172.668 23 10.01
      vertex 171.332 27 10.01
    endloop
  endfacet
  facet normal -0 0 1
    outer loop
      vertex 171.332 23 10.01
      vertex 200 22.5 10.01
      vertex 172.668 23 10.01
    endloop
  endfacet
  facet normal -0 0 1
    outer loop
      vertex 168.668 23 10.01
      vertex 200 22.5 10.01
      vertex 171.332 23 10.01
    endloop
  endfacet
  facet normal 0 0 1
    outer loop
      vertex 167.332 23 10.01
      vertex 168.668 23 10.01
      vertex 167.332 27 10.01
    endloop
  endfacet
  facet normal -0 0 1
    outer loop
      vertex 167.332 23 10.01
      vertex 200 22.5 10.01
      vertex 168.668 23 10.01
    endloop
  endfacet
  facet normal -0 0 1
    outer loop
      vertex 164.668 23 10.01
      vertex 200 22.5 10.01
      vertex 167.332 23 10.01
    endloop
  endfacet
  facet normal 0 0 1
    outer loop
      vertex 163.332 23 10.01
      vertex 164.668 23 10.01
      vertex 163.332 27 10.01
    endloop
  endfacet
  facet normal -0 0 1
    outer loop
      vertex 163.332 23 10.01
      vertex 200 22.5 10.01
      vertex 164.668 23 10.01
    endloop
  endfacet
  facet normal -0 0 1
    outer loop
      vertex 160.668 23 10.01
      vertex 200 22.5 10.01
      vertex 163.332 23 10.01
    endloop
  endfacet
  facet normal 0 0 1
    outer loop
      vertex 159.332 23 10.01
      vertex 160.668 23 10.01
      vertex 159.332 27 10.01
    endloop
  endfacet
  facet normal -0 0 1
    outer loop
      vertex 159.332 23 10.01
      vertex 200 22.5 10.01
      vertex 160.668 23 10.01
    endloop
  endfacet
  facet normal -0 0 1
    outer loop
      vertex 156.668 23 10.01
      vertex 200 22.5 10.01
      vertex 159.332 23 10.01
    endloop
  endfacet
  facet normal 0 0 1
    outer loop
      vertex 155.332 23 10.01
      vertex 156.668 23 10.01
      vertex 155.332 27 10.01
    endloop
  endfacet
  facet normal -0 0 1
    outer loop
      vertex 155.332 23 10.01
      vertex 200 22.5 10.01
      vertex 156.668 23 10.01
    endloop
  endfacet
  facet normal -0 0 1
    outer loop
      vertex 152.668 23 10.01
      vertex 200 22.5 10.01
      vertex 155.332 23 10.01
    endloop
  endfacet
  facet normal 0 0 1
    outer loop
      vertex 151.332 23 10.01
      vertex 152.668 23 10.01
      vertex 151.332 27 10.01
    endloop
  endfacet
  facet normal -0 0 1
    outer loop
      vertex 151.332 23 10.01
      vertex 200 22.5 10.01
      vertex 152.668 23 10.01
    endloop
  endfacet
  facet normal -0 0 1
    outer loop
      vertex 148.668 23 10.01
      vertex 200 22.5 10.01
      vertex 151.332 23 10.01
    endloop
  endfacet
  facet normal 0 0 1
    outer loop
      vertex 147.332 23 10.01
      vertex 148.668 23 10.01
      vertex 147.332 27 10.01
    endloop
  endfacet
  facet normal -0 0 1
    outer loop
      vertex 147.332 23 10.01
      vertex 200 22.5 10.01
      vertex 148.668 23 10.01
    endloop
  endfacet
  facet normal -0 0 1
    outer loop
      vertex 144.668 23 10.01
      vertex 200 22.5 10.01
      vertex 147.332 23 10.01
    endloop
  endfacet
  facet normal 0 0 1
    outer loop
      vertex 143.332 23 10.01
      vertex 144.668 23 10.01
      vertex 143.332 27 10.01
    endloop
  endfacet
  facet normal -0 0 1
    outer loop
      vertex 143.332 23 10.01
      vertex 200 22.5 10.01
      vertex 144.668 23 10.01
    endloop
  endfacet
  facet normal -0 0 1
    outer loop
      vertex 140.668 23 10.01
      vertex 200 22.5 10.01
      vertex 143.332 23 10.01
    endloop
  endfacet
  facet normal 0 0 1
    outer loop
      vertex 139.332 23 10.01
      vertex 140.668 23 10.01
      vertex 139.332 27 10.01
    endloop
  endfacet
  facet normal -0 0 1
    outer loop
      vertex 139.332 23 10.01
      vertex 200 22.5 10.01
      vertex 140.668 23 10.01
    endloop
  endfacet
  facet normal -0 0 1
    outer loop
      vertex 136.668 23 10.01
      vertex 200 22.5 10.01
      vertex 139.332 23 10.01
    endloop
  endfacet
  facet normal 0 0 1
    outer loop
      vertex 135.332 23 10.01
      vertex 136.668 23 10.01
      vertex 135.332 27 10.01
    endloop
  endfacet
  facet normal -0 0 1
    outer loop
      vertex 135.332 23 10.01
      vertex 200 22.5 10.01
      vertex 136.668 23 10.01
    endloop
  endfacet
  facet normal -0 0 1
    outer loop
      vertex 132.668 23 10.01
      vertex 200 22.5 10.01
      vertex 135.332 23 10.01
    endloop
  endfacet
  facet normal 0 0 1
    outer loop
      vertex 131.332 23 10.01
      vertex 132.668 23 10.01
      vertex 131.332 27 10.01
    endloop
  endfacet
  facet normal -0 0 1
    outer loop
      vertex 131.332 23 10.01
      vertex 200 22.5 10.01
      vertex 132.668 23 10.01
    endloop
  endfacet
  facet normal -0 0 1
    outer loop
      vertex 128.668 23 10.01
      vertex 200 22.5 10.01
      vertex 131.332 23 10.01
    endloop
  endfacet
  facet normal 0 0 1
    outer loop
      vertex 127.332 23 10.01
      vertex 128.668 23 10.01
      vertex 127.332 27 10.01
    endloop
  endfacet
  facet normal -0 0 1
    outer loop
      vertex 127.332 23 10.01
      vertex 200 22.5 10.01
      vertex 128.668 23 10.01
    endloop
  endfacet
  facet normal -0 0 1
    outer loop
      vertex 124.668 23 10.01
      vertex 200 22.5 10.01
      vertex 127.332 23 10.01
    endloop
  endfacet
  facet normal 0 0 1
    outer loop
      vertex 123.332 23 10.01
      vertex 124.668 23 10.01
      vertex 123.332 27 10.01
    endloop
  endfacet
  facet normal -0 0 1
    outer loop
      vertex 123.332 23 10.01
      vertex 200 22.5 10.01
      vertex 124.668 23 10.01
    endloop
  endfacet
  facet normal -0 0 1
    outer loop
      vertex 120.668 23 10.01
      vertex 200 22.5 10.01
      vertex 123.332 23 10.01
    endloop
  endfacet
  facet normal 0 0 1
    outer loop
      vertex 119.332 23 10.01
      vertex 120.668 23 10.01
      vertex 119.332 27 10.01
    endloop
  endfacet
  facet normal -0 0 1
    outer loop
      vertex 119.332 23 10.01
      vertex 200 22.5 10.01
      vertex 120.668 23 10.01
    endloop
  endfacet
  facet normal -0 0 1
    outer loop
      vertex 116.668 23 10.01
      vertex 200 22.5 10.01
      vertex 119.332 23 10.01
    endloop
  endfacet
  facet normal 0 0 1
    outer loop
      vertex 115.332 23 10.01
      vertex 116.668 23 10.01
      vertex 115.332 27 10.01
    endloop
  endfacet
  facet normal -0 0 1
    outer loop
      vertex 115.332 23 10.01
      vertex 200 22.5 10.01
      vertex 116.668 23 10.01
    endloop
  endfacet
  facet normal -0 0 1
    outer loop
      vertex 112.668 23 10.01
      vertex 200 22.5 10.01
      vertex 115.332 23 10.01
    endloop
  endfacet
  facet normal 0 0 1
    outer loop
      vertex 111.332 23 10.01
      vertex 112.668 23 10.01
      vertex 111.332 27 10.01
    endloop
  endfacet
  facet normal -0 0 1
    outer loop
      vertex 111.332 23 10.01
      vertex 200 22.5 10.01
      vertex 112.668 23 10.01
    endloop
  endfacet
  facet normal -0 0 1
    outer loop
      vertex 108.668 23 10.01
      vertex 200 22.5 10.01
      vertex 111.332 23 10.01
    endloop
  endfacet
  facet normal 0 0 1
    outer loop
      vertex 107.332 23 10.01
      vertex 108.668 23 10.01
      vertex 107.332 27 10.01
    endloop
  endfacet
  facet normal -0 0 1
    outer loop
      vertex 107.332 23 10.01
      vertex 200 22.5 10.01
      vertex 108.668 23 10.01
    endloop
  endfacet
  facet normal -0 0 1
    outer loop
      vertex 104.668 23 10.01
      vertex 200 22.5 10.01
      vertex 107.332 23 10.01
    endloop
  endfacet
  facet normal 0 0 1
    outer loop
      vertex 103.332 23 10.01
      vertex 104.668 23 10.01
      vertex 103.332 27 10.01
    endloop
  endfacet
  facet normal -0 0 1
    outer loop
      vertex 103.332 23 10.01
      vertex 200 22.5 10.01
      vertex 104.668 23 10.01
    endloop
  endfacet
  facet normal -0 0 1
    outer loop
      vertex 100.668 23 10.01
      vertex 200 22.5 10.01
      vertex 103.332 23 10.01
    endloop
  endfacet
  facet normal 0 0 1
    outer loop
      vertex 99.3318 23 10.01
      vertex 100.668 23 10.01
      vertex 99.3318 27 10.01
    endloop
  endfacet
  facet normal -0 0 1
    outer loop
      vertex 99.3318 23 10.01
      vertex 200 22.5 10.01
      vertex 100.668 23 10.01
    endloop
  endfacet
  facet normal -0 0 1
    outer loop
      vertex 96.6682 23 10.01
      vertex 200 22.5 10.01
      vertex 99.3318 23 10.01
    endloop
  endfacet
  facet normal 0 0 1
    outer loop
      vertex 95.3318 23 10.01
      vertex 96.6682 23 10.01
      vertex 95.3318 27 10.01
    endloop
  endfacet
  facet normal -0 0 1
    outer loop
      vertex 95.3318 23 10.01
      vertex 200 22.5 10.01
      vertex 96.6682 23 10.01
    endloop
  endfacet
  facet normal -0 0 1
    outer loop
      vertex 92.6682 23 10.01
      vertex 200 22.5 10.01
      vertex 95.3318 23 10.01
    endloop
  endfacet
  facet normal 0 0 1
    outer loop
      vertex 91.3318 23 10.01
      vertex 92.6682 23 10.01
      vertex 91.3318 27 10.01
    endloop
  endfacet
  facet normal -0 0 1
    outer loop
      vertex 91.3318 23 10.01
      vertex 200 22.5 10.01
      vertex 92.6682 23 10.01
    endloop
  endfacet
  facet normal -0 0 1
    outer loop
      vertex 88.6682 23 10.01
      vertex 200 22.5 10.01
      vertex 91.3318 23 10.01
    endloop
  endfacet
  facet normal 0 0 1
    outer loop
      vertex 87.3318 23 10.01
      vertex 88.6682 23 10.01
      vertex 87.3318 27 10.01
    endloop
  endfacet
  facet normal -0 0 1
    outer loop
      vertex 87.3318 23 10.01
      vertex 200 22.5 10.01
      vertex 88.6682 23 10.01
    endloop
  endfacet
  facet normal -0 0 1
    outer loop
      vertex 84.6682 23 10.01
      vertex 200 22.5 10.01
      vertex 87.3318 23 10.01
    endloop
  endfacet
  facet normal 0 0 1
    outer loop
      vertex 83.3318 23 10.01
      vertex 84.6682 23 10.01
      vertex 83.3318 27 10.01
    endloop
  endfacet
  facet normal -0 0 1
    outer loop
      vertex 83.3318 23 10.01
      vertex 200 22.5 10.01
      vertex 84.6682 23 10.01
    endloop
  endfacet
  facet normal -0 0 1
    outer loop
      vertex 80.6682 23 10.01
      vertex 200 22.5 10.01
      vertex 83.3318 23 10.01
    endloop
  endfacet
  facet normal 0 0 1
    outer loop
      vertex 79.3318 23 10.01
      vertex 80.6682 23 10.01
      vertex 79.3318 27 10.01
    endloop
  endfacet
  facet normal -0 0 1
    outer loop
      vertex 79.3318 23 10.01
      vertex 200 22.5 10.01
      vertex 80.6682 23 10.01
    endloop
  endfacet
  facet normal -0 0 1
    outer loop
      vertex 76.6682 23 10.01
      vertex 200 22.5 10.01
      vertex 79.3318 23 10.01
    endloop
  endfacet
  facet normal 0 0 1
    outer loop
      vertex 75.3318 23 10.01
      vertex 76.6682 23 10.01
      vertex 75.3318 27 10.01
    endloop
  endfacet
  facet normal -0 0 1
    outer loop
      vertex 75.3318 23 10.01
      vertex 200 22.5 10.01
      vertex 76.6682 23 10.01
    endloop
  endfacet
  facet normal -0 0 1
    outer loop
      vertex 72.6682 23 10.01
      vertex 200 22.5 10.01
      vertex 75.3318 23 10.01
    endloop
  endfacet
  facet normal 0 0 1
    outer loop
      vertex 71.3318 23 10.01
      vertex 72.6682 23 10.01
      vertex 71.3318 27 10.01
    endloop
  endfacet
  facet normal -0 0 1
    outer loop
      vertex 71.3318 23 10.01
      vertex 200 22.5 10.01
      vertex 72.6682 23 10.01
    endloop
  endfacet
  facet normal -0 0 1
    outer loop
      vertex 68.6682 23 10.01
      vertex 200 22.5 10.01
      vertex 71.3318 23 10.01
    endloop
  endfacet
  facet normal 0 0 1
    outer loop
      vertex 67.3318 23 10.01
      vertex 68.6682 23 10.01
      vertex 67.3318 27 10.01
    endloop
  endfacet
  facet normal -0 0 1
    outer loop
      vertex 67.3318 23 10.01
      vertex 200 22.5 10.01
      vertex 68.6682 23 10.01
    endloop
  endfacet
  facet normal -0 0 1
    outer loop
      vertex 64.6682 23 10.01
      vertex 200 22.5 10.01
      vertex 67.3318 23 10.01
    endloop
  endfacet
  facet normal 0 0 1
    outer loop
      vertex 63.3318 23 10.01
      vertex 64.6682 23 10.01
      vertex 63.3318 27 10.01
    endloop
  endfacet
  facet normal -0 0 1
    outer loop
      vertex 63.3318 23 10.01
      vertex 200 22.5 10.01
      vertex 64.6682 23 10.01
    endloop
  endfacet
  facet normal -0 0 1
    outer loop
      vertex 60.6682 23 10.01
      vertex 200 22.5 10.01
      vertex 63.3318 23 10.01
    endloop
  endfacet
  facet normal 0 0 1
    outer loop
      vertex 59.3318 23 10.01
      vertex 60.6682 23 10.01
      vertex 59.3318 27 10.01
    endloop
  endfacet
  facet normal -0 0 1
    outer loop
      vertex 59.3318 23 10.01
      vertex 200 22.5 10.01
      vertex 60.6682 23 10.01
    endloop
  endfacet
  facet normal -0 0 1
    outer loop
      vertex 56.6682 23 10.01
      vertex 200 22.5 10.01
      vertex 59.3318 23 10.01
    endloop
  endfacet
  facet normal 0 0 1
    outer loop
      vertex 55.3318 23 10.01
      vertex 56.6682 23 10.01
      vertex 55.3318 27 10.01
    endloop
  endfacet
  facet normal -0 0 1
    outer loop
      vertex 55.3318 23 10.01
      vertex 200 22.5 10.01
      vertex 56.6682 23 10.01
    endloop
  endfacet
  facet normal -0 0 1
    outer loop
      vertex 52.6682 23 10.01
      vertex 200 22.5 10.01
      vertex 55.3318 23 10.01
    endloop
  endfacet
  facet normal 0 0 1
    outer loop
      vertex 51.3318 23 10.01
      vertex 52.6682 23 10.01
      vertex 51.3318 27 10.01
    endloop
  endfacet
  facet normal -0 0 1
    outer loop
      vertex 51.3318 23 10.01
      vertex 200 22.5 10.01
      vertex 52.6682 23 10.01
    endloop
  endfacet
  facet normal -0 0 1
    outer loop
      vertex 48.6682 23 10.01
      vertex 200 22.5 10.01
      vertex 51.3318 23 10.01
    endloop
  endfacet
  facet normal 0 0 1
    outer loop
      vertex 47.3318 23 10.01
      vertex 48.6682 23 10.01
      vertex 47.3318 27 10.01
    endloop
  endfacet
  facet normal -0 0 1
    outer loop
      vertex 47.3318 23 10.01
      vertex 200 22.5 10.01
      vertex 48.6682 23 10.01
    endloop
  endfacet
  facet normal -0 0 1
    outer loop
      vertex 44.6682 23 10.01
      vertex 200 22.5 10.01
      vertex 47.3318 23 10.01
    endloop
  endfacet
  facet normal 0 0 1
    outer loop
      vertex 43.3318 23 10.01
      vertex 44.6682 23 10.01
      vertex 43.3318 27 10.01
    endloop
  endfacet
  facet normal -0 0 1
    outer loop
      vertex 43.3318 23 10.01
      vertex 200 22.5 10.01
      vertex 44.6682 23 10.01
    endloop
  endfacet
  facet normal -0 0 1
    outer loop
      vertex 40.6682 23 10.01
      vertex 200 22.5 10.01
      vertex 43.3318 23 10.01
    endloop
  endfacet
  facet normal 0 0 1
    outer loop
      vertex 39.3318 23 10.01
      vertex 40.6682 23 10.01
      vertex 39.3318 27 10.01
    endloop
  endfacet
  facet normal -0 0 1
    outer loop
      vertex 39.3318 23 10.01
      vertex 200 22.5 10.01
      vertex 40.6682 23 10.01
    endloop
  endfacet
  facet normal 0 0 1
    outer loop
      vertex 0 22.5 10.01
      vertex 39.3318 23 10.01
      vertex 36.6682 23 10.01
    endloop
  endfacet
  facet normal 0 0 1
    outer loop
      vertex 35.3318 23 10.01
      vertex 36.6682 23 10.01
      vertex 35.3318 27 10.01
    endloop
  endfacet
  facet normal 0 0 1
    outer loop
      vertex 0 22.5 10.01
      vertex 36.6682 23 10.01
      vertex 35.3318 23 10.01
    endloop
  endfacet
  facet normal 0 0 1
    outer loop
      vertex 0 22.5 10.01
      vertex 35.3318 23 10.01
      vertex 32.6682 23 10.01
    endloop
  endfacet
  facet normal 0 0 1
    outer loop
      vertex 31.3318 23 10.01
      vertex 32.6682 23 10.01
      vertex 31.3318 27 10.01
    endloop
  endfacet
  facet normal 0 0 1
    outer loop
      vertex 0 22.5 10.01
      vertex 32.6682 23 10.01
      vertex 31.3318 23 10.01
    endloop
  endfacet
  facet normal 0 0 1
    outer loop
      vertex 0 22.5 10.01
      vertex 31.3318 23 10.01
      vertex 28.6682 23 10.01
    endloop
  endfacet
  facet normal 0 0 1
    outer loop
      vertex 27.3318 23 10.01
      vertex 28.6682 23 10.01
      vertex 27.3318 27 10.01
    endloop
  endfacet
  facet normal 0 0 1
    outer loop
      vertex 0 22.5 10.01
      vertex 28.6682 23 10.01
      vertex 27.3318 23 10.01
    endloop
  endfacet
  facet normal 0 0 1
    outer loop
      vertex 0 22.5 10.01
      vertex 27.3318 23 10.01
      vertex 24.6682 23 10.01
    endloop
  endfacet
  facet normal 0 0 1
    outer loop
      vertex 23.3318 23 10.01
      vertex 24.6682 23 10.01
      vertex 23.3318 27 10.01
    endloop
  endfacet
  facet normal 0 0 1
    outer loop
      vertex 0 22.5 10.01
      vertex 24.6682 23 10.01
      vertex 23.3318 23 10.01
    endloop
  endfacet
  facet normal 0 0 1
    outer loop
      vertex 0 22.5 10.01
      vertex 23.3318 23 10.01
      vertex 20.6682 23 10.01
    endloop
  endfacet
  facet normal 0 0 1
    outer loop
      vertex 19.3318 23 10.01
      vertex 20.6682 23 10.01
      vertex 19.3318 27 10.01
    endloop
  endfacet
  facet normal 0 0 1
    outer loop
      vertex 0 22.5 10.01
      vertex 20.6682 23 10.01
      vertex 19.3318 23 10.01
    endloop
  endfacet
  facet normal 0 0 1
    outer loop
      vertex 0 22.5 10.01
      vertex 19.3318 23 10.01
      vertex 16.6682 23 10.01
    endloop
  endfacet
  facet normal 0 0 1
    outer loop
      vertex 15.3318 23 10.01
      vertex 16.6682 23 10.01
      vertex 15.3318 27 10.01
    endloop
  endfacet
  facet normal 0 0 1
    outer loop
      vertex 0 22.5 10.01
      vertex 16.6682 23 10.01
      vertex 15.3318 23 10.01
    endloop
  endfacet
  facet normal 0 0 1
    outer loop
      vertex 0 22.5 10.01
      vertex 15.3318 23 10.01
      vertex 12.6682 23 10.01
    endloop
  endfacet
  facet normal 0 0 1
    outer loop
      vertex 11.3318 23 10.01
      vertex 12.6682 23 10.01
      vertex 11.3318 27 10.01
    endloop
  endfacet
  facet normal 0 0 1
    outer loop
      vertex 0 22.5 10.01
      vertex 12.6682 23 10.01
      vertex 11.3318 23 10.01
    endloop
  endfacet
  facet normal 0 0 1
    outer loop
      vertex 0 22.5 10.01
      vertex 11.3318 23 10.01
      vertex 8.66818 23 10.01
    endloop
  endfacet
  facet normal 0 0 1
    outer loop
      vertex 7.33182 23 10.01
      vertex 8.66818 23 10.01
      vertex 7.33182 27 10.01
    endloop
  endfacet
  facet normal 0 0 1
    outer loop
      vertex 0 22.5 10.01
      vertex 8.66818 23 10.01
      vertex 7.33182 23 10.01
    endloop
  endfacet
  facet normal 0 0 1
    outer loop
      vertex 0 22.5 10.01
      vertex 7.33182 23 10.01
      vertex 4.66818 23 10.01
    endloop
  endfacet
  facet normal 0 0 1
    outer loop
      vertex 3.33182 23 10.01
      vertex 4.66818 23 10.01
      vertex 3.33182 27 10.01
    endloop
  endfacet
  facet normal 0 0 1
    outer loop
      vertex 0 22.5 10.01
      vertex 4.66818 23 10.01
      vertex 3.33182 23 10.01
    endloop
  endfacet
  facet normal 0 0 1
    outer loop
      vertex 0 22.5 10.01
      vertex 3.33182 23 10.01
      vertex 0.668181 23 10.01
    endloop
  endfacet
  facet normal 0 0 1
    outer loop
      vertex 39.3318 23 10.01
      vertex 0 22.5 10.01
      vertex 200 22.5 10.01
    endloop
  endfacet
  facet normal 0 0 1
    outer loop
      vertex 0 22.5 10.01
      vertex 0.668181 23 10.01
      vertex 0 27.5 10.01
    endloop
  endfacet
  facet normal 0 0 -1
    outer loop
      vertex 161.2 26.4 7.5
      vertex 200 27.5 7.5
      vertex 200 26.4 7.5
    endloop
  endfacet
  facet normal -0 0 -1
    outer loop
      vertex 200 27.5 7.5
      vertex 161.2 26.4 7.5
      vertex 161.2 27.5 7.5
    endloop
  endfacet
  facet normal 0 0 -1
    outer loop
      vertex 161.2 22.5 7.5
      vertex 200 23.6 7.5
      vertex 200 22.5 7.5
    endloop
  endfacet
  facet normal -0 0 -1
    outer loop
      vertex 200 23.6 7.5
      vertex 161.2 22.5 7.5
      vertex 161.2 23.6 7.5
    endloop
  endfacet
  facet normal 0 0 -1
    outer loop
      vertex 0 22.5 7.5
      vertex 38.8 23.6 7.5
      vertex 38.8 22.5 7.5
    endloop
  endfacet
  facet normal -0 0 -1
    outer loop
      vertex 38.8 23.6 7.5
      vertex 0 22.5 7.5
      vertex 0 23.6 7.5
    endloop
  endfacet
  facet normal 0 0 -1
    outer loop
      vertex 0 26.4 7.5
      vertex 38.8 27.5 7.5
      vertex 38.8 26.4 7.5
    endloop
  endfacet
  facet normal -0 0 -1
    outer loop
      vertex 38.8 27.5 7.5
      vertex 0 26.4 7.5
      vertex 0 27.5 7.5
    endloop
  endfacet
  facet normal 0 0 -1
    outer loop
      vertex 41.2 22.5 7.5
      vertex 98.8 23.6 7.5
      vertex 98.8 22.5 7.5
    endloop
  endfacet
  facet normal -0 0 -1
    outer loop
      vertex 98.8 23.6 7.5
      vertex 41.2 22.5 7.5
      vertex 41.2 23.6 7.5
    endloop
  endfacet
  facet normal 0 0 -1
    outer loop
      vertex 101.2 22.5 7.5
      vertex 158.8 23.6 7.5
      vertex 158.8 22.5 7.5
    endloop
  endfacet
  facet normal -0 0 -1
    outer loop
      vertex 158.8 23.6 7.5
      vertex 101.2 22.5 7.5
      vertex 101.2 23.6 7.5
    endloop
  endfacet
  facet normal 0 0 -1
    outer loop
      vertex 41.2 26.4 7.5
      vertex 98.8 27.5 7.5
      vertex 98.8 26.4 7.5
    endloop
  endfacet
  facet normal -0 0 -1
    outer loop
      vertex 98.8 27.5 7.5
      vertex 41.2 26.4 7.5
      vertex 41.2 27.5 7.5
    endloop
  endfacet
  facet normal 0 0 -1
    outer loop
      vertex 101.2 26.4 7.5
      vertex 158.8 27.5 7.5
      vertex 158.8 26.4 7.5
    endloop
  endfacet
  facet normal -0 0 -1
    outer loop
      vertex 158.8 27.5 7.5
      vertex 101.2 26.4 7.5
      vertex 101.2 27.5 7.5
    endloop
  endfacet
  facet normal 0 1 -0
    outer loop
      vertex 98.8 27.5 7.5
      vertex 41.2 27.5 10
      vertex 98.8 27.5 10
    endloop
  endfacet
  facet normal 0 1 0
    outer loop
      vertex 41.2 27.5 10
      vertex 98.8 27.5 7.5
      vertex 41.2 27.5 7.5
    endloop
  endfacet
  facet normal 0 1 -0
    outer loop
      vertex 158.8 27.5 7.5
      vertex 101.2 27.5 10
      vertex 158.8 27.5 10
    endloop
  endfacet
  facet normal 0 1 0
    outer loop
      vertex 101.2 27.5 10
      vertex 158.8 27.5 7.5
      vertex 101.2 27.5 7.5
    endloop
  endfacet
  facet normal 0 1 0
    outer loop
      vertex 200 27.5 10.01
      vertex 161.2 27.5 10
      vertex 0 27.5 10.01
    endloop
  endfacet
  facet normal 0 1 -0
    outer loop
      vertex 200 27.5 7.5
      vertex 161.2 27.5 10
      vertex 200 27.5 10.01
    endloop
  endfacet
  facet normal 0 1 0
    outer loop
      vertex 161.2 27.5 10
      vertex 200 27.5 7.5
      vertex 161.2 27.5 7.5
    endloop
  endfacet
  facet normal 0 1 -0
    outer loop
      vertex 158.8 27.5 10
      vertex 0 27.5 10.01
      vertex 161.2 27.5 10
    endloop
  endfacet
  facet normal 0 1 -0
    outer loop
      vertex 101.2 27.5 10
      vertex 0 27.5 10.01
      vertex 158.8 27.5 10
    endloop
  endfacet
  facet normal 0 1 -0
    outer loop
      vertex 98.8 27.5 10
      vertex 0 27.5 10.01
      vertex 101.2 27.5 10
    endloop
  endfacet
  facet normal 0 1 -0
    outer loop
      vertex 41.2 27.5 10
      vertex 0 27.5 10.01
      vertex 98.8 27.5 10
    endloop
  endfacet
  facet normal 0 1 -0
    outer loop
      vertex 38.8 27.5 10
      vertex 0 27.5 10.01
      vertex 41.2 27.5 10
    endloop
  endfacet
  facet normal 0 1 -0
    outer loop
      vertex 38.8 27.5 7.5
      vertex 0 27.5 10.01
      vertex 38.8 27.5 10
    endloop
  endfacet
  facet normal 0 1 0
    outer loop
      vertex 0 27.5 10.01
      vertex 38.8 27.5 7.5
      vertex 0 27.5 7.5
    endloop
  endfacet
  facet normal 0 -1 0
    outer loop
      vertex 101.2 22.5 7.5
      vertex 158.8 22.5 10
      vertex 101.2 22.5 10
    endloop
  endfacet
  facet normal 0 -1 -0
    outer loop
      vertex 158.8 22.5 10
      vertex 101.2 22.5 7.5
      vertex 158.8 22.5 7.5
    endloop
  endfacet
  facet normal 0 -1 0
    outer loop
      vertex 41.2 22.5 7.5
      vertex 98.8 22.5 10
      vertex 41.2 22.5 10
    endloop
  endfacet
  facet normal 0 -1 -0
    outer loop
      vertex 98.8 22.5 10
      vertex 41.2 22.5 7.5
      vertex 98.8 22.5 7.5
    endloop
  endfacet
  facet normal 0 -1 0
    outer loop
      vertex 0 22.5 10.01
      vertex 38.8 22.5 10
      vertex 200 22.5 10.01
    endloop
  endfacet
  facet normal 0 -1 0
    outer loop
      vertex 0 22.5 7.5
      vertex 38.8 22.5 10
      vertex 0 22.5 10.01
    endloop
  endfacet
  facet normal 0 -1 -0
    outer loop
      vertex 38.8 22.5 10
      vertex 0 22.5 7.5
      vertex 38.8 22.5 7.5
    endloop
  endfacet
  facet normal 0 -1 0
    outer loop
      vertex 41.2 22.5 10
      vertex 200 22.5 10.01
      vertex 38.8 22.5 10
    endloop
  endfacet
  facet normal 0 -1 0
    outer loop
      vertex 98.8 22.5 10
      vertex 200 22.5 10.01
      vertex 41.2 22.5 10
    endloop
  endfacet
  facet normal 0 -1 0
    outer loop
      vertex 101.2 22.5 10
      vertex 200 22.5 10.01
      vertex 98.8 22.5 10
    endloop
  endfacet
  facet normal 0 -1 0
    outer loop
      vertex 158.8 22.5 10
      vertex 200 22.5 10.01
      vertex 101.2 22.5 10
    endloop
  endfacet
  facet normal 0 -1 0
    outer loop
      vertex 161.2 22.5 10
      vertex 200 22.5 10.01
      vertex 158.8 22.5 10
    endloop
  endfacet
  facet normal 0 -1 0
    outer loop
      vertex 161.2 22.5 7.5
      vertex 200 22.5 10.01
      vertex 161.2 22.5 10
    endloop
  endfacet
  facet normal 0 -1 -0
    outer loop
      vertex 200 22.5 10.01
      vertex 161.2 22.5 7.5
      vertex 200 22.5 7.5
    endloop
  endfacet
  facet normal -0 0 1
    outer loop
      vertex 1.33333 27 12.205
      vertex 2.66667 23 12.205
      vertex 2.66667 27 12.205
    endloop
  endfacet
  facet normal 0 0 1
    outer loop
      vertex 2.66667 23 12.205
      vertex 1.33333 27 12.205
      vertex 1.33333 23 12.205
    endloop
  endfacet
  facet normal 0 1 0
    outer loop
      vertex 7.33182 27 10.01
      vertex 5.33333 27 12.205
      vertex 6.66667 27 12.205
    endloop
  endfacet
  facet normal 0 1 0
    outer loop
      vertex 5.33333 27 12.205
      vertex 7.33182 27 10.01
      vertex 4.66818 27 10.01
    endloop
  endfacet
  facet normal 0 1 0
    outer loop
      vertex 19.3318 27 10.01
      vertex 17.3333 27 12.205
      vertex 18.6667 27 12.205
    endloop
  endfacet
  facet normal 0 1 0
    outer loop
      vertex 17.3333 27 12.205
      vertex 19.3318 27 10.01
      vertex 16.6682 27 10.01
    endloop
  endfacet
  facet normal 0 1 0
    outer loop
      vertex 179.332 27 10.01
      vertex 177.333 27 12.205
      vertex 178.667 27 12.205
    endloop
  endfacet
  facet normal 0 1 0
    outer loop
      vertex 177.333 27 12.205
      vertex 179.332 27 10.01
      vertex 176.668 27 10.01
    endloop
  endfacet
  facet normal 0 1 0
    outer loop
      vertex 175.332 27 10.01
      vertex 173.333 27 12.205
      vertex 174.667 27 12.205
    endloop
  endfacet
  facet normal 0 1 0
    outer loop
      vertex 173.333 27 12.205
      vertex 175.332 27 10.01
      vertex 172.668 27 10.01
    endloop
  endfacet
  facet normal 0 1 0
    outer loop
      vertex 195.332 27 10.01
      vertex 193.333 27 12.205
      vertex 194.667 27 12.205
    endloop
  endfacet
  facet normal 0 1 0
    outer loop
      vertex 193.333 27 12.205
      vertex 195.332 27 10.01
      vertex 192.668 27 10.01
    endloop
  endfacet
  facet normal 0 1 0
    outer loop
      vertex 119.332 27 10.01
      vertex 117.333 27 12.205
      vertex 118.667 27 12.205
    endloop
  endfacet
  facet normal 0 1 0
    outer loop
      vertex 117.333 27 12.205
      vertex 119.332 27 10.01
      vertex 116.668 27 10.01
    endloop
  endfacet
  facet normal 0 1 0
    outer loop
      vertex 71.3318 27 10.01
      vertex 69.3333 27 12.205
      vertex 70.6667 27 12.205
    endloop
  endfacet
  facet normal 0 1 0
    outer loop
      vertex 69.3333 27 12.205
      vertex 71.3318 27 10.01
      vertex 68.6682 27 10.01
    endloop
  endfacet
  facet normal 0 1 0
    outer loop
      vertex 31.3318 27 10.01
      vertex 29.3333 27 12.205
      vertex 30.6667 27 12.205
    endloop
  endfacet
  facet normal 0 1 0
    outer loop
      vertex 29.3333 27 12.205
      vertex 31.3318 27 10.01
      vertex 28.6682 27 10.01
    endloop
  endfacet
  facet normal 0 1 0
    outer loop
      vertex 183.332 27 10.01
      vertex 181.333 27 12.205
      vertex 182.667 27 12.205
    endloop
  endfacet
  facet normal 0 1 0
    outer loop
      vertex 181.333 27 12.205
      vertex 183.332 27 10.01
      vertex 180.668 27 10.01
    endloop
  endfacet
  facet normal 0 1 0
    outer loop
      vertex 111.332 27 10.01
      vertex 109.333 27 12.205
      vertex 110.667 27 12.205
    endloop
  endfacet
  facet normal 0 1 0
    outer loop
      vertex 109.333 27 12.205
      vertex 111.332 27 10.01
      vertex 108.668 27 10.01
    endloop
  endfacet
  facet normal 0 1 0
    outer loop
      vertex 47.3318 27 10.01
      vertex 45.3333 27 12.205
      vertex 46.6667 27 12.205
    endloop
  endfacet
  facet normal 0 1 0
    outer loop
      vertex 45.3333 27 12.205
      vertex 47.3318 27 10.01
      vertex 44.6682 27 10.01
    endloop
  endfacet
  facet normal 0 1 0
    outer loop
      vertex 99.3318 27 10.01
      vertex 97.3333 27 12.205
      vertex 98.6667 27 12.205
    endloop
  endfacet
  facet normal 0 1 0
    outer loop
      vertex 97.3333 27 12.205
      vertex 99.3318 27 10.01
      vertex 96.6682 27 10.01
    endloop
  endfacet
  facet normal 0 1 0
    outer loop
      vertex 79.3318 27 10.01
      vertex 77.3333 27 12.205
      vertex 78.6667 27 12.205
    endloop
  endfacet
  facet normal 0 1 0
    outer loop
      vertex 77.3333 27 12.205
      vertex 79.3318 27 10.01
      vertex 76.6682 27 10.01
    endloop
  endfacet
  facet normal 0 1 0
    outer loop
      vertex 15.3318 27 10.01
      vertex 13.3333 27 12.205
      vertex 14.6667 27 12.205
    endloop
  endfacet
  facet normal 0 1 0
    outer loop
      vertex 13.3333 27 12.205
      vertex 15.3318 27 10.01
      vertex 12.6682 27 10.01
    endloop
  endfacet
  facet normal 0 1 0
    outer loop
      vertex 3.33182 27 10.01
      vertex 1.33333 27 12.205
      vertex 2.66667 27 12.205
    endloop
  endfacet
  facet normal 0 1 0
    outer loop
      vertex 1.33333 27 12.205
      vertex 3.33182 27 10.01
      vertex 0.668181 27 10.01
    endloop
  endfacet
  facet normal 0 1 0
    outer loop
      vertex 11.3318 27 10.01
      vertex 9.33333 27 12.205
      vertex 10.6667 27 12.205
    endloop
  endfacet
  facet normal 0 1 0
    outer loop
      vertex 9.33333 27 12.205
      vertex 11.3318 27 10.01
      vertex 8.66818 27 10.01
    endloop
  endfacet
  facet normal 0 1 0
    outer loop
      vertex 123.332 27 10.01
      vertex 121.333 27 12.205
      vertex 122.667 27 12.205
    endloop
  endfacet
  facet normal 0 1 0
    outer loop
      vertex 121.333 27 12.205
      vertex 123.332 27 10.01
      vertex 120.668 27 10.01
    endloop
  endfacet
  facet normal 0 1 0
    outer loop
      vertex 199.332 27 10.01
      vertex 197.333 27 12.205
      vertex 198.667 27 12.205
    endloop
  endfacet
  facet normal 0 1 0
    outer loop
      vertex 197.333 27 12.205
      vertex 199.332 27 10.01
      vertex 196.668 27 10.01
    endloop
  endfacet
  facet normal 0 1 0
    outer loop
      vertex 67.3318 27 10.01
      vertex 65.3333 27 12.205
      vertex 66.6667 27 12.205
    endloop
  endfacet
  facet normal 0 1 0
    outer loop
      vertex 65.3333 27 12.205
      vertex 67.3318 27 10.01
      vertex 64.6682 27 10.01
    endloop
  endfacet
  facet normal 0 1 0
    outer loop
      vertex 63.3318 27 10.01
      vertex 61.3333 27 12.205
      vertex 62.6667 27 12.205
    endloop
  endfacet
  facet normal 0 1 0
    outer loop
      vertex 61.3333 27 12.205
      vertex 63.3318 27 10.01
      vertex 60.6682 27 10.01
    endloop
  endfacet
  facet normal 0 1 0
    outer loop
      vertex 163.332 27 10.01
      vertex 161.333 27 12.205
      vertex 162.667 27 12.205
    endloop
  endfacet
  facet normal 0 1 0
    outer loop
      vertex 161.333 27 12.205
      vertex 163.332 27 10.01
      vertex 160.668 27 10.01
    endloop
  endfacet
  facet normal 0 1 0
    outer loop
      vertex 159.332 27 10.01
      vertex 157.333 27 12.205
      vertex 158.667 27 12.205
    endloop
  endfacet
  facet normal 0 1 0
    outer loop
      vertex 157.333 27 12.205
      vertex 159.332 27 10.01
      vertex 156.668 27 10.01
    endloop
  endfacet
  facet normal 0 1 0
    outer loop
      vertex 55.3318 27 10.01
      vertex 53.3333 27 12.205
      vertex 54.6667 27 12.205
    endloop
  endfacet
  facet normal 0 1 0
    outer loop
      vertex 53.3333 27 12.205
      vertex 55.3318 27 10.01
      vertex 52.6682 27 10.01
    endloop
  endfacet
  facet normal 0 1 0
    outer loop
      vertex 115.332 27 10.01
      vertex 113.333 27 12.205
      vertex 114.667 27 12.205
    endloop
  endfacet
  facet normal 0 1 0
    outer loop
      vertex 113.333 27 12.205
      vertex 115.332 27 10.01
      vertex 112.668 27 10.01
    endloop
  endfacet
  facet normal 0 1 0
    outer loop
      vertex 191.332 27 10.01
      vertex 189.333 27 12.205
      vertex 190.667 27 12.205
    endloop
  endfacet
  facet normal 0 1 0
    outer loop
      vertex 189.333 27 12.205
      vertex 191.332 27 10.01
      vertex 188.668 27 10.01
    endloop
  endfacet
  facet normal 0 1 0
    outer loop
      vertex 187.332 27 10.01
      vertex 185.333 27 12.205
      vertex 186.667 27 12.205
    endloop
  endfacet
  facet normal 0 1 0
    outer loop
      vertex 185.333 27 12.205
      vertex 187.332 27 10.01
      vertex 184.668 27 10.01
    endloop
  endfacet
  facet normal 0 1 0
    outer loop
      vertex 151.332 27 10.01
      vertex 149.333 27 12.205
      vertex 150.667 27 12.205
    endloop
  endfacet
  facet normal 0 1 0
    outer loop
      vertex 149.333 27 12.205
      vertex 151.332 27 10.01
      vertex 148.668 27 10.01
    endloop
  endfacet
  facet normal 0 1 0
    outer loop
      vertex 147.332 27 10.01
      vertex 145.333 27 12.205
      vertex 146.667 27 12.205
    endloop
  endfacet
  facet normal 0 1 0
    outer loop
      vertex 145.333 27 12.205
      vertex 147.332 27 10.01
      vertex 144.668 27 10.01
    endloop
  endfacet
  facet normal 0 1 0
    outer loop
      vertex 155.332 27 10.01
      vertex 153.333 27 12.205
      vertex 154.667 27 12.205
    endloop
  endfacet
  facet normal 0 1 0
    outer loop
      vertex 153.333 27 12.205
      vertex 155.332 27 10.01
      vertex 152.668 27 10.01
    endloop
  endfacet
  facet normal 0 1 0
    outer loop
      vertex 95.3318 27 10.01
      vertex 93.3333 27 12.205
      vertex 94.6667 27 12.205
    endloop
  endfacet
  facet normal 0 1 0
    outer loop
      vertex 93.3333 27 12.205
      vertex 95.3318 27 10.01
      vertex 92.6682 27 10.01
    endloop
  endfacet
  facet normal 0 1 0
    outer loop
      vertex 131.332 27 10.01
      vertex 129.333 27 12.205
      vertex 130.667 27 12.205
    endloop
  endfacet
  facet normal 0 1 0
    outer loop
      vertex 129.333 27 12.205
      vertex 131.332 27 10.01
      vertex 128.668 27 10.01
    endloop
  endfacet
  facet normal 0 1 0
    outer loop
      vertex 127.332 27 10.01
      vertex 125.333 27 12.205
      vertex 126.667 27 12.205
    endloop
  endfacet
  facet normal 0 1 0
    outer loop
      vertex 125.333 27 12.205
      vertex 127.332 27 10.01
      vertex 124.668 27 10.01
    endloop
  endfacet
  facet normal 0 1 0
    outer loop
      vertex 35.3318 27 10.01
      vertex 33.3333 27 12.205
      vertex 34.6667 27 12.205
    endloop
  endfacet
  facet normal 0 1 0
    outer loop
      vertex 33.3333 27 12.205
      vertex 35.3318 27 10.01
      vertex 32.6682 27 10.01
    endloop
  endfacet
  facet normal 0 1 0
    outer loop
      vertex 75.3318 27 10.01
      vertex 73.3333 27 12.205
      vertex 74.6667 27 12.205
    endloop
  endfacet
  facet normal 0 1 0
    outer loop
      vertex 73.3333 27 12.205
      vertex 75.3318 27 10.01
      vertex 72.6682 27 10.01
    endloop
  endfacet
  facet normal 0 1 0
    outer loop
      vertex 51.3318 27 10.01
      vertex 49.3333 27 12.205
      vertex 50.6667 27 12.205
    endloop
  endfacet
  facet normal 0 1 0
    outer loop
      vertex 49.3333 27 12.205
      vertex 51.3318 27 10.01
      vertex 48.6682 27 10.01
    endloop
  endfacet
  facet normal 0 1 0
    outer loop
      vertex 107.332 27 10.01
      vertex 105.333 27 12.205
      vertex 106.667 27 12.205
    endloop
  endfacet
  facet normal 0 1 0
    outer loop
      vertex 105.333 27 12.205
      vertex 107.332 27 10.01
      vertex 104.668 27 10.01
    endloop
  endfacet
  facet normal 0 1 0
    outer loop
      vertex 27.3318 27 10.01
      vertex 25.3333 27 12.205
      vertex 26.6667 27 12.205
    endloop
  endfacet
  facet normal 0 1 0
    outer loop
      vertex 25.3333 27 12.205
      vertex 27.3318 27 10.01
      vertex 24.6682 27 10.01
    endloop
  endfacet
  facet normal 0 1 0
    outer loop
      vertex 59.3318 27 10.01
      vertex 57.3333 27 12.205
      vertex 58.6667 27 12.205
    endloop
  endfacet
  facet normal 0 1 0
    outer loop
      vertex 57.3333 27 12.205
      vertex 59.3318 27 10.01
      vertex 56.6682 27 10.01
    endloop
  endfacet
  facet normal 0 1 0
    outer loop
      vertex 143.332 27 10.01
      vertex 141.333 27 12.205
      vertex 142.667 27 12.205
    endloop
  endfacet
  facet normal 0 1 0
    outer loop
      vertex 141.333 27 12.205
      vertex 143.332 27 10.01
      vertex 140.668 27 10.01
    endloop
  endfacet
  facet normal 0 1 0
    outer loop
      vertex 139.332 27 10.01
      vertex 137.333 27 12.205
      vertex 138.667 27 12.205
    endloop
  endfacet
  facet normal 0 1 0
    outer loop
      vertex 137.333 27 12.205
      vertex 139.332 27 10.01
      vertex 136.668 27 10.01
    endloop
  endfacet
  facet normal 0 1 0
    outer loop
      vertex 43.3318 27 10.01
      vertex 41.3333 27 12.205
      vertex 42.6667 27 12.205
    endloop
  endfacet
  facet normal 0 1 0
    outer loop
      vertex 41.3333 27 12.205
      vertex 43.3318 27 10.01
      vertex 40.6682 27 10.01
    endloop
  endfacet
  facet normal 0 1 0
    outer loop
      vertex 91.3318 27 10.01
      vertex 89.3333 27 12.205
      vertex 90.6667 27 12.205
    endloop
  endfacet
  facet normal 0 1 0
    outer loop
      vertex 89.3333 27 12.205
      vertex 91.3318 27 10.01
      vertex 88.6682 27 10.01
    endloop
  endfacet
  facet normal 0 1 0
    outer loop
      vertex 171.332 27 10.01
      vertex 169.333 27 12.205
      vertex 170.667 27 12.205
    endloop
  endfacet
  facet normal 0 1 0
    outer loop
      vertex 169.333 27 12.205
      vertex 171.332 27 10.01
      vertex 168.668 27 10.01
    endloop
  endfacet
  facet normal 0 1 0
    outer loop
      vertex 23.3318 27 10.01
      vertex 21.3333 27 12.205
      vertex 22.6667 27 12.205
    endloop
  endfacet
  facet normal 0 1 0
    outer loop
      vertex 21.3333 27 12.205
      vertex 23.3318 27 10.01
      vertex 20.6682 27 10.01
    endloop
  endfacet
  facet normal 0 1 0
    outer loop
      vertex 39.3318 27 10.01
      vertex 37.3333 27 12.205
      vertex 38.6667 27 12.205
    endloop
  endfacet
  facet normal 0 1 0
    outer loop
      vertex 37.3333 27 12.205
      vertex 39.3318 27 10.01
      vertex 36.6682 27 10.01
    endloop
  endfacet
  facet normal 0 1 0
    outer loop
      vertex 83.3318 27 10.01
      vertex 81.3333 27 12.205
      vertex 82.6667 27 12.205
    endloop
  endfacet
  facet normal 0 1 0
    outer loop
      vertex 81.3333 27 12.205
      vertex 83.3318 27 10.01
      vertex 80.6682 27 10.01
    endloop
  endfacet
  facet normal 0 1 0
    outer loop
      vertex 167.332 27 10.01
      vertex 165.333 27 12.205
      vertex 166.667 27 12.205
    endloop
  endfacet
  facet normal 0 1 0
    outer loop
      vertex 165.333 27 12.205
      vertex 167.332 27 10.01
      vertex 164.668 27 10.01
    endloop
  endfacet
  facet normal 0 1 0
    outer loop
      vertex 103.332 27 10.01
      vertex 101.333 27 12.205
      vertex 102.667 27 12.205
    endloop
  endfacet
  facet normal 0 1 0
    outer loop
      vertex 101.333 27 12.205
      vertex 103.332 27 10.01
      vertex 100.668 27 10.01
    endloop
  endfacet
  facet normal 0 1 0
    outer loop
      vertex 135.332 27 10.01
      vertex 133.333 27 12.205
      vertex 134.667 27 12.205
    endloop
  endfacet
  facet normal 0 1 0
    outer loop
      vertex 133.333 27 12.205
      vertex 135.332 27 10.01
      vertex 132.668 27 10.01
    endloop
  endfacet
  facet normal 0 1 0
    outer loop
      vertex 87.3318 27 10.01
      vertex 85.3333 27 12.205
      vertex 86.6667 27 12.205
    endloop
  endfacet
  facet normal 0 1 0
    outer loop
      vertex 85.3333 27 12.205
      vertex 87.3318 27 10.01
      vertex 84.6682 27 10.01
    endloop
  endfacet
  facet normal 0.957025 -0 0.290007
    outer loop
      vertex 2.66667 23 12.205
      vertex 3.33182 27 10.01
      vertex 2.66667 27 12.205
    endloop
  endfacet
  facet normal 0.957025 0 0.290007
    outer loop
      vertex 3.33182 27 10.01
      vertex 2.66667 23 12.205
      vertex 3.33182 23 10.01
    endloop
  endfacet
  facet normal -0.957025 0 0.290006
    outer loop
      vertex 0.668181 23 10.01
      vertex 1.33333 27 12.205
      vertex 0.668181 27 10.01
    endloop
  endfacet
  facet normal -0.957025 0 0.290006
    outer loop
      vertex 1.33333 27 12.205
      vertex 0.668181 23 10.01
      vertex 1.33333 23 12.205
    endloop
  endfacet
  facet normal 0 -1 0
    outer loop
      vertex 4.66818 23 10.01
      vertex 6.66667 23 12.205
      vertex 5.33333 23 12.205
    endloop
  endfacet
  facet normal 0 -1 -0
    outer loop
      vertex 6.66667 23 12.205
      vertex 4.66818 23 10.01
      vertex 7.33182 23 10.01
    endloop
  endfacet
  facet normal 0 -1 0
    outer loop
      vertex 16.6682 23 10.01
      vertex 18.6667 23 12.205
      vertex 17.3333 23 12.205
    endloop
  endfacet
  facet normal 0 -1 -0
    outer loop
      vertex 18.6667 23 12.205
      vertex 16.6682 23 10.01
      vertex 19.3318 23 10.01
    endloop
  endfacet
  facet normal 0 -1 0
    outer loop
      vertex 176.668 23 10.01
      vertex 178.667 23 12.205
      vertex 177.333 23 12.205
    endloop
  endfacet
  facet normal 0 -1 -0
    outer loop
      vertex 178.667 23 12.205
      vertex 176.668 23 10.01
      vertex 179.332 23 10.01
    endloop
  endfacet
  facet normal 0 -1 0
    outer loop
      vertex 172.668 23 10.01
      vertex 174.667 23 12.205
      vertex 173.333 23 12.205
    endloop
  endfacet
  facet normal 0 -1 -0
    outer loop
      vertex 174.667 23 12.205
      vertex 172.668 23 10.01
      vertex 175.332 23 10.01
    endloop
  endfacet
  facet normal 0 -1 0
    outer loop
      vertex 192.668 23 10.01
      vertex 194.667 23 12.205
      vertex 193.333 23 12.205
    endloop
  endfacet
  facet normal 0 -1 -0
    outer loop
      vertex 194.667 23 12.205
      vertex 192.668 23 10.01
      vertex 195.332 23 10.01
    endloop
  endfacet
  facet normal 0 -1 0
    outer loop
      vertex 116.668 23 10.01
      vertex 118.667 23 12.205
      vertex 117.333 23 12.205
    endloop
  endfacet
  facet normal 0 -1 -0
    outer loop
      vertex 118.667 23 12.205
      vertex 116.668 23 10.01
      vertex 119.332 23 10.01
    endloop
  endfacet
  facet normal 0 -1 0
    outer loop
      vertex 68.6682 23 10.01
      vertex 70.6667 23 12.205
      vertex 69.3333 23 12.205
    endloop
  endfacet
  facet normal 0 -1 -0
    outer loop
      vertex 70.6667 23 12.205
      vertex 68.6682 23 10.01
      vertex 71.3318 23 10.01
    endloop
  endfacet
  facet normal 0 -1 0
    outer loop
      vertex 28.6682 23 10.01
      vertex 30.6667 23 12.205
      vertex 29.3333 23 12.205
    endloop
  endfacet
  facet normal 0 -1 -0
    outer loop
      vertex 30.6667 23 12.205
      vertex 28.6682 23 10.01
      vertex 31.3318 23 10.01
    endloop
  endfacet
  facet normal 0 -1 0
    outer loop
      vertex 180.668 23 10.01
      vertex 182.667 23 12.205
      vertex 181.333 23 12.205
    endloop
  endfacet
  facet normal 0 -1 -0
    outer loop
      vertex 182.667 23 12.205
      vertex 180.668 23 10.01
      vertex 183.332 23 10.01
    endloop
  endfacet
  facet normal 0 -1 0
    outer loop
      vertex 108.668 23 10.01
      vertex 110.667 23 12.205
      vertex 109.333 23 12.205
    endloop
  endfacet
  facet normal 0 -1 -0
    outer loop
      vertex 110.667 23 12.205
      vertex 108.668 23 10.01
      vertex 111.332 23 10.01
    endloop
  endfacet
  facet normal 0 -1 0
    outer loop
      vertex 44.6682 23 10.01
      vertex 46.6667 23 12.205
      vertex 45.3333 23 12.205
    endloop
  endfacet
  facet normal 0 -1 -0
    outer loop
      vertex 46.6667 23 12.205
      vertex 44.6682 23 10.01
      vertex 47.3318 23 10.01
    endloop
  endfacet
  facet normal 0 -1 0
    outer loop
      vertex 96.6682 23 10.01
      vertex 98.6667 23 12.205
      vertex 97.3333 23 12.205
    endloop
  endfacet
  facet normal 0 -1 -0
    outer loop
      vertex 98.6667 23 12.205
      vertex 96.6682 23 10.01
      vertex 99.3318 23 10.01
    endloop
  endfacet
  facet normal 0 -1 0
    outer loop
      vertex 76.6682 23 10.01
      vertex 78.6667 23 12.205
      vertex 77.3333 23 12.205
    endloop
  endfacet
  facet normal 0 -1 -0
    outer loop
      vertex 78.6667 23 12.205
      vertex 76.6682 23 10.01
      vertex 79.3318 23 10.01
    endloop
  endfacet
  facet normal 0 -1 0
    outer loop
      vertex 12.6682 23 10.01
      vertex 14.6667 23 12.205
      vertex 13.3333 23 12.205
    endloop
  endfacet
  facet normal 0 -1 -0
    outer loop
      vertex 14.6667 23 12.205
      vertex 12.6682 23 10.01
      vertex 15.3318 23 10.01
    endloop
  endfacet
  facet normal 0 -1 0
    outer loop
      vertex 0.668181 23 10.01
      vertex 2.66667 23 12.205
      vertex 1.33333 23 12.205
    endloop
  endfacet
  facet normal 0 -1 -0
    outer loop
      vertex 2.66667 23 12.205
      vertex 0.668181 23 10.01
      vertex 3.33182 23 10.01
    endloop
  endfacet
  facet normal 0 -1 0
    outer loop
      vertex 8.66818 23 10.01
      vertex 10.6667 23 12.205
      vertex 9.33333 23 12.205
    endloop
  endfacet
  facet normal 0 -1 -0
    outer loop
      vertex 10.6667 23 12.205
      vertex 8.66818 23 10.01
      vertex 11.3318 23 10.01
    endloop
  endfacet
  facet normal 0 -1 0
    outer loop
      vertex 120.668 23 10.01
      vertex 122.667 23 12.205
      vertex 121.333 23 12.205
    endloop
  endfacet
  facet normal 0 -1 -0
    outer loop
      vertex 122.667 23 12.205
      vertex 120.668 23 10.01
      vertex 123.332 23 10.01
    endloop
  endfacet
  facet normal 0 -1 0
    outer loop
      vertex 196.668 23 10.01
      vertex 198.667 23 12.205
      vertex 197.333 23 12.205
    endloop
  endfacet
  facet normal 0 -1 -0
    outer loop
      vertex 198.667 23 12.205
      vertex 196.668 23 10.01
      vertex 199.332 23 10.01
    endloop
  endfacet
  facet normal 0 -1 0
    outer loop
      vertex 64.6682 23 10.01
      vertex 66.6667 23 12.205
      vertex 65.3333 23 12.205
    endloop
  endfacet
  facet normal 0 -1 -0
    outer loop
      vertex 66.6667 23 12.205
      vertex 64.6682 23 10.01
      vertex 67.3318 23 10.01
    endloop
  endfacet
  facet normal 0 -1 0
    outer loop
      vertex 60.6682 23 10.01
      vertex 62.6667 23 12.205
      vertex 61.3333 23 12.205
    endloop
  endfacet
  facet normal 0 -1 -0
    outer loop
      vertex 62.6667 23 12.205
      vertex 60.6682 23 10.01
      vertex 63.3318 23 10.01
    endloop
  endfacet
  facet normal 0 -1 0
    outer loop
      vertex 160.668 23 10.01
      vertex 162.667 23 12.205
      vertex 161.333 23 12.205
    endloop
  endfacet
  facet normal 0 -1 -0
    outer loop
      vertex 162.667 23 12.205
      vertex 160.668 23 10.01
      vertex 163.332 23 10.01
    endloop
  endfacet
  facet normal 0 -1 0
    outer loop
      vertex 156.668 23 10.01
      vertex 158.667 23 12.205
      vertex 157.333 23 12.205
    endloop
  endfacet
  facet normal 0 -1 -0
    outer loop
      vertex 158.667 23 12.205
      vertex 156.668 23 10.01
      vertex 159.332 23 10.01
    endloop
  endfacet
  facet normal 0 -1 0
    outer loop
      vertex 52.6682 23 10.01
      vertex 54.6667 23 12.205
      vertex 53.3333 23 12.205
    endloop
  endfacet
  facet normal 0 -1 -0
    outer loop
      vertex 54.6667 23 12.205
      vertex 52.6682 23 10.01
      vertex 55.3318 23 10.01
    endloop
  endfacet
  facet normal 0 -1 0
    outer loop
      vertex 112.668 23 10.01
      vertex 114.667 23 12.205
      vertex 113.333 23 12.205
    endloop
  endfacet
  facet normal 0 -1 -0
    outer loop
      vertex 114.667 23 12.205
      vertex 112.668 23 10.01
      vertex 115.332 23 10.01
    endloop
  endfacet
  facet normal 0 -1 0
    outer loop
      vertex 188.668 23 10.01
      vertex 190.667 23 12.205
      vertex 189.333 23 12.205
    endloop
  endfacet
  facet normal 0 -1 -0
    outer loop
      vertex 190.667 23 12.205
      vertex 188.668 23 10.01
      vertex 191.332 23 10.01
    endloop
  endfacet
  facet normal 0 -1 0
    outer loop
      vertex 184.668 23 10.01
      vertex 186.667 23 12.205
      vertex 185.333 23 12.205
    endloop
  endfacet
  facet normal 0 -1 -0
    outer loop
      vertex 186.667 23 12.205
      vertex 184.668 23 10.01
      vertex 187.332 23 10.01
    endloop
  endfacet
  facet normal 0 -1 0
    outer loop
      vertex 148.668 23 10.01
      vertex 150.667 23 12.205
      vertex 149.333 23 12.205
    endloop
  endfacet
  facet normal 0 -1 -0
    outer loop
      vertex 150.667 23 12.205
      vertex 148.668 23 10.01
      vertex 151.332 23 10.01
    endloop
  endfacet
  facet normal 0 -1 0
    outer loop
      vertex 144.668 23 10.01
      vertex 146.667 23 12.205
      vertex 145.333 23 12.205
    endloop
  endfacet
  facet normal 0 -1 -0
    outer loop
      vertex 146.667 23 12.205
      vertex 144.668 23 10.01
      vertex 147.332 23 10.01
    endloop
  endfacet
  facet normal 0 -1 0
    outer loop
      vertex 152.668 23 10.01
      vertex 154.667 23 12.205
      vertex 153.333 23 12.205
    endloop
  endfacet
  facet normal 0 -1 -0
    outer loop
      vertex 154.667 23 12.205
      vertex 152.668 23 10.01
      vertex 155.332 23 10.01
    endloop
  endfacet
  facet normal 0 -1 0
    outer loop
      vertex 92.6682 23 10.01
      vertex 94.6667 23 12.205
      vertex 93.3333 23 12.205
    endloop
  endfacet
  facet normal 0 -1 -0
    outer loop
      vertex 94.6667 23 12.205
      vertex 92.6682 23 10.01
      vertex 95.3318 23 10.01
    endloop
  endfacet
  facet normal 0 -1 0
    outer loop
      vertex 128.668 23 10.01
      vertex 130.667 23 12.205
      vertex 129.333 23 12.205
    endloop
  endfacet
  facet normal 0 -1 -0
    outer loop
      vertex 130.667 23 12.205
      vertex 128.668 23 10.01
      vertex 131.332 23 10.01
    endloop
  endfacet
  facet normal 0 -1 0
    outer loop
      vertex 124.668 23 10.01
      vertex 126.667 23 12.205
      vertex 125.333 23 12.205
    endloop
  endfacet
  facet normal 0 -1 -0
    outer loop
      vertex 126.667 23 12.205
      vertex 124.668 23 10.01
      vertex 127.332 23 10.01
    endloop
  endfacet
  facet normal 0 -1 0
    outer loop
      vertex 32.6682 23 10.01
      vertex 34.6667 23 12.205
      vertex 33.3333 23 12.205
    endloop
  endfacet
  facet normal 0 -1 -0
    outer loop
      vertex 34.6667 23 12.205
      vertex 32.6682 23 10.01
      vertex 35.3318 23 10.01
    endloop
  endfacet
  facet normal 0 -1 0
    outer loop
      vertex 72.6682 23 10.01
      vertex 74.6667 23 12.205
      vertex 73.3333 23 12.205
    endloop
  endfacet
  facet normal 0 -1 -0
    outer loop
      vertex 74.6667 23 12.205
      vertex 72.6682 23 10.01
      vertex 75.3318 23 10.01
    endloop
  endfacet
  facet normal 0 -1 0
    outer loop
      vertex 48.6682 23 10.01
      vertex 50.6667 23 12.205
      vertex 49.3333 23 12.205
    endloop
  endfacet
  facet normal 0 -1 -0
    outer loop
      vertex 50.6667 23 12.205
      vertex 48.6682 23 10.01
      vertex 51.3318 23 10.01
    endloop
  endfacet
  facet normal 0 -1 0
    outer loop
      vertex 104.668 23 10.01
      vertex 106.667 23 12.205
      vertex 105.333 23 12.205
    endloop
  endfacet
  facet normal 0 -1 -0
    outer loop
      vertex 106.667 23 12.205
      vertex 104.668 23 10.01
      vertex 107.332 23 10.01
    endloop
  endfacet
  facet normal 0 -1 0
    outer loop
      vertex 24.6682 23 10.01
      vertex 26.6667 23 12.205
      vertex 25.3333 23 12.205
    endloop
  endfacet
  facet normal 0 -1 -0
    outer loop
      vertex 26.6667 23 12.205
      vertex 24.6682 23 10.01
      vertex 27.3318 23 10.01
    endloop
  endfacet
  facet normal 0 -1 0
    outer loop
      vertex 56.6682 23 10.01
      vertex 58.6667 23 12.205
      vertex 57.3333 23 12.205
    endloop
  endfacet
  facet normal 0 -1 -0
    outer loop
      vertex 58.6667 23 12.205
      vertex 56.6682 23 10.01
      vertex 59.3318 23 10.01
    endloop
  endfacet
  facet normal 0 -1 0
    outer loop
      vertex 140.668 23 10.01
      vertex 142.667 23 12.205
      vertex 141.333 23 12.205
    endloop
  endfacet
  facet normal 0 -1 -0
    outer loop
      vertex 142.667 23 12.205
      vertex 140.668 23 10.01
      vertex 143.332 23 10.01
    endloop
  endfacet
  facet normal 0 -1 0
    outer loop
      vertex 136.668 23 10.01
      vertex 138.667 23 12.205
      vertex 137.333 23 12.205
    endloop
  endfacet
  facet normal 0 -1 -0
    outer loop
      vertex 138.667 23 12.205
      vertex 136.668 23 10.01
      vertex 139.332 23 10.01
    endloop
  endfacet
  facet normal 0 -1 0
    outer loop
      vertex 40.6682 23 10.01
      vertex 42.6667 23 12.205
      vertex 41.3333 23 12.205
    endloop
  endfacet
  facet normal 0 -1 -0
    outer loop
      vertex 42.6667 23 12.205
      vertex 40.6682 23 10.01
      vertex 43.3318 23 10.01
    endloop
  endfacet
  facet normal 0 -1 0
    outer loop
      vertex 88.6682 23 10.01
      vertex 90.6667 23 12.205
      vertex 89.3333 23 12.205
    endloop
  endfacet
  facet normal 0 -1 -0
    outer loop
      vertex 90.6667 23 12.205
      vertex 88.6682 23 10.01
      vertex 91.3318 23 10.01
    endloop
  endfacet
  facet normal 0 -1 0
    outer loop
      vertex 168.668 23 10.01
      vertex 170.667 23 12.205
      vertex 169.333 23 12.205
    endloop
  endfacet
  facet normal 0 -1 -0
    outer loop
      vertex 170.667 23 12.205
      vertex 168.668 23 10.01
      vertex 171.332 23 10.01
    endloop
  endfacet
  facet normal 0 -1 0
    outer loop
      vertex 20.6682 23 10.01
      vertex 22.6667 23 12.205
      vertex 21.3333 23 12.205
    endloop
  endfacet
  facet normal 0 -1 -0
    outer loop
      vertex 22.6667 23 12.205
      vertex 20.6682 23 10.01
      vertex 23.3318 23 10.01
    endloop
  endfacet
  facet normal 0 -1 0
    outer loop
      vertex 36.6682 23 10.01
      vertex 38.6667 23 12.205
      vertex 37.3333 23 12.205
    endloop
  endfacet
  facet normal 0 -1 -0
    outer loop
      vertex 38.6667 23 12.205
      vertex 36.6682 23 10.01
      vertex 39.3318 23 10.01
    endloop
  endfacet
  facet normal 0 -1 0
    outer loop
      vertex 80.6682 23 10.01
      vertex 82.6667 23 12.205
      vertex 81.3333 23 12.205
    endloop
  endfacet
  facet normal 0 -1 -0
    outer loop
      vertex 82.6667 23 12.205
      vertex 80.6682 23 10.01
      vertex 83.3318 23 10.01
    endloop
  endfacet
  facet normal 0 -1 0
    outer loop
      vertex 164.668 23 10.01
      vertex 166.667 23 12.205
      vertex 165.333 23 12.205
    endloop
  endfacet
  facet normal 0 -1 -0
    outer loop
      vertex 166.667 23 12.205
      vertex 164.668 23 10.01
      vertex 167.332 23 10.01
    endloop
  endfacet
  facet normal 0 -1 0
    outer loop
      vertex 100.668 23 10.01
      vertex 102.667 23 12.205
      vertex 101.333 23 12.205
    endloop
  endfacet
  facet normal 0 -1 -0
    outer loop
      vertex 102.667 23 12.205
      vertex 100.668 23 10.01
      vertex 103.332 23 10.01
    endloop
  endfacet
  facet normal 0 -1 0
    outer loop
      vertex 132.668 23 10.01
      vertex 134.667 23 12.205
      vertex 133.333 23 12.205
    endloop
  endfacet
  facet normal 0 -1 -0
    outer loop
      vertex 134.667 23 12.205
      vertex 132.668 23 10.01
      vertex 135.332 23 10.01
    endloop
  endfacet
  facet normal 0 -1 0
    outer loop
      vertex 84.6682 23 10.01
      vertex 86.6667 23 12.205
      vertex 85.3333 23 12.205
    endloop
  endfacet
  facet normal 0 -1 -0
    outer loop
      vertex 86.6667 23 12.205
      vertex 84.6682 23 10.01
      vertex 87.3318 23 10.01
    endloop
  endfacet
  facet normal -0 0 1
    outer loop
      vertex 5.33333 27 12.205
      vertex 6.66667 23 12.205
      vertex 6.66667 27 12.205
    endloop
  endfacet
  facet normal 0 0 1
    outer loop
      vertex 6.66667 23 12.205
      vertex 5.33333 27 12.205
      vertex 5.33333 23 12.205
    endloop
  endfacet
  facet normal 0.957025 -0 0.290007
    outer loop
      vertex 6.66667 23 12.205
      vertex 7.33182 27 10.01
      vertex 6.66667 27 12.205
    endloop
  endfacet
  facet normal 0.957025 0 0.290007
    outer loop
      vertex 7.33182 27 10.01
      vertex 6.66667 23 12.205
      vertex 7.33182 23 10.01
    endloop
  endfacet
  facet normal -0.957025 0 0.290007
    outer loop
      vertex 4.66818 23 10.01
      vertex 5.33333 27 12.205
      vertex 4.66818 27 10.01
    endloop
  endfacet
  facet normal -0.957025 0 0.290007
    outer loop
      vertex 5.33333 27 12.205
      vertex 4.66818 23 10.01
      vertex 5.33333 23 12.205
    endloop
  endfacet
  facet normal -0 0 1
    outer loop
      vertex 9.33333 27 12.205
      vertex 10.6667 23 12.205
      vertex 10.6667 27 12.205
    endloop
  endfacet
  facet normal 0 0 1
    outer loop
      vertex 10.6667 23 12.205
      vertex 9.33333 27 12.205
      vertex 9.33333 23 12.205
    endloop
  endfacet
  facet normal 0.957031 -0 0.289987
    outer loop
      vertex 10.6667 23 12.205
      vertex 11.3318 27 10.01
      vertex 10.6667 27 12.205
    endloop
  endfacet
  facet normal 0.957031 0 0.289987
    outer loop
      vertex 11.3318 27 10.01
      vertex 10.6667 23 12.205
      vertex 11.3318 23 10.01
    endloop
  endfacet
  facet normal -0.957025 0 0.290007
    outer loop
      vertex 8.66818 23 10.01
      vertex 9.33333 27 12.205
      vertex 8.66818 27 10.01
    endloop
  endfacet
  facet normal -0.957025 0 0.290007
    outer loop
      vertex 9.33333 27 12.205
      vertex 8.66818 23 10.01
      vertex 9.33333 23 12.205
    endloop
  endfacet
  facet normal -0 0 1
    outer loop
      vertex 13.3333 27 12.205
      vertex 14.6667 23 12.205
      vertex 14.6667 27 12.205
    endloop
  endfacet
  facet normal 0 0 1
    outer loop
      vertex 14.6667 23 12.205
      vertex 13.3333 27 12.205
      vertex 13.3333 23 12.205
    endloop
  endfacet
  facet normal 0.957031 -0 0.289987
    outer loop
      vertex 14.6667 23 12.205
      vertex 15.3318 27 10.01
      vertex 14.6667 27 12.205
    endloop
  endfacet
  facet normal 0.957031 0 0.289987
    outer loop
      vertex 15.3318 27 10.01
      vertex 14.6667 23 12.205
      vertex 15.3318 23 10.01
    endloop
  endfacet
  facet normal -0.957031 0 0.289987
    outer loop
      vertex 12.6682 23 10.01
      vertex 13.3333 27 12.205
      vertex 12.6682 27 10.01
    endloop
  endfacet
  facet normal -0.957031 0 0.289987
    outer loop
      vertex 13.3333 27 12.205
      vertex 12.6682 23 10.01
      vertex 13.3333 23 12.205
    endloop
  endfacet
  facet normal -0 0 1
    outer loop
      vertex 17.3333 27 12.205
      vertex 18.6667 23 12.205
      vertex 18.6667 27 12.205
    endloop
  endfacet
  facet normal 0 0 1
    outer loop
      vertex 18.6667 23 12.205
      vertex 17.3333 27 12.205
      vertex 17.3333 23 12.205
    endloop
  endfacet
  facet normal 0.957031 -0 0.289987
    outer loop
      vertex 18.6667 23 12.205
      vertex 19.3318 27 10.01
      vertex 18.6667 27 12.205
    endloop
  endfacet
  facet normal 0.957031 0 0.289987
    outer loop
      vertex 19.3318 27 10.01
      vertex 18.6667 23 12.205
      vertex 19.3318 23 10.01
    endloop
  endfacet
  facet normal -0.957031 0 0.289987
    outer loop
      vertex 16.6682 23 10.01
      vertex 17.3333 27 12.205
      vertex 16.6682 27 10.01
    endloop
  endfacet
  facet normal -0.957031 0 0.289987
    outer loop
      vertex 17.3333 27 12.205
      vertex 16.6682 23 10.01
      vertex 17.3333 23 12.205
    endloop
  endfacet
  facet normal -0 0 1
    outer loop
      vertex 21.3333 27 12.205
      vertex 22.6667 23 12.205
      vertex 22.6667 27 12.205
    endloop
  endfacet
  facet normal 0 0 1
    outer loop
      vertex 22.6667 23 12.205
      vertex 21.3333 27 12.205
      vertex 21.3333 23 12.205
    endloop
  endfacet
  facet normal 0.957031 -0 0.289987
    outer loop
      vertex 22.6667 23 12.205
      vertex 23.3318 27 10.01
      vertex 22.6667 27 12.205
    endloop
  endfacet
  facet normal 0.957031 0 0.289987
    outer loop
      vertex 23.3318 27 10.01
      vertex 22.6667 23 12.205
      vertex 23.3318 23 10.01
    endloop
  endfacet
  facet normal -0.957031 0 0.289987
    outer loop
      vertex 20.6682 23 10.01
      vertex 21.3333 27 12.205
      vertex 20.6682 27 10.01
    endloop
  endfacet
  facet normal -0.957031 0 0.289987
    outer loop
      vertex 21.3333 27 12.205
      vertex 20.6682 23 10.01
      vertex 21.3333 23 12.205
    endloop
  endfacet
  facet normal -0 0 1
    outer loop
      vertex 25.3333 27 12.205
      vertex 26.6667 23 12.205
      vertex 26.6667 27 12.205
    endloop
  endfacet
  facet normal 0 0 1
    outer loop
      vertex 26.6667 23 12.205
      vertex 25.3333 27 12.205
      vertex 25.3333 23 12.205
    endloop
  endfacet
  facet normal 0.957031 -0 0.289987
    outer loop
      vertex 26.6667 23 12.205
      vertex 27.3318 27 10.01
      vertex 26.6667 27 12.205
    endloop
  endfacet
  facet normal 0.957031 0 0.289987
    outer loop
      vertex 27.3318 27 10.01
      vertex 26.6667 23 12.205
      vertex 27.3318 23 10.01
    endloop
  endfacet
  facet normal -0.957031 0 0.289987
    outer loop
      vertex 24.6682 23 10.01
      vertex 25.3333 27 12.205
      vertex 24.6682 27 10.01
    endloop
  endfacet
  facet normal -0.957031 0 0.289987
    outer loop
      vertex 25.3333 27 12.205
      vertex 24.6682 23 10.01
      vertex 25.3333 23 12.205
    endloop
  endfacet
  facet normal -0 0 1
    outer loop
      vertex 29.3333 27 12.205
      vertex 30.6667 23 12.205
      vertex 30.6667 27 12.205
    endloop
  endfacet
  facet normal 0 0 1
    outer loop
      vertex 30.6667 23 12.205
      vertex 29.3333 27 12.205
      vertex 29.3333 23 12.205
    endloop
  endfacet
  facet normal 0.957031 -0 0.289987
    outer loop
      vertex 30.6667 23 12.205
      vertex 31.3318 27 10.01
      vertex 30.6667 27 12.205
    endloop
  endfacet
  facet normal 0.957031 0 0.289987
    outer loop
      vertex 31.3318 27 10.01
      vertex 30.6667 23 12.205
      vertex 31.3318 23 10.01
    endloop
  endfacet
  facet normal -0.957031 0 0.289987
    outer loop
      vertex 28.6682 23 10.01
      vertex 29.3333 27 12.205
      vertex 28.6682 27 10.01
    endloop
  endfacet
  facet normal -0.957031 0 0.289987
    outer loop
      vertex 29.3333 27 12.205
      vertex 28.6682 23 10.01
      vertex 29.3333 23 12.205
    endloop
  endfacet
  facet normal -0 0 1
    outer loop
      vertex 33.3333 27 12.205
      vertex 34.6667 23 12.205
      vertex 34.6667 27 12.205
    endloop
  endfacet
  facet normal 0 0 1
    outer loop
      vertex 34.6667 23 12.205
      vertex 33.3333 27 12.205
      vertex 33.3333 23 12.205
    endloop
  endfacet
  facet normal 0.957031 -0 0.289987
    outer loop
      vertex 34.6667 23 12.205
      vertex 35.3318 27 10.01
      vertex 34.6667 27 12.205
    endloop
  endfacet
  facet normal 0.957031 0 0.289987
    outer loop
      vertex 35.3318 27 10.01
      vertex 34.6667 23 12.205
      vertex 35.3318 23 10.01
    endloop
  endfacet
  facet normal -0.957031 0 0.289987
    outer loop
      vertex 32.6682 23 10.01
      vertex 33.3333 27 12.205
      vertex 32.6682 27 10.01
    endloop
  endfacet
  facet normal -0.957031 0 0.289987
    outer loop
      vertex 33.3333 27 12.205
      vertex 32.6682 23 10.01
      vertex 33.3333 23 12.205
    endloop
  endfacet
  facet normal -0 0 1
    outer loop
      vertex 37.3333 27 12.205
      vertex 38.6667 23 12.205
      vertex 38.6667 27 12.205
    endloop
  endfacet
  facet normal 0 0 1
    outer loop
      vertex 38.6667 23 12.205
      vertex 37.3333 27 12.205
      vertex 37.3333 23 12.205
    endloop
  endfacet
  facet normal 0.957031 -0 0.289987
    outer loop
      vertex 38.6667 23 12.205
      vertex 39.3318 27 10.01
      vertex 38.6667 27 12.205
    endloop
  endfacet
  facet normal 0.957031 0 0.289987
    outer loop
      vertex 39.3318 27 10.01
      vertex 38.6667 23 12.205
      vertex 39.3318 23 10.01
    endloop
  endfacet
  facet normal -0.957031 0 0.289987
    outer loop
      vertex 36.6682 23 10.01
      vertex 37.3333 27 12.205
      vertex 36.6682 27 10.01
    endloop
  endfacet
  facet normal -0.957031 0 0.289987
    outer loop
      vertex 37.3333 27 12.205
      vertex 36.6682 23 10.01
      vertex 37.3333 23 12.205
    endloop
  endfacet
  facet normal -0 0 1
    outer loop
      vertex 41.3333 27 12.205
      vertex 42.6667 23 12.205
      vertex 42.6667 27 12.205
    endloop
  endfacet
  facet normal 0 0 1
    outer loop
      vertex 42.6667 23 12.205
      vertex 41.3333 27 12.205
      vertex 41.3333 23 12.205
    endloop
  endfacet
  facet normal 0.957031 -0 0.289987
    outer loop
      vertex 42.6667 23 12.205
      vertex 43.3318 27 10.01
      vertex 42.6667 27 12.205
    endloop
  endfacet
  facet normal 0.957031 0 0.289987
    outer loop
      vertex 43.3318 27 10.01
      vertex 42.6667 23 12.205
      vertex 43.3318 23 10.01
    endloop
  endfacet
  facet normal -0.957031 0 0.289987
    outer loop
      vertex 40.6682 23 10.01
      vertex 41.3333 27 12.205
      vertex 40.6682 27 10.01
    endloop
  endfacet
  facet normal -0.957031 0 0.289987
    outer loop
      vertex 41.3333 27 12.205
      vertex 40.6682 23 10.01
      vertex 41.3333 23 12.205
    endloop
  endfacet
  facet normal -0 0 1
    outer loop
      vertex 45.3333 27 12.205
      vertex 46.6667 23 12.205
      vertex 46.6667 27 12.205
    endloop
  endfacet
  facet normal 0 0 1
    outer loop
      vertex 46.6667 23 12.205
      vertex 45.3333 27 12.205
      vertex 45.3333 23 12.205
    endloop
  endfacet
  facet normal 0.957031 -0 0.289987
    outer loop
      vertex 46.6667 23 12.205
      vertex 47.3318 27 10.01
      vertex 46.6667 27 12.205
    endloop
  endfacet
  facet normal 0.957031 0 0.289987
    outer loop
      vertex 47.3318 27 10.01
      vertex 46.6667 23 12.205
      vertex 47.3318 23 10.01
    endloop
  endfacet
  facet normal -0.957031 0 0.289987
    outer loop
      vertex 44.6682 23 10.01
      vertex 45.3333 27 12.205
      vertex 44.6682 27 10.01
    endloop
  endfacet
  facet normal -0.957031 0 0.289987
    outer loop
      vertex 45.3333 27 12.205
      vertex 44.6682 23 10.01
      vertex 45.3333 23 12.205
    endloop
  endfacet
  facet normal -0 0 1
    outer loop
      vertex 49.3333 27 12.205
      vertex 50.6667 23 12.205
      vertex 50.6667 27 12.205
    endloop
  endfacet
  facet normal 0 0 1
    outer loop
      vertex 50.6667 23 12.205
      vertex 49.3333 27 12.205
      vertex 49.3333 23 12.205
    endloop
  endfacet
  facet normal 0.957031 -0 0.289987
    outer loop
      vertex 50.6667 23 12.205
      vertex 51.3318 27 10.01
      vertex 50.6667 27 12.205
    endloop
  endfacet
  facet normal 0.957031 0 0.289987
    outer loop
      vertex 51.3318 27 10.01
      vertex 50.6667 23 12.205
      vertex 51.3318 23 10.01
    endloop
  endfacet
  facet normal -0.957031 0 0.289987
    outer loop
      vertex 48.6682 23 10.01
      vertex 49.3333 27 12.205
      vertex 48.6682 27 10.01
    endloop
  endfacet
  facet normal -0.957031 0 0.289987
    outer loop
      vertex 49.3333 27 12.205
      vertex 48.6682 23 10.01
      vertex 49.3333 23 12.205
    endloop
  endfacet
  facet normal -0 0 1
    outer loop
      vertex 53.3333 27 12.205
      vertex 54.6667 23 12.205
      vertex 54.6667 27 12.205
    endloop
  endfacet
  facet normal 0 0 1
    outer loop
      vertex 54.6667 23 12.205
      vertex 53.3333 27 12.205
      vertex 53.3333 23 12.205
    endloop
  endfacet
  facet normal 0.957031 -0 0.289987
    outer loop
      vertex 54.6667 23 12.205
      vertex 55.3318 27 10.01
      vertex 54.6667 27 12.205
    endloop
  endfacet
  facet normal 0.957031 0 0.289987
    outer loop
      vertex 55.3318 27 10.01
      vertex 54.6667 23 12.205
      vertex 55.3318 23 10.01
    endloop
  endfacet
  facet normal -0.957031 0 0.289987
    outer loop
      vertex 52.6682 23 10.01
      vertex 53.3333 27 12.205
      vertex 52.6682 27 10.01
    endloop
  endfacet
  facet normal -0.957031 0 0.289987
    outer loop
      vertex 53.3333 27 12.205
      vertex 52.6682 23 10.01
      vertex 53.3333 23 12.205
    endloop
  endfacet
  facet normal -0 0 1
    outer loop
      vertex 57.3333 27 12.205
      vertex 58.6667 23 12.205
      vertex 58.6667 27 12.205
    endloop
  endfacet
  facet normal 0 0 1
    outer loop
      vertex 58.6667 23 12.205
      vertex 57.3333 27 12.205
      vertex 57.3333 23 12.205
    endloop
  endfacet
  facet normal 0.957031 -0 0.289987
    outer loop
      vertex 58.6667 23 12.205
      vertex 59.3318 27 10.01
      vertex 58.6667 27 12.205
    endloop
  endfacet
  facet normal 0.957031 0 0.289987
    outer loop
      vertex 59.3318 27 10.01
      vertex 58.6667 23 12.205
      vertex 59.3318 23 10.01
    endloop
  endfacet
  facet normal -0.957031 0 0.289987
    outer loop
      vertex 56.6682 23 10.01
      vertex 57.3333 27 12.205
      vertex 56.6682 27 10.01
    endloop
  endfacet
  facet normal -0.957031 0 0.289987
    outer loop
      vertex 57.3333 27 12.205
      vertex 56.6682 23 10.01
      vertex 57.3333 23 12.205
    endloop
  endfacet
  facet normal -0 0 1
    outer loop
      vertex 61.3333 27 12.205
      vertex 62.6667 23 12.205
      vertex 62.6667 27 12.205
    endloop
  endfacet
  facet normal 0 0 1
    outer loop
      vertex 62.6667 23 12.205
      vertex 61.3333 27 12.205
      vertex 61.3333 23 12.205
    endloop
  endfacet
  facet normal 0.957031 -0 0.289987
    outer loop
      vertex 62.6667 23 12.205
      vertex 63.3318 27 10.01
      vertex 62.6667 27 12.205
    endloop
  endfacet
  facet normal 0.957031 0 0.289987
    outer loop
      vertex 63.3318 27 10.01
      vertex 62.6667 23 12.205
      vertex 63.3318 23 10.01
    endloop
  endfacet
  facet normal -0.957031 0 0.289987
    outer loop
      vertex 60.6682 23 10.01
      vertex 61.3333 27 12.205
      vertex 60.6682 27 10.01
    endloop
  endfacet
  facet normal -0.957031 0 0.289987
    outer loop
      vertex 61.3333 27 12.205
      vertex 60.6682 23 10.01
      vertex 61.3333 23 12.205
    endloop
  endfacet
  facet normal -0 0 1
    outer loop
      vertex 65.3333 27 12.205
      vertex 66.6667 23 12.205
      vertex 66.6667 27 12.205
    endloop
  endfacet
  facet normal 0 0 1
    outer loop
      vertex 66.6667 23 12.205
      vertex 65.3333 27 12.205
      vertex 65.3333 23 12.205
    endloop
  endfacet
  facet normal 0.957031 -0 0.289987
    outer loop
      vertex 66.6667 23 12.205
      vertex 67.3318 27 10.01
      vertex 66.6667 27 12.205
    endloop
  endfacet
  facet normal 0.957031 0 0.289987
    outer loop
      vertex 67.3318 27 10.01
      vertex 66.6667 23 12.205
      vertex 67.3318 23 10.01
    endloop
  endfacet
  facet normal -0.957031 0 0.289987
    outer loop
      vertex 64.6682 23 10.01
      vertex 65.3333 27 12.205
      vertex 64.6682 27 10.01
    endloop
  endfacet
  facet normal -0.957031 0 0.289987
    outer loop
      vertex 65.3333 27 12.205
      vertex 64.6682 23 10.01
      vertex 65.3333 23 12.205
    endloop
  endfacet
  facet normal -0 0 1
    outer loop
      vertex 69.3333 27 12.205
      vertex 70.6667 23 12.205
      vertex 70.6667 27 12.205
    endloop
  endfacet
  facet normal 0 0 1
    outer loop
      vertex 70.6667 23 12.205
      vertex 69.3333 27 12.205
      vertex 69.3333 23 12.205
    endloop
  endfacet
  facet normal 0.957031 -0 0.289987
    outer loop
      vertex 70.6667 23 12.205
      vertex 71.3318 27 10.01
      vertex 70.6667 27 12.205
    endloop
  endfacet
  facet normal 0.957031 0 0.289987
    outer loop
      vertex 71.3318 27 10.01
      vertex 70.6667 23 12.205
      vertex 71.3318 23 10.01
    endloop
  endfacet
  facet normal -0.957031 0 0.289987
    outer loop
      vertex 68.6682 23 10.01
      vertex 69.3333 27 12.205
      vertex 68.6682 27 10.01
    endloop
  endfacet
  facet normal -0.957031 0 0.289987
    outer loop
      vertex 69.3333 27 12.205
      vertex 68.6682 23 10.01
      vertex 69.3333 23 12.205
    endloop
  endfacet
  facet normal -0 0 1
    outer loop
      vertex 73.3333 27 12.205
      vertex 74.6667 23 12.205
      vertex 74.6667 27 12.205
    endloop
  endfacet
  facet normal 0 0 1
    outer loop
      vertex 74.6667 23 12.205
      vertex 73.3333 27 12.205
      vertex 73.3333 23 12.205
    endloop
  endfacet
  facet normal 0.957031 -0 0.289987
    outer loop
      vertex 74.6667 23 12.205
      vertex 75.3318 27 10.01
      vertex 74.6667 27 12.205
    endloop
  endfacet
  facet normal 0.957031 0 0.289987
    outer loop
      vertex 75.3318 27 10.01
      vertex 74.6667 23 12.205
      vertex 75.3318 23 10.01
    endloop
  endfacet
  facet normal -0.957031 0 0.289987
    outer loop
      vertex 72.6682 23 10.01
      vertex 73.3333 27 12.205
      vertex 72.6682 27 10.01
    endloop
  endfacet
  facet normal -0.957031 0 0.289987
    outer loop
      vertex 73.3333 27 12.205
      vertex 72.6682 23 10.01
      vertex 73.3333 23 12.205
    endloop
  endfacet
  facet normal -0 0 1
    outer loop
      vertex 77.3333 27 12.205
      vertex 78.6667 23 12.205
      vertex 78.6667 27 12.205
    endloop
  endfacet
  facet normal 0 0 1
    outer loop
      vertex 78.6667 23 12.205
      vertex 77.3333 27 12.205
      vertex 77.3333 23 12.205
    endloop
  endfacet
  facet normal 0.957031 -0 0.289987
    outer loop
      vertex 78.6667 23 12.205
      vertex 79.3318 27 10.01
      vertex 78.6667 27 12.205
    endloop
  endfacet
  facet normal 0.957031 0 0.289987
    outer loop
      vertex 79.3318 27 10.01
      vertex 78.6667 23 12.205
      vertex 79.3318 23 10.01
    endloop
  endfacet
  facet normal -0.957031 0 0.289987
    outer loop
      vertex 76.6682 23 10.01
      vertex 77.3333 27 12.205
      vertex 76.6682 27 10.01
    endloop
  endfacet
  facet normal -0.957031 0 0.289987
    outer loop
      vertex 77.3333 27 12.205
      vertex 76.6682 23 10.01
      vertex 77.3333 23 12.205
    endloop
  endfacet
  facet normal -0 0 1
    outer loop
      vertex 81.3333 27 12.205
      vertex 82.6667 23 12.205
      vertex 82.6667 27 12.205
    endloop
  endfacet
  facet normal 0 0 1
    outer loop
      vertex 82.6667 23 12.205
      vertex 81.3333 27 12.205
      vertex 81.3333 23 12.205
    endloop
  endfacet
  facet normal 0.957031 -0 0.289987
    outer loop
      vertex 82.6667 23 12.205
      vertex 83.3318 27 10.01
      vertex 82.6667 27 12.205
    endloop
  endfacet
  facet normal 0.957031 0 0.289987
    outer loop
      vertex 83.3318 27 10.01
      vertex 82.6667 23 12.205
      vertex 83.3318 23 10.01
    endloop
  endfacet
  facet normal -0.957031 0 0.289987
    outer loop
      vertex 80.6682 23 10.01
      vertex 81.3333 27 12.205
      vertex 80.6682 27 10.01
    endloop
  endfacet
  facet normal -0.957031 0 0.289987
    outer loop
      vertex 81.3333 27 12.205
      vertex 80.6682 23 10.01
      vertex 81.3333 23 12.205
    endloop
  endfacet
  facet normal -0 0 1
    outer loop
      vertex 85.3333 27 12.205
      vertex 86.6667 23 12.205
      vertex 86.6667 27 12.205
    endloop
  endfacet
  facet normal 0 0 1
    outer loop
      vertex 86.6667 23 12.205
      vertex 85.3333 27 12.205
      vertex 85.3333 23 12.205
    endloop
  endfacet
  facet normal 0.957031 -0 0.289987
    outer loop
      vertex 86.6667 23 12.205
      vertex 87.3318 27 10.01
      vertex 86.6667 27 12.205
    endloop
  endfacet
  facet normal 0.957031 0 0.289987
    outer loop
      vertex 87.3318 27 10.01
      vertex 86.6667 23 12.205
      vertex 87.3318 23 10.01
    endloop
  endfacet
  facet normal -0.957031 0 0.289987
    outer loop
      vertex 84.6682 23 10.01
      vertex 85.3333 27 12.205
      vertex 84.6682 27 10.01
    endloop
  endfacet
  facet normal -0.957031 0 0.289987
    outer loop
      vertex 85.3333 27 12.205
      vertex 84.6682 23 10.01
      vertex 85.3333 23 12.205
    endloop
  endfacet
  facet normal -0 0 1
    outer loop
      vertex 89.3333 27 12.205
      vertex 90.6667 23 12.205
      vertex 90.6667 27 12.205
    endloop
  endfacet
  facet normal 0 0 1
    outer loop
      vertex 90.6667 23 12.205
      vertex 89.3333 27 12.205
      vertex 89.3333 23 12.205
    endloop
  endfacet
  facet normal 0.957031 -0 0.289987
    outer loop
      vertex 90.6667 23 12.205
      vertex 91.3318 27 10.01
      vertex 90.6667 27 12.205
    endloop
  endfacet
  facet normal 0.957031 0 0.289987
    outer loop
      vertex 91.3318 27 10.01
      vertex 90.6667 23 12.205
      vertex 91.3318 23 10.01
    endloop
  endfacet
  facet normal -0.957031 0 0.289987
    outer loop
      vertex 88.6682 23 10.01
      vertex 89.3333 27 12.205
      vertex 88.6682 27 10.01
    endloop
  endfacet
  facet normal -0.957031 0 0.289987
    outer loop
      vertex 89.3333 27 12.205
      vertex 88.6682 23 10.01
      vertex 89.3333 23 12.205
    endloop
  endfacet
  facet normal -0 0 1
    outer loop
      vertex 93.3333 27 12.205
      vertex 94.6667 23 12.205
      vertex 94.6667 27 12.205
    endloop
  endfacet
  facet normal 0 0 1
    outer loop
      vertex 94.6667 23 12.205
      vertex 93.3333 27 12.205
      vertex 93.3333 23 12.205
    endloop
  endfacet
  facet normal 0.957031 -0 0.289987
    outer loop
      vertex 94.6667 23 12.205
      vertex 95.3318 27 10.01
      vertex 94.6667 27 12.205
    endloop
  endfacet
  facet normal 0.957031 0 0.289987
    outer loop
      vertex 95.3318 27 10.01
      vertex 94.6667 23 12.205
      vertex 95.3318 23 10.01
    endloop
  endfacet
  facet normal -0.957031 0 0.289987
    outer loop
      vertex 92.6682 23 10.01
      vertex 93.3333 27 12.205
      vertex 92.6682 27 10.01
    endloop
  endfacet
  facet normal -0.957031 0 0.289987
    outer loop
      vertex 93.3333 27 12.205
      vertex 92.6682 23 10.01
      vertex 93.3333 23 12.205
    endloop
  endfacet
  facet normal -0 0 1
    outer loop
      vertex 97.3333 27 12.205
      vertex 98.6667 23 12.205
      vertex 98.6667 27 12.205
    endloop
  endfacet
  facet normal 0 0 1
    outer loop
      vertex 98.6667 23 12.205
      vertex 97.3333 27 12.205
      vertex 97.3333 23 12.205
    endloop
  endfacet
  facet normal 0.957031 -0 0.289987
    outer loop
      vertex 98.6667 23 12.205
      vertex 99.3318 27 10.01
      vertex 98.6667 27 12.205
    endloop
  endfacet
  facet normal 0.957031 0 0.289987
    outer loop
      vertex 99.3318 27 10.01
      vertex 98.6667 23 12.205
      vertex 99.3318 23 10.01
    endloop
  endfacet
  facet normal -0.957031 0 0.289987
    outer loop
      vertex 96.6682 23 10.01
      vertex 97.3333 27 12.205
      vertex 96.6682 27 10.01
    endloop
  endfacet
  facet normal -0.957031 0 0.289987
    outer loop
      vertex 97.3333 27 12.205
      vertex 96.6682 23 10.01
      vertex 97.3333 23 12.205
    endloop
  endfacet
  facet normal -0 0 1
    outer loop
      vertex 101.333 27 12.205
      vertex 102.667 23 12.205
      vertex 102.667 27 12.205
    endloop
  endfacet
  facet normal 0 0 1
    outer loop
      vertex 102.667 23 12.205
      vertex 101.333 27 12.205
      vertex 101.333 23 12.205
    endloop
  endfacet
  facet normal 0.957043 -0 0.289947
    outer loop
      vertex 102.667 23 12.205
      vertex 103.332 27 10.01
      vertex 102.667 27 12.205
    endloop
  endfacet
  facet normal 0.957043 0 0.289947
    outer loop
      vertex 103.332 27 10.01
      vertex 102.667 23 12.205
      vertex 103.332 23 10.01
    endloop
  endfacet
  facet normal -0.957043 0 0.289947
    outer loop
      vertex 100.668 23 10.01
      vertex 101.333 27 12.205
      vertex 100.668 27 10.01
    endloop
  endfacet
  facet normal -0.957043 0 0.289947
    outer loop
      vertex 101.333 27 12.205
      vertex 100.668 23 10.01
      vertex 101.333 23 12.205
    endloop
  endfacet
  facet normal -0 0 1
    outer loop
      vertex 105.333 27 12.205
      vertex 106.667 23 12.205
      vertex 106.667 27 12.205
    endloop
  endfacet
  facet normal 0 0 1
    outer loop
      vertex 106.667 23 12.205
      vertex 105.333 27 12.205
      vertex 105.333 23 12.205
    endloop
  endfacet
  facet normal 0.957043 -0 0.289947
    outer loop
      vertex 106.667 23 12.205
      vertex 107.332 27 10.01
      vertex 106.667 27 12.205
    endloop
  endfacet
  facet normal 0.957043 0 0.289947
    outer loop
      vertex 107.332 27 10.01
      vertex 106.667 23 12.205
      vertex 107.332 23 10.01
    endloop
  endfacet
  facet normal -0.957043 0 0.289947
    outer loop
      vertex 104.668 23 10.01
      vertex 105.333 27 12.205
      vertex 104.668 27 10.01
    endloop
  endfacet
  facet normal -0.957043 0 0.289947
    outer loop
      vertex 105.333 27 12.205
      vertex 104.668 23 10.01
      vertex 105.333 23 12.205
    endloop
  endfacet
  facet normal -0 0 1
    outer loop
      vertex 109.333 27 12.205
      vertex 110.667 23 12.205
      vertex 110.667 27 12.205
    endloop
  endfacet
  facet normal 0 0 1
    outer loop
      vertex 110.667 23 12.205
      vertex 109.333 27 12.205
      vertex 109.333 23 12.205
    endloop
  endfacet
  facet normal 0.957043 -0 0.289947
    outer loop
      vertex 110.667 23 12.205
      vertex 111.332 27 10.01
      vertex 110.667 27 12.205
    endloop
  endfacet
  facet normal 0.957043 0 0.289947
    outer loop
      vertex 111.332 27 10.01
      vertex 110.667 23 12.205
      vertex 111.332 23 10.01
    endloop
  endfacet
  facet normal -0.957043 0 0.289947
    outer loop
      vertex 108.668 23 10.01
      vertex 109.333 27 12.205
      vertex 108.668 27 10.01
    endloop
  endfacet
  facet normal -0.957043 0 0.289947
    outer loop
      vertex 109.333 27 12.205
      vertex 108.668 23 10.01
      vertex 109.333 23 12.205
    endloop
  endfacet
  facet normal -0 0 1
    outer loop
      vertex 113.333 27 12.205
      vertex 114.667 23 12.205
      vertex 114.667 27 12.205
    endloop
  endfacet
  facet normal 0 0 1
    outer loop
      vertex 114.667 23 12.205
      vertex 113.333 27 12.205
      vertex 113.333 23 12.205
    endloop
  endfacet
  facet normal 0.957043 -0 0.289947
    outer loop
      vertex 114.667 23 12.205
      vertex 115.332 27 10.01
      vertex 114.667 27 12.205
    endloop
  endfacet
  facet normal 0.957043 0 0.289947
    outer loop
      vertex 115.332 27 10.01
      vertex 114.667 23 12.205
      vertex 115.332 23 10.01
    endloop
  endfacet
  facet normal -0.957043 0 0.289947
    outer loop
      vertex 112.668 23 10.01
      vertex 113.333 27 12.205
      vertex 112.668 27 10.01
    endloop
  endfacet
  facet normal -0.957043 0 0.289947
    outer loop
      vertex 113.333 27 12.205
      vertex 112.668 23 10.01
      vertex 113.333 23 12.205
    endloop
  endfacet
  facet normal -0 0 1
    outer loop
      vertex 117.333 27 12.205
      vertex 118.667 23 12.205
      vertex 118.667 27 12.205
    endloop
  endfacet
  facet normal 0 0 1
    outer loop
      vertex 118.667 23 12.205
      vertex 117.333 27 12.205
      vertex 117.333 23 12.205
    endloop
  endfacet
  facet normal 0.957043 -0 0.289947
    outer loop
      vertex 118.667 23 12.205
      vertex 119.332 27 10.01
      vertex 118.667 27 12.205
    endloop
  endfacet
  facet normal 0.957043 0 0.289947
    outer loop
      vertex 119.332 27 10.01
      vertex 118.667 23 12.205
      vertex 119.332 23 10.01
    endloop
  endfacet
  facet normal -0.957043 0 0.289947
    outer loop
      vertex 116.668 23 10.01
      vertex 117.333 27 12.205
      vertex 116.668 27 10.01
    endloop
  endfacet
  facet normal -0.957043 0 0.289947
    outer loop
      vertex 117.333 27 12.205
      vertex 116.668 23 10.01
      vertex 117.333 23 12.205
    endloop
  endfacet
  facet normal -0 0 1
    outer loop
      vertex 121.333 27 12.205
      vertex 122.667 23 12.205
      vertex 122.667 27 12.205
    endloop
  endfacet
  facet normal 0 0 1
    outer loop
      vertex 122.667 23 12.205
      vertex 121.333 27 12.205
      vertex 121.333 23 12.205
    endloop
  endfacet
  facet normal 0.957043 -0 0.289947
    outer loop
      vertex 122.667 23 12.205
      vertex 123.332 27 10.01
      vertex 122.667 27 12.205
    endloop
  endfacet
  facet normal 0.957043 0 0.289947
    outer loop
      vertex 123.332 27 10.01
      vertex 122.667 23 12.205
      vertex 123.332 23 10.01
    endloop
  endfacet
  facet normal -0.957043 0 0.289947
    outer loop
      vertex 120.668 23 10.01
      vertex 121.333 27 12.205
      vertex 120.668 27 10.01
    endloop
  endfacet
  facet normal -0.957043 0 0.289947
    outer loop
      vertex 121.333 27 12.205
      vertex 120.668 23 10.01
      vertex 121.333 23 12.205
    endloop
  endfacet
  facet normal -0 0 1
    outer loop
      vertex 125.333 27 12.205
      vertex 126.667 23 12.205
      vertex 126.667 27 12.205
    endloop
  endfacet
  facet normal 0 0 1
    outer loop
      vertex 126.667 23 12.205
      vertex 125.333 27 12.205
      vertex 125.333 23 12.205
    endloop
  endfacet
  facet normal 0.957043 -0 0.289947
    outer loop
      vertex 126.667 23 12.205
      vertex 127.332 27 10.01
      vertex 126.667 27 12.205
    endloop
  endfacet
  facet normal 0.957043 0 0.289947
    outer loop
      vertex 127.332 27 10.01
      vertex 126.667 23 12.205
      vertex 127.332 23 10.01
    endloop
  endfacet
  facet normal -0.957043 0 0.289947
    outer loop
      vertex 124.668 23 10.01
      vertex 125.333 27 12.205
      vertex 124.668 27 10.01
    endloop
  endfacet
  facet normal -0.957043 0 0.289947
    outer loop
      vertex 125.333 27 12.205
      vertex 124.668 23 10.01
      vertex 125.333 23 12.205
    endloop
  endfacet
  facet normal -0 0 1
    outer loop
      vertex 129.333 27 12.205
      vertex 130.667 23 12.205
      vertex 130.667 27 12.205
    endloop
  endfacet
  facet normal 0 0 1
    outer loop
      vertex 130.667 23 12.205
      vertex 129.333 27 12.205
      vertex 129.333 23 12.205
    endloop
  endfacet
  facet normal 0.957043 -0 0.289947
    outer loop
      vertex 130.667 23 12.205
      vertex 131.332 27 10.01
      vertex 130.667 27 12.205
    endloop
  endfacet
  facet normal 0.957043 0 0.289947
    outer loop
      vertex 131.332 27 10.01
      vertex 130.667 23 12.205
      vertex 131.332 23 10.01
    endloop
  endfacet
  facet normal -0.957043 0 0.289947
    outer loop
      vertex 128.668 23 10.01
      vertex 129.333 27 12.205
      vertex 128.668 27 10.01
    endloop
  endfacet
  facet normal -0.957043 0 0.289947
    outer loop
      vertex 129.333 27 12.205
      vertex 128.668 23 10.01
      vertex 129.333 23 12.205
    endloop
  endfacet
  facet normal -0 0 1
    outer loop
      vertex 133.333 27 12.205
      vertex 134.667 23 12.205
      vertex 134.667 27 12.205
    endloop
  endfacet
  facet normal 0 0 1
    outer loop
      vertex 134.667 23 12.205
      vertex 133.333 27 12.205
      vertex 133.333 23 12.205
    endloop
  endfacet
  facet normal 0.957043 -0 0.289947
    outer loop
      vertex 134.667 23 12.205
      vertex 135.332 27 10.01
      vertex 134.667 27 12.205
    endloop
  endfacet
  facet normal 0.957043 0 0.289947
    outer loop
      vertex 135.332 27 10.01
      vertex 134.667 23 12.205
      vertex 135.332 23 10.01
    endloop
  endfacet
  facet normal -0.957043 0 0.289947
    outer loop
      vertex 132.668 23 10.01
      vertex 133.333 27 12.205
      vertex 132.668 27 10.01
    endloop
  endfacet
  facet normal -0.957043 0 0.289947
    outer loop
      vertex 133.333 27 12.205
      vertex 132.668 23 10.01
      vertex 133.333 23 12.205
    endloop
  endfacet
  facet normal -0 0 1
    outer loop
      vertex 137.333 27 12.205
      vertex 138.667 23 12.205
      vertex 138.667 27 12.205
    endloop
  endfacet
  facet normal 0 0 1
    outer loop
      vertex 138.667 23 12.205
      vertex 137.333 27 12.205
      vertex 137.333 23 12.205
    endloop
  endfacet
  facet normal 0.957043 -0 0.289947
    outer loop
      vertex 138.667 23 12.205
      vertex 139.332 27 10.01
      vertex 138.667 27 12.205
    endloop
  endfacet
  facet normal 0.957043 0 0.289947
    outer loop
      vertex 139.332 27 10.01
      vertex 138.667 23 12.205
      vertex 139.332 23 10.01
    endloop
  endfacet
  facet normal -0.957043 0 0.289947
    outer loop
      vertex 136.668 23 10.01
      vertex 137.333 27 12.205
      vertex 136.668 27 10.01
    endloop
  endfacet
  facet normal -0.957043 0 0.289947
    outer loop
      vertex 137.333 27 12.205
      vertex 136.668 23 10.01
      vertex 137.333 23 12.205
    endloop
  endfacet
  facet normal -0 0 1
    outer loop
      vertex 141.333 27 12.205
      vertex 142.667 23 12.205
      vertex 142.667 27 12.205
    endloop
  endfacet
  facet normal 0 0 1
    outer loop
      vertex 142.667 23 12.205
      vertex 141.333 27 12.205
      vertex 141.333 23 12.205
    endloop
  endfacet
  facet normal 0.957043 -0 0.289947
    outer loop
      vertex 142.667 23 12.205
      vertex 143.332 27 10.01
      vertex 142.667 27 12.205
    endloop
  endfacet
  facet normal 0.957043 0 0.289947
    outer loop
      vertex 143.332 27 10.01
      vertex 142.667 23 12.205
      vertex 143.332 23 10.01
    endloop
  endfacet
  facet normal -0.957043 0 0.289947
    outer loop
      vertex 140.668 23 10.01
      vertex 141.333 27 12.205
      vertex 140.668 27 10.01
    endloop
  endfacet
  facet normal -0.957043 0 0.289947
    outer loop
      vertex 141.333 27 12.205
      vertex 140.668 23 10.01
      vertex 141.333 23 12.205
    endloop
  endfacet
  facet normal -0 0 1
    outer loop
      vertex 145.333 27 12.205
      vertex 146.667 23 12.205
      vertex 146.667 27 12.205
    endloop
  endfacet
  facet normal 0 0 1
    outer loop
      vertex 146.667 23 12.205
      vertex 145.333 27 12.205
      vertex 145.333 23 12.205
    endloop
  endfacet
  facet normal 0.957043 -0 0.289947
    outer loop
      vertex 146.667 23 12.205
      vertex 147.332 27 10.01
      vertex 146.667 27 12.205
    endloop
  endfacet
  facet normal 0.957043 0 0.289947
    outer loop
      vertex 147.332 27 10.01
      vertex 146.667 23 12.205
      vertex 147.332 23 10.01
    endloop
  endfacet
  facet normal -0.957043 0 0.289947
    outer loop
      vertex 144.668 23 10.01
      vertex 145.333 27 12.205
      vertex 144.668 27 10.01
    endloop
  endfacet
  facet normal -0.957043 0 0.289947
    outer loop
      vertex 145.333 27 12.205
      vertex 144.668 23 10.01
      vertex 145.333 23 12.205
    endloop
  endfacet
  facet normal -0 0 1
    outer loop
      vertex 149.333 27 12.205
      vertex 150.667 23 12.205
      vertex 150.667 27 12.205
    endloop
  endfacet
  facet normal 0 0 1
    outer loop
      vertex 150.667 23 12.205
      vertex 149.333 27 12.205
      vertex 149.333 23 12.205
    endloop
  endfacet
  facet normal 0.957043 -0 0.289947
    outer loop
      vertex 150.667 23 12.205
      vertex 151.332 27 10.01
      vertex 150.667 27 12.205
    endloop
  endfacet
  facet normal 0.957043 0 0.289947
    outer loop
      vertex 151.332 27 10.01
      vertex 150.667 23 12.205
      vertex 151.332 23 10.01
    endloop
  endfacet
  facet normal -0.957043 0 0.289947
    outer loop
      vertex 148.668 23 10.01
      vertex 149.333 27 12.205
      vertex 148.668 27 10.01
    endloop
  endfacet
  facet normal -0.957043 0 0.289947
    outer loop
      vertex 149.333 27 12.205
      vertex 148.668 23 10.01
      vertex 149.333 23 12.205
    endloop
  endfacet
  facet normal -0 0 1
    outer loop
      vertex 153.333 27 12.205
      vertex 154.667 23 12.205
      vertex 154.667 27 12.205
    endloop
  endfacet
  facet normal 0 0 1
    outer loop
      vertex 154.667 23 12.205
      vertex 153.333 27 12.205
      vertex 153.333 23 12.205
    endloop
  endfacet
  facet normal 0.957043 -0 0.289947
    outer loop
      vertex 154.667 23 12.205
      vertex 155.332 27 10.01
      vertex 154.667 27 12.205
    endloop
  endfacet
  facet normal 0.957043 0 0.289947
    outer loop
      vertex 155.332 27 10.01
      vertex 154.667 23 12.205
      vertex 155.332 23 10.01
    endloop
  endfacet
  facet normal -0.957043 0 0.289947
    outer loop
      vertex 152.668 23 10.01
      vertex 153.333 27 12.205
      vertex 152.668 27 10.01
    endloop
  endfacet
  facet normal -0.957043 0 0.289947
    outer loop
      vertex 153.333 27 12.205
      vertex 152.668 23 10.01
      vertex 153.333 23 12.205
    endloop
  endfacet
  facet normal -0 0 1
    outer loop
      vertex 157.333 27 12.205
      vertex 158.667 23 12.205
      vertex 158.667 27 12.205
    endloop
  endfacet
  facet normal 0 0 1
    outer loop
      vertex 158.667 23 12.205
      vertex 157.333 27 12.205
      vertex 157.333 23 12.205
    endloop
  endfacet
  facet normal 0.957043 -0 0.289947
    outer loop
      vertex 158.667 23 12.205
      vertex 159.332 27 10.01
      vertex 158.667 27 12.205
    endloop
  endfacet
  facet normal 0.957043 0 0.289947
    outer loop
      vertex 159.332 27 10.01
      vertex 158.667 23 12.205
      vertex 159.332 23 10.01
    endloop
  endfacet
  facet normal -0.957043 0 0.289947
    outer loop
      vertex 156.668 23 10.01
      vertex 157.333 27 12.205
      vertex 156.668 27 10.01
    endloop
  endfacet
  facet normal -0.957043 0 0.289947
    outer loop
      vertex 157.333 27 12.205
      vertex 156.668 23 10.01
      vertex 157.333 23 12.205
    endloop
  endfacet
  facet normal -0 0 1
    outer loop
      vertex 161.333 27 12.205
      vertex 162.667 23 12.205
      vertex 162.667 27 12.205
    endloop
  endfacet
  facet normal 0 0 1
    outer loop
      vertex 162.667 23 12.205
      vertex 161.333 27 12.205
      vertex 161.333 23 12.205
    endloop
  endfacet
  facet normal 0.957043 -0 0.289947
    outer loop
      vertex 162.667 23 12.205
      vertex 163.332 27 10.01
      vertex 162.667 27 12.205
    endloop
  endfacet
  facet normal 0.957043 0 0.289947
    outer loop
      vertex 163.332 27 10.01
      vertex 162.667 23 12.205
      vertex 163.332 23 10.01
    endloop
  endfacet
  facet normal -0.957043 0 0.289947
    outer loop
      vertex 160.668 23 10.01
      vertex 161.333 27 12.205
      vertex 160.668 27 10.01
    endloop
  endfacet
  facet normal -0.957043 0 0.289947
    outer loop
      vertex 161.333 27 12.205
      vertex 160.668 23 10.01
      vertex 161.333 23 12.205
    endloop
  endfacet
  facet normal -0 0 1
    outer loop
      vertex 165.333 27 12.205
      vertex 166.667 23 12.205
      vertex 166.667 27 12.205
    endloop
  endfacet
  facet normal 0 0 1
    outer loop
      vertex 166.667 23 12.205
      vertex 165.333 27 12.205
      vertex 165.333 23 12.205
    endloop
  endfacet
  facet normal 0.957043 -0 0.289947
    outer loop
      vertex 166.667 23 12.205
      vertex 167.332 27 10.01
      vertex 166.667 27 12.205
    endloop
  endfacet
  facet normal 0.957043 0 0.289947
    outer loop
      vertex 167.332 27 10.01
      vertex 166.667 23 12.205
      vertex 167.332 23 10.01
    endloop
  endfacet
  facet normal -0.957043 0 0.289947
    outer loop
      vertex 164.668 23 10.01
      vertex 165.333 27 12.205
      vertex 164.668 27 10.01
    endloop
  endfacet
  facet normal -0.957043 0 0.289947
    outer loop
      vertex 165.333 27 12.205
      vertex 164.668 23 10.01
      vertex 165.333 23 12.205
    endloop
  endfacet
  facet normal -0 0 1
    outer loop
      vertex 169.333 27 12.205
      vertex 170.667 23 12.205
      vertex 170.667 27 12.205
    endloop
  endfacet
  facet normal 0 0 1
    outer loop
      vertex 170.667 23 12.205
      vertex 169.333 27 12.205
      vertex 169.333 23 12.205
    endloop
  endfacet
  facet normal 0.957043 -0 0.289947
    outer loop
      vertex 170.667 23 12.205
      vertex 171.332 27 10.01
      vertex 170.667 27 12.205
    endloop
  endfacet
  facet normal 0.957043 0 0.289947
    outer loop
      vertex 171.332 27 10.01
      vertex 170.667 23 12.205
      vertex 171.332 23 10.01
    endloop
  endfacet
  facet normal -0.957043 0 0.289947
    outer loop
      vertex 168.668 23 10.01
      vertex 169.333 27 12.205
      vertex 168.668 27 10.01
    endloop
  endfacet
  facet normal -0.957043 0 0.289947
    outer loop
      vertex 169.333 27 12.205
      vertex 168.668 23 10.01
      vertex 169.333 23 12.205
    endloop
  endfacet
  facet normal -0 0 1
    outer loop
      vertex 173.333 27 12.205
      vertex 174.667 23 12.205
      vertex 174.667 27 12.205
    endloop
  endfacet
  facet normal 0 0 1
    outer loop
      vertex 174.667 23 12.205
      vertex 173.333 27 12.205
      vertex 173.333 23 12.205
    endloop
  endfacet
  facet normal 0.957043 -0 0.289947
    outer loop
      vertex 174.667 23 12.205
      vertex 175.332 27 10.01
      vertex 174.667 27 12.205
    endloop
  endfacet
  facet normal 0.957043 0 0.289947
    outer loop
      vertex 175.332 27 10.01
      vertex 174.667 23 12.205
      vertex 175.332 23 10.01
    endloop
  endfacet
  facet normal -0.957043 0 0.289947
    outer loop
      vertex 172.668 23 10.01
      vertex 173.333 27 12.205
      vertex 172.668 27 10.01
    endloop
  endfacet
  facet normal -0.957043 0 0.289947
    outer loop
      vertex 173.333 27 12.205
      vertex 172.668 23 10.01
      vertex 173.333 23 12.205
    endloop
  endfacet
  facet normal -0 0 1
    outer loop
      vertex 177.333 27 12.205
      vertex 178.667 23 12.205
      vertex 178.667 27 12.205
    endloop
  endfacet
  facet normal 0 0 1
    outer loop
      vertex 178.667 23 12.205
      vertex 177.333 27 12.205
      vertex 177.333 23 12.205
    endloop
  endfacet
  facet normal 0.957043 -0 0.289947
    outer loop
      vertex 178.667 23 12.205
      vertex 179.332 27 10.01
      vertex 178.667 27 12.205
    endloop
  endfacet
  facet normal 0.957043 0 0.289947
    outer loop
      vertex 179.332 27 10.01
      vertex 178.667 23 12.205
      vertex 179.332 23 10.01
    endloop
  endfacet
  facet normal -0.957043 0 0.289947
    outer loop
      vertex 176.668 23 10.01
      vertex 177.333 27 12.205
      vertex 176.668 27 10.01
    endloop
  endfacet
  facet normal -0.957043 0 0.289947
    outer loop
      vertex 177.333 27 12.205
      vertex 176.668 23 10.01
      vertex 177.333 23 12.205
    endloop
  endfacet
  facet normal -0 0 1
    outer loop
      vertex 181.333 27 12.205
      vertex 182.667 23 12.205
      vertex 182.667 27 12.205
    endloop
  endfacet
  facet normal 0 0 1
    outer loop
      vertex 182.667 23 12.205
      vertex 181.333 27 12.205
      vertex 181.333 23 12.205
    endloop
  endfacet
  facet normal 0.957043 -0 0.289947
    outer loop
      vertex 182.667 23 12.205
      vertex 183.332 27 10.01
      vertex 182.667 27 12.205
    endloop
  endfacet
  facet normal 0.957043 0 0.289947
    outer loop
      vertex 183.332 27 10.01
      vertex 182.667 23 12.205
      vertex 183.332 23 10.01
    endloop
  endfacet
  facet normal -0.957043 0 0.289947
    outer loop
      vertex 180.668 23 10.01
      vertex 181.333 27 12.205
      vertex 180.668 27 10.01
    endloop
  endfacet
  facet normal -0.957043 0 0.289947
    outer loop
      vertex 181.333 27 12.205
      vertex 180.668 23 10.01
      vertex 181.333 23 12.205
    endloop
  endfacet
  facet normal -0 0 1
    outer loop
      vertex 185.333 27 12.205
      vertex 186.667 23 12.205
      vertex 186.667 27 12.205
    endloop
  endfacet
  facet normal 0 0 1
    outer loop
      vertex 186.667 23 12.205
      vertex 185.333 27 12.205
      vertex 185.333 23 12.205
    endloop
  endfacet
  facet normal 0.957043 -0 0.289947
    outer loop
      vertex 186.667 23 12.205
      vertex 187.332 27 10.01
      vertex 186.667 27 12.205
    endloop
  endfacet
  facet normal 0.957043 0 0.289947
    outer loop
      vertex 187.332 27 10.01
      vertex 186.667 23 12.205
      vertex 187.332 23 10.01
    endloop
  endfacet
  facet normal -0.957043 0 0.289947
    outer loop
      vertex 184.668 23 10.01
      vertex 185.333 27 12.205
      vertex 184.668 27 10.01
    endloop
  endfacet
  facet normal -0.957043 0 0.289947
    outer loop
      vertex 185.333 27 12.205
      vertex 184.668 23 10.01
      vertex 185.333 23 12.205
    endloop
  endfacet
  facet normal -0 0 1
    outer loop
      vertex 189.333 27 12.205
      vertex 190.667 23 12.205
      vertex 190.667 27 12.205
    endloop
  endfacet
  facet normal 0 0 1
    outer loop
      vertex 190.667 23 12.205
      vertex 189.333 27 12.205
      vertex 189.333 23 12.205
    endloop
  endfacet
  facet normal 0.957043 -0 0.289947
    outer loop
      vertex 190.667 23 12.205
      vertex 191.332 27 10.01
      vertex 190.667 27 12.205
    endloop
  endfacet
  facet normal 0.957043 0 0.289947
    outer loop
      vertex 191.332 27 10.01
      vertex 190.667 23 12.205
      vertex 191.332 23 10.01
    endloop
  endfacet
  facet normal -0.957043 0 0.289947
    outer loop
      vertex 188.668 23 10.01
      vertex 189.333 27 12.205
      vertex 188.668 27 10.01
    endloop
  endfacet
  facet normal -0.957043 0 0.289947
    outer loop
      vertex 189.333 27 12.205
      vertex 188.668 23 10.01
      vertex 189.333 23 12.205
    endloop
  endfacet
  facet normal -0 0 1
    outer loop
      vertex 193.333 27 12.205
      vertex 194.667 23 12.205
      vertex 194.667 27 12.205
    endloop
  endfacet
  facet normal 0 0 1
    outer loop
      vertex 194.667 23 12.205
      vertex 193.333 27 12.205
      vertex 193.333 23 12.205
    endloop
  endfacet
  facet normal 0.957043 -0 0.289947
    outer loop
      vertex 194.667 23 12.205
      vertex 195.332 27 10.01
      vertex 194.667 27 12.205
    endloop
  endfacet
  facet normal 0.957043 0 0.289947
    outer loop
      vertex 195.332 27 10.01
      vertex 194.667 23 12.205
      vertex 195.332 23 10.01
    endloop
  endfacet
  facet normal -0.957043 0 0.289947
    outer loop
      vertex 192.668 23 10.01
      vertex 193.333 27 12.205
      vertex 192.668 27 10.01
    endloop
  endfacet
  facet normal -0.957043 0 0.289947
    outer loop
      vertex 193.333 27 12.205
      vertex 192.668 23 10.01
      vertex 193.333 23 12.205
    endloop
  endfacet
  facet normal -0 0 1
    outer loop
      vertex 197.333 27 12.205
      vertex 198.667 23 12.205
      vertex 198.667 27 12.205
    endloop
  endfacet
  facet normal 0 0 1
    outer loop
      vertex 198.667 23 12.205
      vertex 197.333 27 12.205
      vertex 197.333 23 12.205
    endloop
  endfacet
  facet normal 0.957043 -0 0.289947
    outer loop
      vertex 198.667 23 12.205
      vertex 199.332 27 10.01
      vertex 198.667 27 12.205
    endloop
  endfacet
  facet normal 0.957043 0 0.289947
    outer loop
      vertex 199.332 27 10.01
      vertex 198.667 23 12.205
      vertex 199.332 23 10.01
    endloop
  endfacet
  facet normal -0.957043 0 0.289947
    outer loop
      vertex 196.668 23 10.01
      vertex 197.333 27 12.205
      vertex 196.668 27 10.01
    endloop
  endfacet
  facet normal -0.957043 0 0.289947
    outer loop
      vertex 197.333 27 12.205
      vertex 196.668 23 10.01
      vertex 197.333 23 12.205
    endloop
  endfacet
  facet normal 0 0.932002 -0.362453
    outer loop
      vertex 200 19.9483 10.01
      vertex 0 21.5 14
      vertex 200 21.5 14
    endloop
  endfacet
  facet normal 0 0.932002 -0.362453
    outer loop
      vertex 0 21.5 14
      vertex 200 19.9483 10.01
      vertex 0 19.9483 10.01
    endloop
  endfacet
  facet normal -0 0 1
    outer loop
      vertex 0 21.5 14
      vertex 200 8.5 14
      vertex 200 21.5 14
    endloop
  endfacet
  facet normal 0 0 1
    outer loop
      vertex 200 8.5 14
      vertex 0 21.5 14
      vertex 0 8.5 14
    endloop
  endfacet
  facet normal 0 -0.932002 -0.362453
    outer loop
      vertex 0 10.0517 10.01
      vertex 200 8.5 14
      vertex 0 8.5 14
    endloop
  endfacet
  facet normal 0 -0.932002 -0.362453
    outer loop
      vertex 200 8.5 14
      vertex 0 10.0517 10.01
      vertex 200 10.0517 10.01
    endloop
  endfacet
  facet normal -0.982299 -0.187321 0
    outer loop
      vertex 22.0834 7.2632 0
      vertex 22.034 7.52225 3
      vertex 22.034 7.52225 0
    endloop
  endfacet
  facet normal -0.982299 -0.187321 0
    outer loop
      vertex 22.034 7.52225 3
      vertex 22.0834 7.2632 0
      vertex 22.0834 7.2632 3
    endloop
  endfacet
  facet normal -0.998017 -0.0629448 0
    outer loop
      vertex 22.1 7 0
      vertex 22.0834 7.2632 3
      vertex 22.0834 7.2632 0
    endloop
  endfacet
  facet normal -0.998017 -0.0629448 0
    outer loop
      vertex 22.0834 7.2632 3
      vertex 22.1 7 0
      vertex 22.1 7 3
    endloop
  endfacet
  facet normal 0 -1 0
    outer loop
      vertex 19.8681 9.09586 0
      vertex 20.1319 9.09586 3
      vertex 19.8681 9.09586 3
    endloop
  endfacet
  facet normal 0 -1 -0
    outer loop
      vertex 20.1319 9.09586 3
      vertex 19.8681 9.09586 0
      vertex 20.1319 9.09586 0
    endloop
  endfacet
  facet normal 0.248706 0.968579 -0
    outer loop
      vertex 19.6065 4.9372 0
      vertex 19.3511 5.00278 3
      vertex 19.6065 4.9372 3
    endloop
  endfacet
  facet normal 0.248706 0.968579 0
    outer loop
      vertex 19.3511 5.00278 3
      vertex 19.6065 4.9372 0
      vertex 19.3511 5.00278 0
    endloop
  endfacet
  facet normal -0.248706 -0.968579 0
    outer loop
      vertex 20.3935 9.0628 0
      vertex 20.6489 8.99722 3
      vertex 20.3935 9.0628 3
    endloop
  endfacet
  facet normal -0.248706 -0.968579 -0
    outer loop
      vertex 20.6489 8.99722 3
      vertex 20.3935 9.0628 0
      vertex 20.6489 8.99722 0
    endloop
  endfacet
  facet normal -0.982299 0.187321 0
    outer loop
      vertex 22.034 6.47775 0
      vertex 22.0834 6.7368 3
      vertex 22.0834 6.7368 0
    endloop
  endfacet
  facet normal -0.982299 0.187321 0
    outer loop
      vertex 22.0834 6.7368 3
      vertex 22.034 6.47775 0
      vertex 22.034 6.47775 3
    endloop
  endfacet
  facet normal 0.904807 -0.425823 0
    outer loop
      vertex 18.0475 7.77306 3
      vertex 18.1598 8.01168 0
      vertex 18.1598 8.01168 3
    endloop
  endfacet
  facet normal 0.904807 -0.425823 0
    outer loop
      vertex 18.1598 8.01168 0
      vertex 18.0475 7.77306 3
      vertex 18.0475 7.77306 0
    endloop
  endfacet
  facet normal -0.368119 -0.929778 0
    outer loop
      vertex 20.6489 8.99722 0
      vertex 20.8941 8.90014 3
      vertex 20.6489 8.99722 3
    endloop
  endfacet
  facet normal -0.368119 -0.929778 -0
    outer loop
      vertex 20.8941 8.90014 3
      vertex 20.6489 8.99722 0
      vertex 20.8941 8.90014 0
    endloop
  endfacet
  facet normal 0.982299 -0.187321 0
    outer loop
      vertex 17.9166 7.2632 3
      vertex 17.966 7.52225 0
      vertex 17.966 7.52225 3
    endloop
  endfacet
  facet normal 0.982299 -0.187321 0
    outer loop
      vertex 17.966 7.52225 0
      vertex 17.9166 7.2632 3
      vertex 17.9166 7.2632 0
    endloop
  endfacet
  facet normal -0.125379 0.992109 0
    outer loop
      vertex 20.3935 4.9372 0
      vertex 20.1319 4.90414 3
      vertex 20.3935 4.9372 3
    endloop
  endfacet
  facet normal -0.125379 0.992109 0
    outer loop
      vertex 20.1319 4.90414 3
      vertex 20.3935 4.9372 0
      vertex 20.1319 4.90414 0
    endloop
  endfacet
  facet normal 0.770516 -0.63742 0
    outer loop
      vertex 18.3011 8.23435 3
      vertex 18.4692 8.43755 0
      vertex 18.4692 8.43755 3
    endloop
  endfacet
  facet normal 0.770516 -0.63742 0
    outer loop
      vertex 18.4692 8.43755 0
      vertex 18.3011 8.23435 3
      vertex 18.3011 8.23435 0
    endloop
  endfacet
  facet normal 0.998017 0.0629448 0
    outer loop
      vertex 17.9166 6.7368 3
      vertex 17.9 7 0
      vertex 17.9 7 3
    endloop
  endfacet
  facet normal 0.998017 0.0629448 0
    outer loop
      vertex 17.9 7 0
      vertex 17.9166 6.7368 3
      vertex 17.9166 6.7368 0
    endloop
  endfacet
  facet normal 0.998017 -0.0629448 0
    outer loop
      vertex 17.9 7 3
      vertex 17.9166 7.2632 0
      vertex 17.9166 7.2632 3
    endloop
  endfacet
  facet normal 0.998017 -0.0629448 0
    outer loop
      vertex 17.9166 7.2632 0
      vertex 17.9 7 3
      vertex 17.9 7 0
    endloop
  endfacet
  facet normal -0.5877 0.809079 0
    outer loop
      vertex 21.3386 5.38192 0
      vertex 21.1252 5.22691 3
      vertex 21.3386 5.38192 3
    endloop
  endfacet
  facet normal -0.5877 0.809079 0
    outer loop
      vertex 21.1252 5.22691 3
      vertex 21.3386 5.38192 0
      vertex 21.1252 5.22691 0
    endloop
  endfacet
  facet normal 0.844346 -0.535798 0
    outer loop
      vertex 18.1598 8.01168 3
      vertex 18.3011 8.23435 0
      vertex 18.3011 8.23435 3
    endloop
  endfacet
  facet normal 0.844346 -0.535798 0
    outer loop
      vertex 18.3011 8.23435 0
      vertex 18.1598 8.01168 3
      vertex 18.1598 8.01168 0
    endloop
  endfacet
  facet normal -0.844346 0.535798 0
    outer loop
      vertex 21.6989 5.76565 0
      vertex 21.8402 5.98832 3
      vertex 21.8402 5.98832 0
    endloop
  endfacet
  facet normal -0.844346 0.535798 0
    outer loop
      vertex 21.8402 5.98832 3
      vertex 21.6989 5.76565 0
      vertex 21.6989 5.76565 3
    endloop
  endfacet
  facet normal -0.684632 -0.728889 0
    outer loop
      vertex 21.3386 8.61808 0
      vertex 21.5308 8.43755 3
      vertex 21.3386 8.61808 3
    endloop
  endfacet
  facet normal -0.684632 -0.728889 -0
    outer loop
      vertex 21.5308 8.43755 3
      vertex 21.3386 8.61808 0
      vertex 21.5308 8.43755 0
    endloop
  endfacet
  facet normal -0.904807 0.425823 0
    outer loop
      vertex 21.8402 5.98832 0
      vertex 21.9525 6.22694 3
      vertex 21.9525 6.22694 0
    endloop
  endfacet
  facet normal -0.904807 0.425823 0
    outer loop
      vertex 21.9525 6.22694 3
      vertex 21.8402 5.98832 0
      vertex 21.8402 5.98832 3
    endloop
  endfacet
  facet normal -0.368119 0.929778 0
    outer loop
      vertex 20.8941 5.09986 0
      vertex 20.6489 5.00278 3
      vertex 20.8941 5.09986 3
    endloop
  endfacet
  facet normal -0.368119 0.929778 0
    outer loop
      vertex 20.6489 5.00278 3
      vertex 20.8941 5.09986 0
      vertex 20.6489 5.00278 0
    endloop
  endfacet
  facet normal -0.770516 -0.63742 0
    outer loop
      vertex 21.6989 8.23435 0
      vertex 21.5308 8.43755 3
      vertex 21.5308 8.43755 0
    endloop
  endfacet
  facet normal -0.770516 -0.63742 0
    outer loop
      vertex 21.5308 8.43755 3
      vertex 21.6989 8.23435 0
      vertex 21.6989 8.23435 3
    endloop
  endfacet
  facet normal 0.684632 0.728889 -0
    outer loop
      vertex 18.6614 5.38192 0
      vertex 18.4692 5.56245 3
      vertex 18.6614 5.38192 3
    endloop
  endfacet
  facet normal 0.684632 0.728889 0
    outer loop
      vertex 18.4692 5.56245 3
      vertex 18.6614 5.38192 0
      vertex 18.4692 5.56245 0
    endloop
  endfacet
  facet normal -0.844346 -0.535798 0
    outer loop
      vertex 21.8402 8.01168 0
      vertex 21.6989 8.23435 3
      vertex 21.6989 8.23435 0
    endloop
  endfacet
  facet normal -0.844346 -0.535798 0
    outer loop
      vertex 21.6989 8.23435 3
      vertex 21.8402 8.01168 0
      vertex 21.8402 8.01168 3
    endloop
  endfacet
  facet normal -0.481759 0.876304 0
    outer loop
      vertex 21.1252 5.22691 0
      vertex 20.8941 5.09986 3
      vertex 21.1252 5.22691 3
    endloop
  endfacet
  facet normal -0.481759 0.876304 0
    outer loop
      vertex 20.8941 5.09986 3
      vertex 21.1252 5.22691 0
      vertex 20.8941 5.09986 0
    endloop
  endfacet
  facet normal 0.684632 -0.728889 0
    outer loop
      vertex 18.4692 8.43755 0
      vertex 18.6614 8.61808 3
      vertex 18.4692 8.43755 3
    endloop
  endfacet
  facet normal 0.684632 -0.728889 0
    outer loop
      vertex 18.6614 8.61808 3
      vertex 18.4692 8.43755 0
      vertex 18.6614 8.61808 0
    endloop
  endfacet
  facet normal -0.481759 -0.876304 0
    outer loop
      vertex 20.8941 8.90014 0
      vertex 21.1252 8.77309 3
      vertex 20.8941 8.90014 3
    endloop
  endfacet
  facet normal -0.481759 -0.876304 -0
    outer loop
      vertex 21.1252 8.77309 3
      vertex 20.8941 8.90014 0
      vertex 21.1252 8.77309 0
    endloop
  endfacet
  facet normal 0.481759 -0.876304 0
    outer loop
      vertex 18.8748 8.77309 0
      vertex 19.1059 8.90014 3
      vertex 18.8748 8.77309 3
    endloop
  endfacet
  facet normal 0.481759 -0.876304 0
    outer loop
      vertex 19.1059 8.90014 3
      vertex 18.8748 8.77309 0
      vertex 19.1059 8.90014 0
    endloop
  endfacet
  facet normal 0.125379 0.992109 -0
    outer loop
      vertex 19.8681 4.90414 0
      vertex 19.6065 4.9372 3
      vertex 19.8681 4.90414 3
    endloop
  endfacet
  facet normal 0.125379 0.992109 0
    outer loop
      vertex 19.6065 4.9372 3
      vertex 19.8681 4.90414 0
      vertex 19.6065 4.9372 0
    endloop
  endfacet
  facet normal -0.684632 0.728889 0
    outer loop
      vertex 21.5308 5.56245 0
      vertex 21.3386 5.38192 3
      vertex 21.5308 5.56245 3
    endloop
  endfacet
  facet normal -0.684632 0.728889 0
    outer loop
      vertex 21.3386 5.38192 3
      vertex 21.5308 5.56245 0
      vertex 21.3386 5.38192 0
    endloop
  endfacet
  facet normal -0.998017 0.0629448 0
    outer loop
      vertex 22.0834 6.7368 0
      vertex 22.1 7 3
      vertex 22.1 7 0
    endloop
  endfacet
  facet normal -0.998017 0.0629448 0
    outer loop
      vertex 22.1 7 3
      vertex 22.0834 6.7368 0
      vertex 22.0834 6.7368 3
    endloop
  endfacet
  facet normal -0.5877 -0.809079 0
    outer loop
      vertex 21.1252 8.77309 0
      vertex 21.3386 8.61808 3
      vertex 21.1252 8.77309 3
    endloop
  endfacet
  facet normal -0.5877 -0.809079 -0
    outer loop
      vertex 21.3386 8.61808 3
      vertex 21.1252 8.77309 0
      vertex 21.3386 8.61808 0
    endloop
  endfacet
  facet normal -0.248706 0.968579 0
    outer loop
      vertex 20.6489 5.00278 0
      vertex 20.3935 4.9372 3
      vertex 20.6489 5.00278 3
    endloop
  endfacet
  facet normal -0.248706 0.968579 0
    outer loop
      vertex 20.3935 4.9372 3
      vertex 20.6489 5.00278 0
      vertex 20.3935 4.9372 0
    endloop
  endfacet
  facet normal 0.904807 0.425823 0
    outer loop
      vertex 18.1598 5.98832 3
      vertex 18.0475 6.22694 0
      vertex 18.0475 6.22694 3
    endloop
  endfacet
  facet normal 0.904807 0.425823 0
    outer loop
      vertex 18.0475 6.22694 0
      vertex 18.1598 5.98832 3
      vertex 18.1598 5.98832 0
    endloop
  endfacet
  facet normal 0.5877 -0.809079 0
    outer loop
      vertex 18.6614 8.61808 0
      vertex 18.8748 8.77309 3
      vertex 18.6614 8.61808 3
    endloop
  endfacet
  facet normal 0.5877 -0.809079 0
    outer loop
      vertex 18.8748 8.77309 3
      vertex 18.6614 8.61808 0
      vertex 18.8748 8.77309 0
    endloop
  endfacet
  facet normal -0.904807 -0.425823 0
    outer loop
      vertex 21.9525 7.77306 0
      vertex 21.8402 8.01168 3
      vertex 21.8402 8.01168 0
    endloop
  endfacet
  facet normal -0.904807 -0.425823 0
    outer loop
      vertex 21.8402 8.01168 3
      vertex 21.9525 7.77306 0
      vertex 21.9525 7.77306 3
    endloop
  endfacet
  facet normal 0.844346 0.535798 0
    outer loop
      vertex 18.3011 5.76565 3
      vertex 18.1598 5.98832 0
      vertex 18.1598 5.98832 3
    endloop
  endfacet
  facet normal 0.844346 0.535798 0
    outer loop
      vertex 18.1598 5.98832 0
      vertex 18.3011 5.76565 3
      vertex 18.3011 5.76565 0
    endloop
  endfacet
  facet normal 0 1 -0
    outer loop
      vertex 20.1319 4.90414 0
      vertex 19.8681 4.90414 3
      vertex 20.1319 4.90414 3
    endloop
  endfacet
  facet normal 0 1 0
    outer loop
      vertex 19.8681 4.90414 3
      vertex 20.1319 4.90414 0
      vertex 19.8681 4.90414 0
    endloop
  endfacet
  facet normal 0.248706 -0.968579 0
    outer loop
      vertex 19.3511 8.99722 0
      vertex 19.6065 9.0628 3
      vertex 19.3511 8.99722 3
    endloop
  endfacet
  facet normal 0.248706 -0.968579 0
    outer loop
      vertex 19.6065 9.0628 3
      vertex 19.3511 8.99722 0
      vertex 19.6065 9.0628 0
    endloop
  endfacet
  facet normal -0.770516 0.63742 0
    outer loop
      vertex 21.5308 5.56245 0
      vertex 21.6989 5.76565 3
      vertex 21.6989 5.76565 0
    endloop
  endfacet
  facet normal -0.770516 0.63742 0
    outer loop
      vertex 21.6989 5.76565 3
      vertex 21.5308 5.56245 0
      vertex 21.5308 5.56245 3
    endloop
  endfacet
  facet normal 0.982299 0.187321 0
    outer loop
      vertex 17.966 6.47775 3
      vertex 17.9166 6.7368 0
      vertex 17.9166 6.7368 3
    endloop
  endfacet
  facet normal 0.982299 0.187321 0
    outer loop
      vertex 17.9166 6.7368 0
      vertex 17.966 6.47775 3
      vertex 17.966 6.47775 0
    endloop
  endfacet
  facet normal -0.951049 0.309041 0
    outer loop
      vertex 21.9525 6.22694 0
      vertex 22.034 6.47775 3
      vertex 22.034 6.47775 0
    endloop
  endfacet
  facet normal -0.951049 0.309041 0
    outer loop
      vertex 22.034 6.47775 3
      vertex 21.9525 6.22694 0
      vertex 21.9525 6.22694 3
    endloop
  endfacet
  facet normal -0.951049 -0.309041 0
    outer loop
      vertex 22.034 7.52225 0
      vertex 21.9525 7.77306 3
      vertex 21.9525 7.77306 0
    endloop
  endfacet
  facet normal -0.951049 -0.309041 0
    outer loop
      vertex 21.9525 7.77306 3
      vertex 22.034 7.52225 0
      vertex 22.034 7.52225 3
    endloop
  endfacet
  facet normal 0.5877 0.809079 -0
    outer loop
      vertex 18.8748 5.22691 0
      vertex 18.6614 5.38192 3
      vertex 18.8748 5.22691 3
    endloop
  endfacet
  facet normal 0.5877 0.809079 0
    outer loop
      vertex 18.6614 5.38192 3
      vertex 18.8748 5.22691 0
      vertex 18.6614 5.38192 0
    endloop
  endfacet
  facet normal -0.125379 -0.992109 0
    outer loop
      vertex 20.1319 9.09586 0
      vertex 20.3935 9.0628 3
      vertex 20.1319 9.09586 3
    endloop
  endfacet
  facet normal -0.125379 -0.992109 -0
    outer loop
      vertex 20.3935 9.0628 3
      vertex 20.1319 9.09586 0
      vertex 20.3935 9.0628 0
    endloop
  endfacet
  facet normal 0.368119 -0.929778 0
    outer loop
      vertex 19.1059 8.90014 0
      vertex 19.3511 8.99722 3
      vertex 19.1059 8.90014 3
    endloop
  endfacet
  facet normal 0.368119 -0.929778 0
    outer loop
      vertex 19.3511 8.99722 3
      vertex 19.1059 8.90014 0
      vertex 19.3511 8.99722 0
    endloop
  endfacet
  facet normal 0.951049 0.309041 0
    outer loop
      vertex 18.0475 6.22694 3
      vertex 17.966 6.47775 0
      vertex 17.966 6.47775 3
    endloop
  endfacet
  facet normal 0.951049 0.309041 0
    outer loop
      vertex 17.966 6.47775 0
      vertex 18.0475 6.22694 3
      vertex 18.0475 6.22694 0
    endloop
  endfacet
  facet normal 0.125379 -0.992109 0
    outer loop
      vertex 19.6065 9.0628 0
      vertex 19.8681 9.09586 3
      vertex 19.6065 9.0628 3
    endloop
  endfacet
  facet normal 0.125379 -0.992109 0
    outer loop
      vertex 19.8681 9.09586 3
      vertex 19.6065 9.0628 0
      vertex 19.8681 9.09586 0
    endloop
  endfacet
  facet normal 0.770516 0.63742 0
    outer loop
      vertex 18.4692 5.56245 3
      vertex 18.3011 5.76565 0
      vertex 18.3011 5.76565 3
    endloop
  endfacet
  facet normal 0.770516 0.63742 0
    outer loop
      vertex 18.3011 5.76565 0
      vertex 18.4692 5.56245 3
      vertex 18.4692 5.56245 0
    endloop
  endfacet
  facet normal 0.481759 0.876304 -0
    outer loop
      vertex 19.1059 5.09986 0
      vertex 18.8748 5.22691 3
      vertex 19.1059 5.09986 3
    endloop
  endfacet
  facet normal 0.481759 0.876304 0
    outer loop
      vertex 18.8748 5.22691 3
      vertex 19.1059 5.09986 0
      vertex 18.8748 5.22691 0
    endloop
  endfacet
  facet normal 0.368119 0.929778 -0
    outer loop
      vertex 19.3511 5.00278 0
      vertex 19.1059 5.09986 3
      vertex 19.3511 5.00278 3
    endloop
  endfacet
  facet normal 0.368119 0.929778 0
    outer loop
      vertex 19.1059 5.09986 3
      vertex 19.3511 5.00278 0
      vertex 19.1059 5.09986 0
    endloop
  endfacet
  facet normal 0.951049 -0.309041 0
    outer loop
      vertex 17.966 7.52225 3
      vertex 18.0475 7.77306 0
      vertex 18.0475 7.77306 3
    endloop
  endfacet
  facet normal 0.951049 -0.309041 0
    outer loop
      vertex 18.0475 7.77306 0
      vertex 17.966 7.52225 3
      vertex 17.966 7.52225 0
    endloop
  endfacet
  facet normal -0.982577 -0.185857 0
    outer loop
      vertex 102.083 7.2632 0
      vertex 102.034 7.52225 3
      vertex 102.034 7.52225 0
    endloop
  endfacet
  facet normal -0.982577 -0.185857 0
    outer loop
      vertex 102.034 7.52225 3
      vertex 102.083 7.2632 0
      vertex 102.083 7.2632 3
    endloop
  endfacet
  facet normal -0.997921 -0.0644554 0
    outer loop
      vertex 102.1 7 0
      vertex 102.083 7.2632 3
      vertex 102.083 7.2632 0
    endloop
  endfacet
  facet normal -0.997921 -0.0644554 0
    outer loop
      vertex 102.083 7.2632 3
      vertex 102.1 7 0
      vertex 102.1 7 3
    endloop
  endfacet
  facet normal 0 -1 0
    outer loop
      vertex 99.8681 9.09586 0
      vertex 100.132 9.09586 3.01
      vertex 99.8681 9.09586 3.01
    endloop
  endfacet
  facet normal 0 -1 -0
    outer loop
      vertex 100.132 9.09586 3.01
      vertex 99.8681 9.09586 0
      vertex 100.132 9.09586 0
    endloop
  endfacet
  facet normal 0.248706 0.968579 -0
    outer loop
      vertex 99.6065 4.9372 0
      vertex 99.3511 5.00278 3.01
      vertex 99.6065 4.9372 3.01
    endloop
  endfacet
  facet normal 0.248706 0.968579 0
    outer loop
      vertex 99.3511 5.00278 3.01
      vertex 99.6065 4.9372 0
      vertex 99.3511 5.00278 0
    endloop
  endfacet
  facet normal -0.249072 -0.968485 0
    outer loop
      vertex 100.394 9.0628 0
      vertex 100.649 8.99722 3.01
      vertex 100.394 9.0628 3.01
    endloop
  endfacet
  facet normal -0.249072 -0.968485 -0
    outer loop
      vertex 100.649 8.99722 3.01
      vertex 100.394 9.0628 0
      vertex 100.649 8.99722 0
    endloop
  endfacet
  facet normal -0.982577 0.185857 0
    outer loop
      vertex 102.034 6.47775 0
      vertex 102.083 6.7368 3
      vertex 102.083 6.7368 0
    endloop
  endfacet
  facet normal -0.982577 0.185857 0
    outer loop
      vertex 102.083 6.7368 3
      vertex 102.034 6.47775 0
      vertex 102.034 6.47775 3
    endloop
  endfacet
  facet normal 0.904807 -0.425823 0
    outer loop
      vertex 98.0475 7.77306 3
      vertex 98.1598 8.01168 0
      vertex 98.1598 8.01168 3
    endloop
  endfacet
  facet normal 0.904807 -0.425823 0
    outer loop
      vertex 98.1598 8.01168 0
      vertex 98.0475 7.77306 3
      vertex 98.0475 7.77306 0
    endloop
  endfacet
  facet normal -0.368379 -0.929676 0
    outer loop
      vertex 100.649 8.99722 0
      vertex 100.894 8.90014 3.01
      vertex 100.649 8.99722 3.01
    endloop
  endfacet
  facet normal -0.368379 -0.929676 -0
    outer loop
      vertex 100.894 8.90014 3.01
      vertex 100.649 8.99722 0
      vertex 100.894 8.90014 0
    endloop
  endfacet
  facet normal 0.982299 -0.187321 0
    outer loop
      vertex 97.9166 7.2632 3
      vertex 97.966 7.52225 0
      vertex 97.966 7.52225 3
    endloop
  endfacet
  facet normal 0.982299 -0.187321 0
    outer loop
      vertex 97.966 7.52225 0
      vertex 97.9166 7.2632 3
      vertex 97.9166 7.2632 0
    endloop
  endfacet
  facet normal -0.12519 0.992133 0
    outer loop
      vertex 100.394 4.9372 0
      vertex 100.132 4.90414 3.01
      vertex 100.394 4.9372 3.01
    endloop
  endfacet
  facet normal -0.12519 0.992133 0
    outer loop
      vertex 100.132 4.90414 3.01
      vertex 100.394 4.9372 0
      vertex 100.132 4.90414 0
    endloop
  endfacet
  facet normal 0.770516 -0.63742 0
    outer loop
      vertex 98.3011 8.23435 3
      vertex 98.4692 8.43755 0
      vertex 98.4692 8.43755 3
    endloop
  endfacet
  facet normal 0.770516 -0.63742 0
    outer loop
      vertex 98.4692 8.43755 0
      vertex 98.3011 8.23435 3
      vertex 98.3011 8.23435 0
    endloop
  endfacet
  facet normal 0.998017 0.0629448 0
    outer loop
      vertex 97.9166 6.7368 3
      vertex 97.9 7 0
      vertex 97.9 7 3
    endloop
  endfacet
  facet normal 0.998017 0.0629448 0
    outer loop
      vertex 97.9 7 0
      vertex 97.9166 6.7368 3
      vertex 97.9166 6.7368 0
    endloop
  endfacet
  facet normal 0.998017 -0.0629448 0
    outer loop
      vertex 97.9 7 3
      vertex 97.9166 7.2632 0
      vertex 97.9166 7.2632 3
    endloop
  endfacet
  facet normal 0.998017 -0.0629448 0
    outer loop
      vertex 97.9166 7.2632 0
      vertex 97.9 7 3
      vertex 97.9 7 0
    endloop
  endfacet
  facet normal -0.586643 0.809846 0
    outer loop
      vertex 101.339 5.38192 3
      vertex 101.339 5.38192 0
      vertex 101.2 5.28123 3
    endloop
  endfacet
  facet normal -0.586578 0.809893 0
    outer loop
      vertex 101.2 5.28123 3
      vertex 101.125 5.22691 3.01
      vertex 101.2 5.28123 3.01
    endloop
  endfacet
  facet normal -0.58662 0.809862 1.60206e-06
    outer loop
      vertex 101.125 5.22691 0
      vertex 101.2 5.28123 3
      vertex 101.339 5.38192 0
    endloop
  endfacet
  facet normal -0.586578 0.809893 0
    outer loop
      vertex 101.2 5.28123 3
      vertex 101.125 5.22691 0
      vertex 101.125 5.22691 3.01
    endloop
  endfacet
  facet normal 0.844346 -0.535798 0
    outer loop
      vertex 98.1598 8.01168 3
      vertex 98.3011 8.23435 0
      vertex 98.3011 8.23435 3
    endloop
  endfacet
  facet normal 0.844346 -0.535798 0
    outer loop
      vertex 98.3011 8.23435 0
      vertex 98.1598 8.01168 3
      vertex 98.1598 8.01168 0
    endloop
  endfacet
  facet normal -0.844861 0.534986 0
    outer loop
      vertex 101.699 5.76565 0
      vertex 101.84 5.98832 3
      vertex 101.84 5.98832 0
    endloop
  endfacet
  facet normal -0.844861 0.534986 0
    outer loop
      vertex 101.84 5.98832 3
      vertex 101.699 5.76565 0
      vertex 101.699 5.76565 3
    endloop
  endfacet
  facet normal -0.685011 -0.728533 0
    outer loop
      vertex 101.339 8.61808 0
      vertex 101.531 8.43755 3
      vertex 101.339 8.61808 3
    endloop
  endfacet
  facet normal -0.685011 -0.728533 -0
    outer loop
      vertex 101.531 8.43755 3
      vertex 101.339 8.61808 0
      vertex 101.531 8.43755 0
    endloop
  endfacet
  facet normal -0.903783 0.427992 0
    outer loop
      vertex 101.84 5.98832 0
      vertex 101.953 6.22694 3
      vertex 101.953 6.22694 0
    endloop
  endfacet
  facet normal -0.903783 0.427992 0
    outer loop
      vertex 101.953 6.22694 3
      vertex 101.84 5.98832 0
      vertex 101.84 5.98832 3
    endloop
  endfacet
  facet normal -0.368379 0.929676 0
    outer loop
      vertex 100.894 5.09986 0
      vertex 100.649 5.00278 3.01
      vertex 100.894 5.09986 3.01
    endloop
  endfacet
  facet normal -0.368379 0.929676 0
    outer loop
      vertex 100.649 5.00278 3.01
      vertex 100.894 5.09986 0
      vertex 100.649 5.00278 0
    endloop
  endfacet
  facet normal -0.770703 -0.637195 0
    outer loop
      vertex 101.699 8.23435 0
      vertex 101.531 8.43755 3
      vertex 101.531 8.43755 0
    endloop
  endfacet
  facet normal -0.770703 -0.637195 0
    outer loop
      vertex 101.531 8.43755 3
      vertex 101.699 8.23435 0
      vertex 101.699 8.23435 3
    endloop
  endfacet
  facet normal -0.770703 0.637195 0
    outer loop
      vertex 101.531 5.56245 0
      vertex 101.699 5.76565 3
      vertex 101.699 5.76565 0
    endloop
  endfacet
  facet normal -0.770703 0.637195 0
    outer loop
      vertex 101.699 5.76565 3
      vertex 101.531 5.56245 0
      vertex 101.531 5.56245 3
    endloop
  endfacet
  facet normal 0.684632 0.728889 -0
    outer loop
      vertex 98.6614 5.38192 0
      vertex 98.4692 5.56245 3
      vertex 98.6614 5.38192 3
    endloop
  endfacet
  facet normal 0.684632 0.728889 0
    outer loop
      vertex 98.4692 5.56245 3
      vertex 98.6614 5.38192 0
      vertex 98.4692 5.56245 0
    endloop
  endfacet
  facet normal -0.844861 -0.534986 0
    outer loop
      vertex 101.84 8.01168 0
      vertex 101.699 8.23435 3
      vertex 101.699 8.23435 0
    endloop
  endfacet
  facet normal -0.844861 -0.534986 0
    outer loop
      vertex 101.699 8.23435 3
      vertex 101.84 8.01168 0
      vertex 101.84 8.01168 3
    endloop
  endfacet
  facet normal -0.481919 0.876216 0
    outer loop
      vertex 101.125 5.22691 0
      vertex 100.894 5.09986 3.01
      vertex 101.125 5.22691 3.01
    endloop
  endfacet
  facet normal -0.481919 0.876216 0
    outer loop
      vertex 100.894 5.09986 3.01
      vertex 101.125 5.22691 0
      vertex 100.894 5.09986 0
    endloop
  endfacet
  facet normal 0.684632 -0.728889 0
    outer loop
      vertex 98.4692 8.43755 0
      vertex 98.6614 8.61808 3
      vertex 98.4692 8.43755 3
    endloop
  endfacet
  facet normal 0.684632 -0.728889 0
    outer loop
      vertex 98.6614 8.61808 3
      vertex 98.4692 8.43755 0
      vertex 98.6614 8.61808 0
    endloop
  endfacet
  facet normal -0.481919 -0.876216 0
    outer loop
      vertex 100.894 8.90014 0
      vertex 101.125 8.77309 3.01
      vertex 100.894 8.90014 3.01
    endloop
  endfacet
  facet normal -0.481919 -0.876216 -0
    outer loop
      vertex 101.125 8.77309 3.01
      vertex 100.894 8.90014 0
      vertex 101.125 8.77309 0
    endloop
  endfacet
  facet normal 0.481759 -0.876304 0
    outer loop
      vertex 98.8748 8.77309 0
      vertex 99.1059 8.90014 3.01
      vertex 98.8748 8.77309 3.01
    endloop
  endfacet
  facet normal 0.481759 -0.876304 0
    outer loop
      vertex 99.1059 8.90014 3.01
      vertex 98.8748 8.77309 0
      vertex 99.1059 8.90014 0
    endloop
  endfacet
  facet normal 0.125379 0.992109 -0
    outer loop
      vertex 99.8681 4.90414 0
      vertex 99.6065 4.9372 3.01
      vertex 99.8681 4.90414 3.01
    endloop
  endfacet
  facet normal 0.125379 0.992109 0
    outer loop
      vertex 99.6065 4.9372 3.01
      vertex 99.8681 4.90414 0
      vertex 99.6065 4.9372 0
    endloop
  endfacet
  facet normal -0.685011 0.728533 0
    outer loop
      vertex 101.531 5.56245 0
      vertex 101.339 5.38192 3
      vertex 101.531 5.56245 3
    endloop
  endfacet
  facet normal -0.685011 0.728533 0
    outer loop
      vertex 101.339 5.38192 3
      vertex 101.531 5.56245 0
      vertex 101.339 5.38192 0
    endloop
  endfacet
  facet normal -0.997921 0.0644554 0
    outer loop
      vertex 102.083 6.7368 0
      vertex 102.1 7 3
      vertex 102.1 7 0
    endloop
  endfacet
  facet normal -0.997921 0.0644554 0
    outer loop
      vertex 102.1 7 3
      vertex 102.083 6.7368 0
      vertex 102.083 6.7368 3
    endloop
  endfacet
  facet normal -0.586578 -0.809893 0
    outer loop
      vertex 101.125 8.77309 3.01
      vertex 101.2 8.71877 3
      vertex 101.2 8.71877 3.01
    endloop
  endfacet
  facet normal -0.586578 -0.809893 0
    outer loop
      vertex 101.125 8.77309 0
      vertex 101.2 8.71877 3
      vertex 101.125 8.77309 3.01
    endloop
  endfacet
  facet normal -0.58662 -0.809862 1.60206e-06
    outer loop
      vertex 101.339 8.61808 0
      vertex 101.2 8.71877 3
      vertex 101.125 8.77309 0
    endloop
  endfacet
  facet normal -0.586643 -0.809846 0
    outer loop
      vertex 101.2 8.71877 3
      vertex 101.339 8.61808 0
      vertex 101.339 8.61808 3
    endloop
  endfacet
  facet normal -0.249072 0.968485 0
    outer loop
      vertex 100.649 5.00278 0
      vertex 100.394 4.9372 3.01
      vertex 100.649 5.00278 3.01
    endloop
  endfacet
  facet normal -0.249072 0.968485 0
    outer loop
      vertex 100.394 4.9372 3.01
      vertex 100.649 5.00278 0
      vertex 100.394 4.9372 0
    endloop
  endfacet
  facet normal 0.904807 0.425823 0
    outer loop
      vertex 98.1598 5.98832 3
      vertex 98.0475 6.22694 0
      vertex 98.0475 6.22694 3
    endloop
  endfacet
  facet normal 0.904807 0.425823 0
    outer loop
      vertex 98.0475 6.22694 0
      vertex 98.1598 5.98832 3
      vertex 98.1598 5.98832 0
    endloop
  endfacet
  facet normal 0.587752 -0.809041 0
    outer loop
      vertex 98.6614 8.61808 3
      vertex 98.6614 8.61808 0
      vertex 98.8 8.71877 3
    endloop
  endfacet
  facet normal 0.587606 -0.809148 0
    outer loop
      vertex 98.8 8.71877 3
      vertex 98.8748 8.77309 3.01
      vertex 98.8 8.71877 3.01
    endloop
  endfacet
  facet normal 0.5877 -0.809079 3.61444e-06
    outer loop
      vertex 98.8748 8.77309 0
      vertex 98.8 8.71877 3
      vertex 98.6614 8.61808 0
    endloop
  endfacet
  facet normal 0.587606 -0.809148 0
    outer loop
      vertex 98.8 8.71877 3
      vertex 98.8748 8.77309 0
      vertex 98.8748 8.77309 3.01
    endloop
  endfacet
  facet normal -0.903783 -0.427992 0
    outer loop
      vertex 101.953 7.77306 0
      vertex 101.84 8.01168 3
      vertex 101.84 8.01168 0
    endloop
  endfacet
  facet normal -0.903783 -0.427992 0
    outer loop
      vertex 101.84 8.01168 3
      vertex 101.953 7.77306 0
      vertex 101.953 7.77306 3
    endloop
  endfacet
  facet normal 0.844346 0.535798 0
    outer loop
      vertex 98.3011 5.76565 3
      vertex 98.1598 5.98832 0
      vertex 98.1598 5.98832 3
    endloop
  endfacet
  facet normal 0.844346 0.535798 0
    outer loop
      vertex 98.1598 5.98832 0
      vertex 98.3011 5.76565 3
      vertex 98.3011 5.76565 0
    endloop
  endfacet
  facet normal 0 1 -0
    outer loop
      vertex 100.132 4.90414 0
      vertex 99.8681 4.90414 3.01
      vertex 100.132 4.90414 3.01
    endloop
  endfacet
  facet normal 0 1 0
    outer loop
      vertex 99.8681 4.90414 3.01
      vertex 100.132 4.90414 0
      vertex 99.8681 4.90414 0
    endloop
  endfacet
  facet normal 0.248706 -0.968579 0
    outer loop
      vertex 99.3511 8.99722 0
      vertex 99.6065 9.0628 3.01
      vertex 99.3511 8.99722 3.01
    endloop
  endfacet
  facet normal 0.248706 -0.968579 0
    outer loop
      vertex 99.6065 9.0628 3.01
      vertex 99.3511 8.99722 0
      vertex 99.6065 9.0628 0
    endloop
  endfacet
  facet normal 0 0 -1
    outer loop
      vertex 100.894 5.09986 3.01
      vertex 101.2 5.28123 3.01
      vertex 101.125 5.22691 3.01
    endloop
  endfacet
  facet normal 0 0 -1
    outer loop
      vertex 100.649 5.00278 3.01
      vertex 101.2 5.28123 3.01
      vertex 100.894 5.09986 3.01
    endloop
  endfacet
  facet normal -0 0 -1
    outer loop
      vertex 101.2 5.28123 3.01
      vertex 100.649 5.00278 3.01
      vertex 101.2 8.71877 3.01
    endloop
  endfacet
  facet normal 0 0 -1
    outer loop
      vertex 101.2 8.71877 3.01
      vertex 100.894 8.90014 3.01
      vertex 101.125 8.77309 3.01
    endloop
  endfacet
  facet normal 0 0 -1
    outer loop
      vertex 100.649 8.99722 3.01
      vertex 101.2 8.71877 3.01
      vertex 100.649 5.00278 3.01
    endloop
  endfacet
  facet normal 0 0 -1
    outer loop
      vertex 101.2 8.71877 3.01
      vertex 100.649 8.99722 3.01
      vertex 100.894 8.90014 3.01
    endloop
  endfacet
  facet normal 0 0 -1
    outer loop
      vertex 100.394 4.9372 3.01
      vertex 100.649 8.99722 3.01
      vertex 100.649 5.00278 3.01
    endloop
  endfacet
  facet normal 0 0 -1
    outer loop
      vertex 100.394 4.9372 3.01
      vertex 100.394 9.0628 3.01
      vertex 100.649 8.99722 3.01
    endloop
  endfacet
  facet normal 0 0 -1
    outer loop
      vertex 100.132 4.90414 3.01
      vertex 100.394 9.0628 3.01
      vertex 100.394 4.9372 3.01
    endloop
  endfacet
  facet normal 0 0 -1
    outer loop
      vertex 100.132 4.90414 3.01
      vertex 100.132 9.09586 3.01
      vertex 100.394 9.0628 3.01
    endloop
  endfacet
  facet normal 0 0 -1
    outer loop
      vertex 99.8681 4.90414 3.01
      vertex 100.132 9.09586 3.01
      vertex 100.132 4.90414 3.01
    endloop
  endfacet
  facet normal 0 0 -1
    outer loop
      vertex 99.8681 4.90414 3.01
      vertex 99.8681 9.09586 3.01
      vertex 100.132 9.09586 3.01
    endloop
  endfacet
  facet normal 0 0 -1
    outer loop
      vertex 99.6065 4.9372 3.01
      vertex 99.8681 9.09586 3.01
      vertex 99.8681 4.90414 3.01
    endloop
  endfacet
  facet normal 0 0 -1
    outer loop
      vertex 99.6065 4.9372 3.01
      vertex 99.6065 9.0628 3.01
      vertex 99.8681 9.09586 3.01
    endloop
  endfacet
  facet normal 0 0 -1
    outer loop
      vertex 99.3511 5.00278 3.01
      vertex 99.6065 9.0628 3.01
      vertex 99.6065 4.9372 3.01
    endloop
  endfacet
  facet normal 0 0 -1
    outer loop
      vertex 99.3511 5.00278 3.01
      vertex 99.3511 8.99722 3.01
      vertex 99.6065 9.0628 3.01
    endloop
  endfacet
  facet normal 0 0 -1
    outer loop
      vertex 98.8 5.28123 3.01
      vertex 99.3511 5.00278 3.01
      vertex 99.1059 5.09986 3.01
    endloop
  endfacet
  facet normal 0 0 -1
    outer loop
      vertex 99.3511 5.00278 3.01
      vertex 98.8 5.28123 3.01
      vertex 99.3511 8.99722 3.01
    endloop
  endfacet
  facet normal 0 0 -1
    outer loop
      vertex 98.8 5.28123 3.01
      vertex 99.1059 5.09986 3.01
      vertex 98.8748 5.22691 3.01
    endloop
  endfacet
  facet normal 0 0 -1
    outer loop
      vertex 98.8 8.71877 3.01
      vertex 99.3511 8.99722 3.01
      vertex 98.8 5.28123 3.01
    endloop
  endfacet
  facet normal 0 0 -1
    outer loop
      vertex 99.3511 8.99722 3.01
      vertex 98.8 8.71877 3.01
      vertex 99.1059 8.90014 3.01
    endloop
  endfacet
  facet normal 0 0 -1
    outer loop
      vertex 99.1059 8.90014 3.01
      vertex 98.8 8.71877 3.01
      vertex 98.8748 8.77309 3.01
    endloop
  endfacet
  facet normal 0.982299 0.187321 0
    outer loop
      vertex 97.966 6.47775 3
      vertex 97.9166 6.7368 0
      vertex 97.9166 6.7368 3
    endloop
  endfacet
  facet normal 0.982299 0.187321 0
    outer loop
      vertex 97.9166 6.7368 0
      vertex 97.966 6.47775 3
      vertex 97.966 6.47775 0
    endloop
  endfacet
  facet normal -0.951605 0.307324 0
    outer loop
      vertex 101.953 6.22694 0
      vertex 102.034 6.47775 3
      vertex 102.034 6.47775 0
    endloop
  endfacet
  facet normal -0.951605 0.307324 0
    outer loop
      vertex 102.034 6.47775 3
      vertex 101.953 6.22694 0
      vertex 101.953 6.22694 3
    endloop
  endfacet
  facet normal -0.951605 -0.307324 0
    outer loop
      vertex 102.034 7.52225 0
      vertex 101.953 7.77306 3
      vertex 101.953 7.77306 0
    endloop
  endfacet
  facet normal -0.951605 -0.307324 0
    outer loop
      vertex 101.953 7.77306 3
      vertex 102.034 7.52225 0
      vertex 102.034 7.52225 3
    endloop
  endfacet
  facet normal 0.587606 0.809148 0
    outer loop
      vertex 98.8748 5.22691 3.01
      vertex 98.8 5.28123 3
      vertex 98.8 5.28123 3.01
    endloop
  endfacet
  facet normal 0.587606 0.809148 -0
    outer loop
      vertex 98.8748 5.22691 0
      vertex 98.8 5.28123 3
      vertex 98.8748 5.22691 3.01
    endloop
  endfacet
  facet normal 0.5877 0.809079 3.61444e-06
    outer loop
      vertex 98.6614 5.38192 0
      vertex 98.8 5.28123 3
      vertex 98.8748 5.22691 0
    endloop
  endfacet
  facet normal 0.587752 0.809041 0
    outer loop
      vertex 98.8 5.28123 3
      vertex 98.6614 5.38192 0
      vertex 98.6614 5.38192 3
    endloop
  endfacet
  facet normal -0.12519 -0.992133 0
    outer loop
      vertex 100.132 9.09586 0
      vertex 100.394 9.0628 3.01
      vertex 100.132 9.09586 3.01
    endloop
  endfacet
  facet normal -0.12519 -0.992133 -0
    outer loop
      vertex 100.394 9.0628 3.01
      vertex 100.132 9.09586 0
      vertex 100.394 9.0628 0
    endloop
  endfacet
  facet normal 0.368119 -0.929778 0
    outer loop
      vertex 99.1059 8.90014 0
      vertex 99.3511 8.99722 3.01
      vertex 99.1059 8.90014 3.01
    endloop
  endfacet
  facet normal 0.368119 -0.929778 0
    outer loop
      vertex 99.3511 8.99722 3.01
      vertex 99.1059 8.90014 0
      vertex 99.3511 8.99722 0
    endloop
  endfacet
  facet normal 0.951049 0.309041 0
    outer loop
      vertex 98.0475 6.22694 3
      vertex 97.966 6.47775 0
      vertex 97.966 6.47775 3
    endloop
  endfacet
  facet normal 0.951049 0.309041 0
    outer loop
      vertex 97.966 6.47775 0
      vertex 98.0475 6.22694 3
      vertex 98.0475 6.22694 0
    endloop
  endfacet
  facet normal 0.125379 -0.992109 0
    outer loop
      vertex 99.6065 9.0628 0
      vertex 99.8681 9.09586 3.01
      vertex 99.6065 9.0628 3.01
    endloop
  endfacet
  facet normal 0.125379 -0.992109 0
    outer loop
      vertex 99.8681 9.09586 3.01
      vertex 99.6065 9.0628 0
      vertex 99.8681 9.09586 0
    endloop
  endfacet
  facet normal 0.770516 0.63742 0
    outer loop
      vertex 98.4692 5.56245 3
      vertex 98.3011 5.76565 0
      vertex 98.3011 5.76565 3
    endloop
  endfacet
  facet normal 0.770516 0.63742 0
    outer loop
      vertex 98.3011 5.76565 0
      vertex 98.4692 5.56245 3
      vertex 98.4692 5.56245 0
    endloop
  endfacet
  facet normal 0.481759 0.876304 -0
    outer loop
      vertex 99.1059 5.09986 0
      vertex 98.8748 5.22691 3.01
      vertex 99.1059 5.09986 3.01
    endloop
  endfacet
  facet normal 0.481759 0.876304 0
    outer loop
      vertex 98.8748 5.22691 3.01
      vertex 99.1059 5.09986 0
      vertex 98.8748 5.22691 0
    endloop
  endfacet
  facet normal 0.368119 0.929778 -0
    outer loop
      vertex 99.3511 5.00278 0
      vertex 99.1059 5.09986 3.01
      vertex 99.3511 5.00278 3.01
    endloop
  endfacet
  facet normal 0.368119 0.929778 0
    outer loop
      vertex 99.1059 5.09986 3.01
      vertex 99.3511 5.00278 0
      vertex 99.1059 5.09986 0
    endloop
  endfacet
  facet normal 0.951049 -0.309041 0
    outer loop
      vertex 97.966 7.52225 3
      vertex 98.0475 7.77306 0
      vertex 98.0475 7.77306 3
    endloop
  endfacet
  facet normal 0.951049 -0.309041 0
    outer loop
      vertex 98.0475 7.77306 0
      vertex 97.966 7.52225 3
      vertex 97.966 7.52225 0
    endloop
  endfacet
  facet normal -0.982577 -0.185857 0
    outer loop
      vertex 182.083 7.2632 0
      vertex 182.034 7.52225 3
      vertex 182.034 7.52225 0
    endloop
  endfacet
  facet normal -0.982577 -0.185857 0
    outer loop
      vertex 182.034 7.52225 3
      vertex 182.083 7.2632 0
      vertex 182.083 7.2632 3
    endloop
  endfacet
  facet normal -0.997921 -0.0644554 0
    outer loop
      vertex 182.1 7 0
      vertex 182.083 7.2632 3
      vertex 182.083 7.2632 0
    endloop
  endfacet
  facet normal -0.997921 -0.0644554 0
    outer loop
      vertex 182.083 7.2632 3
      vertex 182.1 7 0
      vertex 182.1 7 3
    endloop
  endfacet
  facet normal 0 -1 0
    outer loop
      vertex 179.868 9.09586 0
      vertex 180.132 9.09586 3
      vertex 179.868 9.09586 3
    endloop
  endfacet
  facet normal 0 -1 -0
    outer loop
      vertex 180.132 9.09586 3
      vertex 179.868 9.09586 0
      vertex 180.132 9.09586 0
    endloop
  endfacet
  facet normal 0.248159 0.968719 -0
    outer loop
      vertex 179.607 4.9372 0
      vertex 179.351 5.00278 3
      vertex 179.607 4.9372 3
    endloop
  endfacet
  facet normal 0.248159 0.968719 0
    outer loop
      vertex 179.351 5.00278 3
      vertex 179.607 4.9372 0
      vertex 179.351 5.00278 0
    endloop
  endfacet
  facet normal -0.248159 -0.968719 0
    outer loop
      vertex 180.393 9.0628 0
      vertex 180.649 8.99722 3
      vertex 180.393 9.0628 3
    endloop
  endfacet
  facet normal -0.248159 -0.968719 -0
    outer loop
      vertex 180.649 8.99722 3
      vertex 180.393 9.0628 0
      vertex 180.649 8.99722 0
    endloop
  endfacet
  facet normal -0.982577 0.185857 0
    outer loop
      vertex 182.034 6.47775 0
      vertex 182.083 6.7368 3
      vertex 182.083 6.7368 0
    endloop
  endfacet
  facet normal -0.982577 0.185857 0
    outer loop
      vertex 182.083 6.7368 3
      vertex 182.034 6.47775 0
      vertex 182.034 6.47775 3
    endloop
  endfacet
  facet normal 0.903783 -0.427992 0
    outer loop
      vertex 178.047 7.77306 3
      vertex 178.16 8.01168 0
      vertex 178.16 8.01168 3
    endloop
  endfacet
  facet normal 0.903783 -0.427992 0
    outer loop
      vertex 178.16 8.01168 0
      vertex 178.047 7.77306 3
      vertex 178.047 7.77306 0
    endloop
  endfacet
  facet normal -0.368379 -0.929676 0
    outer loop
      vertex 180.649 8.99722 0
      vertex 180.894 8.90014 3
      vertex 180.649 8.99722 3
    endloop
  endfacet
  facet normal -0.368379 -0.929676 -0
    outer loop
      vertex 180.894 8.90014 3
      vertex 180.649 8.99722 0
      vertex 180.894 8.90014 0
    endloop
  endfacet
  facet normal 0.982577 -0.185857 0
    outer loop
      vertex 177.917 7.2632 3
      vertex 177.966 7.52225 0
      vertex 177.966 7.52225 3
    endloop
  endfacet
  facet normal 0.982577 -0.185857 0
    outer loop
      vertex 177.966 7.52225 0
      vertex 177.917 7.2632 3
      vertex 177.917 7.2632 0
    endloop
  endfacet
  facet normal -0.125663 0.992073 0
    outer loop
      vertex 180.393 4.9372 0
      vertex 180.132 4.90414 3
      vertex 180.393 4.9372 3
    endloop
  endfacet
  facet normal -0.125663 0.992073 0
    outer loop
      vertex 180.132 4.90414 3
      vertex 180.393 4.9372 0
      vertex 180.132 4.90414 0
    endloop
  endfacet
  facet normal 0.770703 -0.637195 0
    outer loop
      vertex 178.301 8.23435 3
      vertex 178.469 8.43755 0
      vertex 178.469 8.43755 3
    endloop
  endfacet
  facet normal 0.770703 -0.637195 0
    outer loop
      vertex 178.469 8.43755 0
      vertex 178.301 8.23435 3
      vertex 178.301 8.23435 0
    endloop
  endfacet
  facet normal 0.997921 0.0644554 0
    outer loop
      vertex 177.917 6.7368 3
      vertex 177.9 7 0
      vertex 177.9 7 3
    endloop
  endfacet
  facet normal 0.997921 0.0644554 0
    outer loop
      vertex 177.9 7 0
      vertex 177.917 6.7368 3
      vertex 177.917 6.7368 0
    endloop
  endfacet
  facet normal 0.997921 -0.0644554 0
    outer loop
      vertex 177.9 7 3
      vertex 177.917 7.2632 0
      vertex 177.917 7.2632 3
    endloop
  endfacet
  facet normal 0.997921 -0.0644554 0
    outer loop
      vertex 177.917 7.2632 0
      vertex 177.9 7 3
      vertex 177.9 7 0
    endloop
  endfacet
  facet normal -0.58662 0.809862 0
    outer loop
      vertex 181.339 5.38192 0
      vertex 181.125 5.22691 3
      vertex 181.339 5.38192 3
    endloop
  endfacet
  facet normal -0.58662 0.809862 0
    outer loop
      vertex 181.125 5.22691 3
      vertex 181.339 5.38192 0
      vertex 181.125 5.22691 0
    endloop
  endfacet
  facet normal 0.844861 -0.534986 0
    outer loop
      vertex 178.16 8.01168 3
      vertex 178.301 8.23435 0
      vertex 178.301 8.23435 3
    endloop
  endfacet
  facet normal 0.844861 -0.534986 0
    outer loop
      vertex 178.301 8.23435 0
      vertex 178.16 8.01168 3
      vertex 178.16 8.01168 0
    endloop
  endfacet
  facet normal -0.844861 0.534986 0
    outer loop
      vertex 181.699 5.76565 0
      vertex 181.84 5.98832 3
      vertex 181.84 5.98832 0
    endloop
  endfacet
  facet normal -0.844861 0.534986 0
    outer loop
      vertex 181.84 5.98832 3
      vertex 181.699 5.76565 0
      vertex 181.699 5.76565 3
    endloop
  endfacet
  facet normal -0.685011 -0.728533 0
    outer loop
      vertex 181.339 8.61808 0
      vertex 181.531 8.43755 3
      vertex 181.339 8.61808 3
    endloop
  endfacet
  facet normal -0.685011 -0.728533 -0
    outer loop
      vertex 181.531 8.43755 3
      vertex 181.339 8.61808 0
      vertex 181.531 8.43755 0
    endloop
  endfacet
  facet normal -0.903783 0.427992 0
    outer loop
      vertex 181.84 5.98832 0
      vertex 181.953 6.22694 3
      vertex 181.953 6.22694 0
    endloop
  endfacet
  facet normal -0.903783 0.427992 0
    outer loop
      vertex 181.953 6.22694 3
      vertex 181.84 5.98832 0
      vertex 181.84 5.98832 3
    endloop
  endfacet
  facet normal -0.368379 0.929676 0
    outer loop
      vertex 180.894 5.09986 0
      vertex 180.649 5.00278 3
      vertex 180.894 5.09986 3
    endloop
  endfacet
  facet normal -0.368379 0.929676 0
    outer loop
      vertex 180.649 5.00278 3
      vertex 180.894 5.09986 0
      vertex 180.649 5.00278 0
    endloop
  endfacet
  facet normal -0.770703 -0.637195 0
    outer loop
      vertex 181.699 8.23435 0
      vertex 181.531 8.43755 3
      vertex 181.531 8.43755 0
    endloop
  endfacet
  facet normal -0.770703 -0.637195 0
    outer loop
      vertex 181.531 8.43755 3
      vertex 181.699 8.23435 0
      vertex 181.699 8.23435 3
    endloop
  endfacet
  facet normal -0.770703 0.637195 0
    outer loop
      vertex 181.531 5.56245 0
      vertex 181.699 5.76565 3
      vertex 181.699 5.76565 0
    endloop
  endfacet
  facet normal -0.770703 0.637195 0
    outer loop
      vertex 181.699 5.76565 3
      vertex 181.531 5.56245 0
      vertex 181.531 5.56245 3
    endloop
  endfacet
  facet normal 0.685011 0.728533 -0
    outer loop
      vertex 178.661 5.38192 0
      vertex 178.469 5.56245 3
      vertex 178.661 5.38192 3
    endloop
  endfacet
  facet normal 0.685011 0.728533 0
    outer loop
      vertex 178.469 5.56245 3
      vertex 178.661 5.38192 0
      vertex 178.469 5.56245 0
    endloop
  endfacet
  facet normal -0.844861 -0.534986 0
    outer loop
      vertex 181.84 8.01168 0
      vertex 181.699 8.23435 3
      vertex 181.699 8.23435 0
    endloop
  endfacet
  facet normal -0.844861 -0.534986 0
    outer loop
      vertex 181.699 8.23435 3
      vertex 181.84 8.01168 0
      vertex 181.84 8.01168 3
    endloop
  endfacet
  facet normal -0.481919 0.876216 0
    outer loop
      vertex 181.125 5.22691 0
      vertex 180.894 5.09986 3
      vertex 181.125 5.22691 3
    endloop
  endfacet
  facet normal -0.481919 0.876216 0
    outer loop
      vertex 180.894 5.09986 3
      vertex 181.125 5.22691 0
      vertex 180.894 5.09986 0
    endloop
  endfacet
  facet normal 0.685011 -0.728533 0
    outer loop
      vertex 178.469 8.43755 0
      vertex 178.661 8.61808 3
      vertex 178.469 8.43755 3
    endloop
  endfacet
  facet normal 0.685011 -0.728533 0
    outer loop
      vertex 178.661 8.61808 3
      vertex 178.469 8.43755 0
      vertex 178.661 8.61808 0
    endloop
  endfacet
  facet normal -0.481919 -0.876216 0
    outer loop
      vertex 180.894 8.90014 0
      vertex 181.125 8.77309 3
      vertex 180.894 8.90014 3
    endloop
  endfacet
  facet normal -0.481919 -0.876216 -0
    outer loop
      vertex 181.125 8.77309 3
      vertex 180.894 8.90014 0
      vertex 181.125 8.77309 0
    endloop
  endfacet
  facet normal 0.481919 -0.876216 0
    outer loop
      vertex 178.875 8.77309 0
      vertex 179.106 8.90014 3
      vertex 178.875 8.77309 3
    endloop
  endfacet
  facet normal 0.481919 -0.876216 0
    outer loop
      vertex 179.106 8.90014 3
      vertex 178.875 8.77309 0
      vertex 179.106 8.90014 0
    endloop
  endfacet
  facet normal 0.125663 0.992073 -0
    outer loop
      vertex 179.868 4.90414 0
      vertex 179.607 4.9372 3
      vertex 179.868 4.90414 3
    endloop
  endfacet
  facet normal 0.125663 0.992073 0
    outer loop
      vertex 179.607 4.9372 3
      vertex 179.868 4.90414 0
      vertex 179.607 4.9372 0
    endloop
  endfacet
  facet normal -0.685011 0.728533 0
    outer loop
      vertex 181.531 5.56245 0
      vertex 181.339 5.38192 3
      vertex 181.531 5.56245 3
    endloop
  endfacet
  facet normal -0.685011 0.728533 0
    outer loop
      vertex 181.339 5.38192 3
      vertex 181.531 5.56245 0
      vertex 181.339 5.38192 0
    endloop
  endfacet
  facet normal -0.997921 0.0644554 0
    outer loop
      vertex 182.083 6.7368 0
      vertex 182.1 7 3
      vertex 182.1 7 0
    endloop
  endfacet
  facet normal -0.997921 0.0644554 0
    outer loop
      vertex 182.1 7 3
      vertex 182.083 6.7368 0
      vertex 182.083 6.7368 3
    endloop
  endfacet
  facet normal -0.58662 -0.809862 0
    outer loop
      vertex 181.125 8.77309 0
      vertex 181.339 8.61808 3
      vertex 181.125 8.77309 3
    endloop
  endfacet
  facet normal -0.58662 -0.809862 -0
    outer loop
      vertex 181.339 8.61808 3
      vertex 181.125 8.77309 0
      vertex 181.339 8.61808 0
    endloop
  endfacet
  facet normal -0.248159 0.968719 0
    outer loop
      vertex 180.649 5.00278 0
      vertex 180.393 4.9372 3
      vertex 180.649 5.00278 3
    endloop
  endfacet
  facet normal -0.248159 0.968719 0
    outer loop
      vertex 180.393 4.9372 3
      vertex 180.649 5.00278 0
      vertex 180.393 4.9372 0
    endloop
  endfacet
  facet normal 0.903783 0.427992 0
    outer loop
      vertex 178.16 5.98832 3
      vertex 178.047 6.22694 0
      vertex 178.047 6.22694 3
    endloop
  endfacet
  facet normal 0.903783 0.427992 0
    outer loop
      vertex 178.047 6.22694 0
      vertex 178.16 5.98832 3
      vertex 178.16 5.98832 0
    endloop
  endfacet
  facet normal 0.58662 -0.809862 0
    outer loop
      vertex 178.661 8.61808 0
      vertex 178.875 8.77309 3
      vertex 178.661 8.61808 3
    endloop
  endfacet
  facet normal 0.58662 -0.809862 0
    outer loop
      vertex 178.875 8.77309 3
      vertex 178.661 8.61808 0
      vertex 178.875 8.77309 0
    endloop
  endfacet
  facet normal -0.903783 -0.427992 0
    outer loop
      vertex 181.953 7.77306 0
      vertex 181.84 8.01168 3
      vertex 181.84 8.01168 0
    endloop
  endfacet
  facet normal -0.903783 -0.427992 0
    outer loop
      vertex 181.84 8.01168 3
      vertex 181.953 7.77306 0
      vertex 181.953 7.77306 3
    endloop
  endfacet
  facet normal 0.844861 0.534986 0
    outer loop
      vertex 178.301 5.76565 3
      vertex 178.16 5.98832 0
      vertex 178.16 5.98832 3
    endloop
  endfacet
  facet normal 0.844861 0.534986 0
    outer loop
      vertex 178.16 5.98832 0
      vertex 178.301 5.76565 3
      vertex 178.301 5.76565 0
    endloop
  endfacet
  facet normal 0 1 -0
    outer loop
      vertex 180.132 4.90414 0
      vertex 179.868 4.90414 3
      vertex 180.132 4.90414 3
    endloop
  endfacet
  facet normal 0 1 0
    outer loop
      vertex 179.868 4.90414 3
      vertex 180.132 4.90414 0
      vertex 179.868 4.90414 0
    endloop
  endfacet
  facet normal 0.248159 -0.968719 0
    outer loop
      vertex 179.351 8.99722 0
      vertex 179.607 9.0628 3
      vertex 179.351 8.99722 3
    endloop
  endfacet
  facet normal 0.248159 -0.968719 0
    outer loop
      vertex 179.607 9.0628 3
      vertex 179.351 8.99722 0
      vertex 179.607 9.0628 0
    endloop
  endfacet
  facet normal 0.982577 0.185857 0
    outer loop
      vertex 177.966 6.47775 3
      vertex 177.917 6.7368 0
      vertex 177.917 6.7368 3
    endloop
  endfacet
  facet normal 0.982577 0.185857 0
    outer loop
      vertex 177.917 6.7368 0
      vertex 177.966 6.47775 3
      vertex 177.966 6.47775 0
    endloop
  endfacet
  facet normal -0.951605 0.307324 0
    outer loop
      vertex 181.953 6.22694 0
      vertex 182.034 6.47775 3
      vertex 182.034 6.47775 0
    endloop
  endfacet
  facet normal -0.951605 0.307324 0
    outer loop
      vertex 182.034 6.47775 3
      vertex 181.953 6.22694 0
      vertex 181.953 6.22694 3
    endloop
  endfacet
  facet normal -0.951605 -0.307324 0
    outer loop
      vertex 182.034 7.52225 0
      vertex 181.953 7.77306 3
      vertex 181.953 7.77306 0
    endloop
  endfacet
  facet normal -0.951605 -0.307324 0
    outer loop
      vertex 181.953 7.77306 3
      vertex 182.034 7.52225 0
      vertex 182.034 7.52225 3
    endloop
  endfacet
  facet normal 0.58662 0.809862 -0
    outer loop
      vertex 178.875 5.22691 0
      vertex 178.661 5.38192 3
      vertex 178.875 5.22691 3
    endloop
  endfacet
  facet normal 0.58662 0.809862 0
    outer loop
      vertex 178.661 5.38192 3
      vertex 178.875 5.22691 0
      vertex 178.661 5.38192 0
    endloop
  endfacet
  facet normal -0.125663 -0.992073 0
    outer loop
      vertex 180.132 9.09586 0
      vertex 180.393 9.0628 3
      vertex 180.132 9.09586 3
    endloop
  endfacet
  facet normal -0.125663 -0.992073 -0
    outer loop
      vertex 180.393 9.0628 3
      vertex 180.132 9.09586 0
      vertex 180.393 9.0628 0
    endloop
  endfacet
  facet normal 0.368379 -0.929676 0
    outer loop
      vertex 179.106 8.90014 0
      vertex 179.351 8.99722 3
      vertex 179.106 8.90014 3
    endloop
  endfacet
  facet normal 0.368379 -0.929676 0
    outer loop
      vertex 179.351 8.99722 3
      vertex 179.106 8.90014 0
      vertex 179.351 8.99722 0
    endloop
  endfacet
  facet normal 0.951605 0.307324 0
    outer loop
      vertex 178.047 6.22694 3
      vertex 177.966 6.47775 0
      vertex 177.966 6.47775 3
    endloop
  endfacet
  facet normal 0.951605 0.307324 0
    outer loop
      vertex 177.966 6.47775 0
      vertex 178.047 6.22694 3
      vertex 178.047 6.22694 0
    endloop
  endfacet
  facet normal 0.125663 -0.992073 0
    outer loop
      vertex 179.607 9.0628 0
      vertex 179.868 9.09586 3
      vertex 179.607 9.0628 3
    endloop
  endfacet
  facet normal 0.125663 -0.992073 0
    outer loop
      vertex 179.868 9.09586 3
      vertex 179.607 9.0628 0
      vertex 179.868 9.09586 0
    endloop
  endfacet
  facet normal 0.770703 0.637195 0
    outer loop
      vertex 178.469 5.56245 3
      vertex 178.301 5.76565 0
      vertex 178.301 5.76565 3
    endloop
  endfacet
  facet normal 0.770703 0.637195 0
    outer loop
      vertex 178.301 5.76565 0
      vertex 178.469 5.56245 3
      vertex 178.469 5.56245 0
    endloop
  endfacet
  facet normal 0.481919 0.876216 -0
    outer loop
      vertex 179.106 5.09986 0
      vertex 178.875 5.22691 3
      vertex 179.106 5.09986 3
    endloop
  endfacet
  facet normal 0.481919 0.876216 0
    outer loop
      vertex 178.875 5.22691 3
      vertex 179.106 5.09986 0
      vertex 178.875 5.22691 0
    endloop
  endfacet
  facet normal 0.368379 0.929676 -0
    outer loop
      vertex 179.351 5.00278 0
      vertex 179.106 5.09986 3
      vertex 179.351 5.00278 3
    endloop
  endfacet
  facet normal 0.368379 0.929676 0
    outer loop
      vertex 179.106 5.09986 3
      vertex 179.351 5.00278 0
      vertex 179.106 5.09986 0
    endloop
  endfacet
  facet normal 0.951605 -0.307324 0
    outer loop
      vertex 177.966 7.52225 3
      vertex 178.047 7.77306 0
      vertex 178.047 7.77306 3
    endloop
  endfacet
  facet normal 0.951605 -0.307324 0
    outer loop
      vertex 178.047 7.77306 0
      vertex 177.966 7.52225 3
      vertex 177.966 7.52225 0
    endloop
  endfacet
endsolid OpenSCAD_Model
