solid 
 facet normal  9.999059e-01  1.371831e-02  0.000000e+00
   outer loop
     vertex  7.577147e+00  2.079501e-01  0.000000e+00
     vertex  7.580000e+00  0.000000e+00  7.000000e+00
     vertex  7.580000e+00  0.000000e+00  0.000000e+00
   endloop
 endfacet
 facet normal  9.999059e-01  1.371831e-02 -0.000000e+00
   outer loop
     vertex  7.577147e+00  2.079501e-01  0.000000e+00
     vertex  7.577147e+00  2.079501e-01  7.000000e+00
     vertex  7.580000e+00  0.000000e+00  7.000000e+00
   endloop
 endfacet
 facet normal  9.991532e-01  4.114462e-02 -0.000000e+00
   outer loop
     vertex  7.568590e+00  4.157436e-01  0.000000e+00
     vertex  7.568590e+00  4.157436e-01  7.000000e+00
     vertex  7.577147e+00  2.079501e-01  7.000000e+00
   endloop
 endfacet
 facet normal  9.976484e-01  6.853995e-02 -0.000000e+00
   outer loop
     vertex  7.568590e+00  4.157436e-01  0.000000e+00
     vertex  7.554336e+00  6.232242e-01  7.000000e+00
     vertex  7.568590e+00  4.157436e-01  7.000000e+00
   endloop
 endfacet
 facet normal  9.991532e-01  4.114462e-02  0.000000e+00
   outer loop
     vertex  7.568590e+00  4.157436e-01  0.000000e+00
     vertex  7.577147e+00  2.079501e-01  7.000000e+00
     vertex  7.577147e+00  2.079501e-01  0.000000e+00
   endloop
 endfacet
 facet normal  9.976484e-01  6.853995e-02 -0.000000e+00
   outer loop
     vertex  7.554336e+00  6.232242e-01  0.000000e+00
     vertex  7.554336e+00  6.232242e-01  7.000000e+00
     vertex  7.568590e+00  4.157436e-01  0.000000e+00
   endloop
 endfacet
 facet normal  9.953925e-01  9.588368e-02 -0.000000e+00
   outer loop
     vertex  7.534395e+00  8.302357e-01  0.000000e+00
     vertex  7.534395e+00  8.302357e-01  7.000000e+00
     vertex  7.554336e+00  6.232242e-01  7.000000e+00
   endloop
 endfacet
 facet normal  9.953925e-01  9.588368e-02  0.000000e+00
   outer loop
     vertex  7.534395e+00  8.302357e-01  0.000000e+00
     vertex  7.554336e+00  6.232242e-01  7.000000e+00
     vertex  7.554336e+00  6.232242e-01  0.000000e+00
   endloop
 endfacet
 facet normal  9.923874e-01  1.231552e-01 -0.000000e+00
   outer loop
     vertex  7.508782e+00  1.036622e+00  0.000000e+00
     vertex  7.508782e+00  1.036622e+00  7.000000e+00
     vertex  7.534395e+00  8.302357e-01  7.000000e+00
   endloop
 endfacet
 facet normal  9.923874e-01  1.231552e-01  0.000000e+00
   outer loop
     vertex  7.508782e+00  1.036622e+00  0.000000e+00
     vertex  7.534395e+00  8.302357e-01  7.000000e+00
     vertex  7.534395e+00  8.302357e-01  0.000000e+00
   endloop
 endfacet
 facet normal  9.886353e-01  1.503341e-01 -0.000000e+00
   outer loop
     vertex  7.477518e+00  1.242228e+00  0.000000e+00
     vertex  7.477518e+00  1.242228e+00  7.000000e+00
     vertex  7.508782e+00  1.036622e+00  7.000000e+00
   endloop
 endfacet
 facet normal  9.886353e-01  1.503341e-01  0.000000e+00
   outer loop
     vertex  7.477518e+00  1.242228e+00  0.000000e+00
     vertex  7.508782e+00  1.036622e+00  7.000000e+00
     vertex  7.508782e+00  1.036622e+00  0.000000e+00
   endloop
 endfacet
 facet normal  9.841389e-01  1.773998e-01 -0.000000e+00
   outer loop
     vertex  7.440624e+00  1.446899e+00  0.000000e+00
     vertex  7.440624e+00  1.446899e+00  7.000000e+00
     vertex  7.477518e+00  1.242228e+00  7.000000e+00
   endloop
 endfacet
 facet normal  9.841389e-01  1.773998e-01  0.000000e+00
   outer loop
     vertex  7.440624e+00  1.446899e+00  0.000000e+00
     vertex  7.477518e+00  1.242228e+00  7.000000e+00
     vertex  7.477518e+00  1.242228e+00  0.000000e+00
   endloop
 endfacet
 facet normal  9.789017e-01  2.043319e-01 -0.000000e+00
   outer loop
     vertex  7.398129e+00  1.650481e+00  0.000000e+00
     vertex  7.398129e+00  1.650481e+00  7.000000e+00
     vertex  7.440624e+00  1.446899e+00  7.000000e+00
   endloop
 endfacet
 facet normal  9.789017e-01  2.043319e-01  0.000000e+00
   outer loop
     vertex  7.398129e+00  1.650481e+00  0.000000e+00
     vertex  7.440624e+00  1.446899e+00  7.000000e+00
     vertex  7.440624e+00  1.446899e+00  0.000000e+00
   endloop
 endfacet
 facet normal  9.729276e-01  2.311102e-01 -0.000000e+00
   outer loop
     vertex  7.350065e+00  1.852821e+00  0.000000e+00
     vertex  7.350065e+00  1.852821e+00  7.000000e+00
     vertex  7.398129e+00  1.650481e+00  7.000000e+00
   endloop
 endfacet
 facet normal  9.729276e-01  2.311102e-01  0.000000e+00
   outer loop
     vertex  7.350065e+00  1.852821e+00  0.000000e+00
     vertex  7.398129e+00  1.650481e+00  7.000000e+00
     vertex  7.398129e+00  1.650481e+00  0.000000e+00
   endloop
 endfacet
 facet normal  9.662211e-01  2.577146e-01  0.000000e+00
   outer loop
     vertex  7.296468e+00  2.053765e+00  0.000000e+00
     vertex  7.350065e+00  1.852821e+00  7.000000e+00
     vertex  7.350065e+00  1.852821e+00  0.000000e+00
   endloop
 endfacet
 facet normal  9.662211e-01  2.577146e-01 -0.000000e+00
   outer loop
     vertex  7.296468e+00  2.053765e+00  0.000000e+00
     vertex  7.296468e+00  2.053765e+00  7.000000e+00
     vertex  7.350065e+00  1.852821e+00  7.000000e+00
   endloop
 endfacet
 facet normal  9.587873e-01  2.841250e-01 -0.000000e+00
   outer loop
     vertex  7.296468e+00  2.053765e+00  0.000000e+00
     vertex  7.237379e+00  2.253164e+00  7.000000e+00
     vertex  7.296468e+00  2.053765e+00  7.000000e+00
   endloop
 endfacet
 facet normal  9.587873e-01  2.841250e-01 -0.000000e+00
   outer loop
     vertex  7.237379e+00  2.253164e+00  0.000000e+00
     vertex  7.237379e+00  2.253164e+00  7.000000e+00
     vertex  7.296468e+00  2.053765e+00  0.000000e+00
   endloop
 endfacet
 facet normal  9.506317e-01  3.103214e-01  0.000000e+00
   outer loop
     vertex  7.172841e+00  2.450866e+00  0.000000e+00
     vertex  7.237379e+00  2.253164e+00  7.000000e+00
     vertex  7.237379e+00  2.253164e+00  0.000000e+00
   endloop
 endfacet
 facet normal  9.506317e-01  3.103214e-01 -0.000000e+00
   outer loop
     vertex  7.172841e+00  2.450866e+00  0.000000e+00
     vertex  7.172841e+00  2.450866e+00  7.000000e+00
     vertex  7.237379e+00  2.253164e+00  7.000000e+00
   endloop
 endfacet
 facet normal  9.417605e-01  3.362843e-01 -0.000000e+00
   outer loop
     vertex  7.172841e+00  2.450866e+00  0.000000e+00
     vertex  7.102904e+00  2.646724e+00  7.000000e+00
     vertex  7.172841e+00  2.450866e+00  7.000000e+00
   endloop
 endfacet
 facet normal  9.417605e-01  3.362843e-01 -0.000000e+00
   outer loop
     vertex  7.102904e+00  2.646724e+00  0.000000e+00
     vertex  7.102904e+00  2.646724e+00  7.000000e+00
     vertex  7.172841e+00  2.450866e+00  0.000000e+00
   endloop
 endfacet
 facet normal  9.321804e-01  3.619940e-01 -0.000000e+00
   outer loop
     vertex  7.027621e+00  2.840589e+00  0.000000e+00
     vertex  7.027621e+00  2.840589e+00  7.000000e+00
     vertex  7.102904e+00  2.646724e+00  7.000000e+00
   endloop
 endfacet
 facet normal  9.321804e-01  3.619940e-01  0.000000e+00
   outer loop
     vertex  7.027621e+00  2.840589e+00  0.000000e+00
     vertex  7.102904e+00  2.646724e+00  7.000000e+00
     vertex  7.102904e+00  2.646724e+00  0.000000e+00
   endloop
 endfacet
 facet normal  9.218986e-01  3.874313e-01 -0.000000e+00
   outer loop
     vertex  6.947047e+00  3.032316e+00  0.000000e+00
     vertex  6.947047e+00  3.032316e+00  7.000000e+00
     vertex  7.027621e+00  2.840589e+00  7.000000e+00
   endloop
 endfacet
 facet normal  9.218986e-01  3.874313e-01  0.000000e+00
   outer loop
     vertex  6.947047e+00  3.032316e+00  0.000000e+00
     vertex  7.027621e+00  2.840589e+00  7.000000e+00
     vertex  7.027621e+00  2.840589e+00  0.000000e+00
   endloop
 endfacet
 facet normal  9.109228e-01  4.125769e-01 -0.000000e+00
   outer loop
     vertex  6.861243e+00  3.221760e+00  0.000000e+00
     vertex  6.861243e+00  3.221760e+00  7.000000e+00
     vertex  6.947047e+00  3.032316e+00  7.000000e+00
   endloop
 endfacet
 facet normal  8.992613e-01  4.374119e-01 -0.000000e+00
   outer loop
     vertex  6.861243e+00  3.221760e+00  0.000000e+00
     vertex  6.770275e+00  3.408780e+00  7.000000e+00
     vertex  6.861243e+00  3.221760e+00  7.000000e+00
   endloop
 endfacet
 facet normal  9.109228e-01  4.125769e-01  0.000000e+00
   outer loop
     vertex  6.861243e+00  3.221760e+00  0.000000e+00
     vertex  6.947047e+00  3.032316e+00  7.000000e+00
     vertex  6.947047e+00  3.032316e+00  0.000000e+00
   endloop
 endfacet
 facet normal  8.869228e-01  4.619176e-01 -0.000000e+00
   outer loop
     vertex  6.770275e+00  3.408780e+00  0.000000e+00
     vertex  6.674210e+00  3.593233e+00  7.000000e+00
     vertex  6.770275e+00  3.408780e+00  7.000000e+00
   endloop
 endfacet
 facet normal  8.992613e-01  4.374119e-01 -0.000000e+00
   outer loop
     vertex  6.770275e+00  3.408780e+00  0.000000e+00
     vertex  6.770275e+00  3.408780e+00  7.000000e+00
     vertex  6.861243e+00  3.221760e+00  0.000000e+00
   endloop
 endfacet
 facet normal  8.869228e-01  4.619176e-01 -0.000000e+00
   outer loop
     vertex  6.674210e+00  3.593233e+00  0.000000e+00
     vertex  6.674210e+00  3.593233e+00  7.000000e+00
     vertex  6.770275e+00  3.408780e+00  0.000000e+00
   endloop
 endfacet
 facet normal  8.739167e-01  4.860756e-01 -0.000000e+00
   outer loop
     vertex  6.573121e+00  3.774981e+00  0.000000e+00
     vertex  6.573121e+00  3.774981e+00  7.000000e+00
     vertex  6.674210e+00  3.593233e+00  7.000000e+00
   endloop
 endfacet
 facet normal  8.739167e-01  4.860756e-01  0.000000e+00
   outer loop
     vertex  6.573121e+00  3.774981e+00  0.000000e+00
     vertex  6.674210e+00  3.593233e+00  7.000000e+00
     vertex  6.674210e+00  3.593233e+00  0.000000e+00
   endloop
 endfacet
 facet normal  8.602528e-01  5.098678e-01 -0.000000e+00
   outer loop
     vertex  6.467084e+00  3.953887e+00  0.000000e+00
     vertex  6.467084e+00  3.953887e+00  7.000000e+00
     vertex  6.573121e+00  3.774981e+00  7.000000e+00
   endloop
 endfacet
 facet normal  8.602528e-01  5.098678e-01  0.000000e+00
   outer loop
     vertex  6.467084e+00  3.953887e+00  0.000000e+00
     vertex  6.573121e+00  3.774981e+00  7.000000e+00
     vertex  6.573121e+00  3.774981e+00  0.000000e+00
   endloop
 endfacet
 facet normal  8.459413e-01  5.332761e-01 -0.000000e+00
   outer loop
     vertex  6.356179e+00  4.129817e+00  0.000000e+00
     vertex  6.356179e+00  4.129817e+00  7.000000e+00
     vertex  6.467084e+00  3.953887e+00  7.000000e+00
   endloop
 endfacet
 facet normal  8.459413e-01  5.332761e-01  0.000000e+00
   outer loop
     vertex  6.356179e+00  4.129817e+00  0.000000e+00
     vertex  6.467084e+00  3.953887e+00  7.000000e+00
     vertex  6.467084e+00  3.953887e+00  0.000000e+00
   endloop
 endfacet
 facet normal  8.309929e-01  5.562829e-01 -0.000000e+00
   outer loop
     vertex  6.240489e+00  4.302639e+00  0.000000e+00
     vertex  6.240489e+00  4.302639e+00  7.000000e+00
     vertex  6.356179e+00  4.129817e+00  7.000000e+00
   endloop
 endfacet
 facet normal  8.309929e-01  5.562829e-01  0.000000e+00
   outer loop
     vertex  6.240489e+00  4.302639e+00  0.000000e+00
     vertex  6.356179e+00  4.129817e+00  7.000000e+00
     vertex  6.356179e+00  4.129817e+00  0.000000e+00
   endloop
 endfacet
 facet normal  8.154191e-01  5.788711e-01 -0.000000e+00
   outer loop
     vertex  6.120101e+00  4.472221e+00  0.000000e+00
     vertex  6.120101e+00  4.472221e+00  7.000000e+00
     vertex  6.240489e+00  4.302639e+00  7.000000e+00
   endloop
 endfacet
 facet normal  8.154191e-01  5.788711e-01  0.000000e+00
   outer loop
     vertex  6.120101e+00  4.472221e+00  0.000000e+00
     vertex  6.240489e+00  4.302639e+00  7.000000e+00
     vertex  6.240489e+00  4.302639e+00  0.000000e+00
   endloop
 endfacet
 facet normal  7.992314e-01  6.010234e-01 -0.000000e+00
   outer loop
     vertex  5.995107e+00  4.638437e+00  0.000000e+00
     vertex  5.995107e+00  4.638437e+00  7.000000e+00
     vertex  6.120101e+00  4.472221e+00  7.000000e+00
   endloop
 endfacet
 facet normal  7.992314e-01  6.010234e-01  0.000000e+00
   outer loop
     vertex  5.995107e+00  4.638437e+00  0.000000e+00
     vertex  6.120101e+00  4.472221e+00  7.000000e+00
     vertex  6.120101e+00  4.472221e+00  0.000000e+00
   endloop
 endfacet
 facet normal  7.824421e-01  6.227234e-01 -0.000000e+00
   outer loop
     vertex  5.865599e+00  4.801161e+00  0.000000e+00
     vertex  5.865599e+00  4.801161e+00  7.000000e+00
     vertex  5.995107e+00  4.638437e+00  7.000000e+00
   endloop
 endfacet
 facet normal  7.824421e-01  6.227234e-01  0.000000e+00
   outer loop
     vertex  5.865599e+00  4.801161e+00  0.000000e+00
     vertex  5.995107e+00  4.638437e+00  7.000000e+00
     vertex  5.995107e+00  4.638437e+00  0.000000e+00
   endloop
 endfacet
 facet normal  7.650637e-01  6.439545e-01 -0.000000e+00
   outer loop
     vertex  5.731676e+00  4.960271e+00  0.000000e+00
     vertex  5.731676e+00  4.960271e+00  7.000000e+00
     vertex  5.865599e+00  4.801161e+00  7.000000e+00
   endloop
 endfacet
 facet normal  7.650637e-01  6.439545e-01  0.000000e+00
   outer loop
     vertex  5.731676e+00  4.960271e+00  0.000000e+00
     vertex  5.865599e+00  4.801161e+00  7.000000e+00
     vertex  5.865599e+00  4.801161e+00  0.000000e+00
   endloop
 endfacet
 facet normal  7.471095e-01  6.647010e-01 -0.000000e+00
   outer loop
     vertex  5.593438e+00  5.115647e+00  0.000000e+00
     vertex  5.593438e+00  5.115647e+00  7.000000e+00
     vertex  5.731676e+00  4.960271e+00  7.000000e+00
   endloop
 endfacet
 facet normal  7.471095e-01  6.647010e-01  0.000000e+00
   outer loop
     vertex  5.593438e+00  5.115647e+00  0.000000e+00
     vertex  5.731676e+00  4.960271e+00  7.000000e+00
     vertex  5.731676e+00  4.960271e+00  0.000000e+00
   endloop
 endfacet
 facet normal  7.285929e-01  6.849470e-01 -0.000000e+00
   outer loop
     vertex  5.450990e+00  5.267172e+00  0.000000e+00
     vertex  5.450990e+00  5.267172e+00  7.000000e+00
     vertex  5.593438e+00  5.115647e+00  7.000000e+00
   endloop
 endfacet
 facet normal  7.285929e-01  6.849470e-01  0.000000e+00
   outer loop
     vertex  5.450990e+00  5.267172e+00  0.000000e+00
     vertex  5.593438e+00  5.115647e+00  7.000000e+00
     vertex  5.593438e+00  5.115647e+00  0.000000e+00
   endloop
 endfacet
 facet normal  7.095278e-01  7.046775e-01 -0.000000e+00
   outer loop
     vertex  5.304439e+00  5.414733e+00  0.000000e+00
     vertex  5.304439e+00  5.414733e+00  7.000000e+00
     vertex  5.450990e+00  5.267172e+00  7.000000e+00
   endloop
 endfacet
 facet normal  7.095278e-01  7.046775e-01  0.000000e+00
   outer loop
     vertex  5.304439e+00  5.414733e+00  0.000000e+00
     vertex  5.450990e+00  5.267172e+00  7.000000e+00
     vertex  5.450990e+00  5.267172e+00  0.000000e+00
   endloop
 endfacet
 facet normal  6.899286e-01  7.238775e-01 -0.000000e+00
   outer loop
     vertex  5.153894e+00  5.558217e+00  0.000000e+00
     vertex  5.153894e+00  5.558217e+00  7.000000e+00
     vertex  5.304439e+00  5.414733e+00  7.000000e+00
   endloop
 endfacet
 facet normal  6.899286e-01  7.238775e-01  0.000000e+00
   outer loop
     vertex  5.153894e+00  5.558217e+00  0.000000e+00
     vertex  5.304439e+00  5.414733e+00  7.000000e+00
     vertex  5.304439e+00  5.414733e+00  0.000000e+00
   endloop
 endfacet
 facet normal  6.698100e-01  7.425325e-01 -0.000000e+00
   outer loop
     vertex  4.999470e+00  5.697517e+00  0.000000e+00
     vertex  4.999470e+00  5.697517e+00  7.000000e+00
     vertex  5.153894e+00  5.558217e+00  7.000000e+00
   endloop
 endfacet
 facet normal  6.491872e-01  7.606287e-01 -0.000000e+00
   outer loop
     vertex  4.999470e+00  5.697517e+00  0.000000e+00
     vertex  4.841282e+00  5.832528e+00  7.000000e+00
     vertex  4.999470e+00  5.697517e+00  7.000000e+00
   endloop
 endfacet
 facet normal  6.698100e-01  7.425325e-01  0.000000e+00
   outer loop
     vertex  4.999470e+00  5.697517e+00  0.000000e+00
     vertex  5.153894e+00  5.558217e+00  7.000000e+00
     vertex  5.153894e+00  5.558217e+00  0.000000e+00
   endloop
 endfacet
 facet normal  6.491872e-01  7.606287e-01 -0.000000e+00
   outer loop
     vertex  4.841282e+00  5.832528e+00  0.000000e+00
     vertex  4.841282e+00  5.832528e+00  7.000000e+00
     vertex  4.999470e+00  5.697517e+00  0.000000e+00
   endloop
 endfacet
 facet normal  6.280757e-01  7.781522e-01 -0.000000e+00
   outer loop
     vertex  4.679450e+00  5.963149e+00  0.000000e+00
     vertex  4.679450e+00  5.963149e+00  7.000000e+00
     vertex  4.841282e+00  5.832528e+00  7.000000e+00
   endloop
 endfacet
 facet normal  6.064915e-01  7.950900e-01 -0.000000e+00
   outer loop
     vertex  4.679450e+00  5.963149e+00  0.000000e+00
     vertex  4.514096e+00  6.089281e+00  7.000000e+00
     vertex  4.679450e+00  5.963149e+00  7.000000e+00
   endloop
 endfacet
 facet normal  6.280757e-01  7.781522e-01  0.000000e+00
   outer loop
     vertex  4.679450e+00  5.963149e+00  0.000000e+00
     vertex  4.841282e+00  5.832528e+00  7.000000e+00
     vertex  4.841282e+00  5.832528e+00  0.000000e+00
   endloop
 endfacet
 facet normal  6.064915e-01  7.950900e-01 -0.000000e+00
   outer loop
     vertex  4.514096e+00  6.089281e+00  0.000000e+00
     vertex  4.514096e+00  6.089281e+00  7.000000e+00
     vertex  4.679450e+00  5.963149e+00  0.000000e+00
   endloop
 endfacet
 facet normal  5.844507e-01  8.114292e-01  0.000000e+00
   outer loop
     vertex  4.345343e+00  6.210829e+00  0.000000e+00
     vertex  4.514096e+00  6.089281e+00  7.000000e+00
     vertex  4.514096e+00  6.089281e+00  0.000000e+00
   endloop
 endfacet
 facet normal  5.844507e-01  8.114292e-01 -0.000000e+00
   outer loop
     vertex  4.345343e+00  6.210829e+00  0.000000e+00
     vertex  4.345343e+00  6.210829e+00  7.000000e+00
     vertex  4.514096e+00  6.089281e+00  7.000000e+00
   endloop
 endfacet
 facet normal  5.619699e-01  8.271577e-01 -0.000000e+00
   outer loop
     vertex  4.173319e+00  6.327702e+00  0.000000e+00
     vertex  4.173319e+00  6.327702e+00  7.000000e+00
     vertex  4.345343e+00  6.210829e+00  7.000000e+00
   endloop
 endfacet
 facet normal  5.390661e-01  8.422635e-01 -0.000000e+00
   outer loop
     vertex  4.173319e+00  6.327702e+00  0.000000e+00
     vertex  3.998154e+00  6.439811e+00  7.000000e+00
     vertex  4.173319e+00  6.327702e+00  7.000000e+00
   endloop
 endfacet
 facet normal  5.619699e-01  8.271577e-01  0.000000e+00
   outer loop
     vertex  4.173319e+00  6.327702e+00  0.000000e+00
     vertex  4.345343e+00  6.210829e+00  7.000000e+00
     vertex  4.345343e+00  6.210829e+00  0.000000e+00
   endloop
 endfacet
 facet normal  5.390661e-01  8.422635e-01 -0.000000e+00
   outer loop
     vertex  3.998154e+00  6.439811e+00  0.000000e+00
     vertex  3.998154e+00  6.439811e+00  7.000000e+00
     vertex  4.173319e+00  6.327702e+00  0.000000e+00
   endloop
 endfacet
 facet normal  5.157565e-01  8.567352e-01  0.000000e+00
   outer loop
     vertex  3.819979e+00  6.547073e+00  0.000000e+00
     vertex  3.998154e+00  6.439811e+00  7.000000e+00
     vertex  3.998154e+00  6.439811e+00  0.000000e+00
   endloop
 endfacet
 facet normal  5.157565e-01  8.567352e-01 -0.000000e+00
   outer loop
     vertex  3.819979e+00  6.547073e+00  0.000000e+00
     vertex  3.819979e+00  6.547073e+00  7.000000e+00
     vertex  3.998154e+00  6.439811e+00  7.000000e+00
   endloop
 endfacet
 facet normal  4.920587e-01  8.705620e-01  0.000000e+00
   outer loop
     vertex  3.638929e+00  6.649406e+00  0.000000e+00
     vertex  3.819979e+00  6.547073e+00  7.000000e+00
     vertex  3.819979e+00  6.547073e+00  0.000000e+00
   endloop
 endfacet
 facet normal  4.920587e-01  8.705620e-01 -0.000000e+00
   outer loop
     vertex  3.638929e+00  6.649406e+00  0.000000e+00
     vertex  3.638929e+00  6.649406e+00  7.000000e+00
     vertex  3.819979e+00  6.547073e+00  7.000000e+00
   endloop
 endfacet
 facet normal  4.679904e-01  8.837335e-01 -0.000000e+00
   outer loop
     vertex  3.638929e+00  6.649406e+00  0.000000e+00
     vertex  3.455139e+00  6.746734e+00  7.000000e+00
     vertex  3.638929e+00  6.649406e+00  7.000000e+00
   endloop
 endfacet
 facet normal  4.679904e-01  8.837335e-01 -0.000000e+00
   outer loop
     vertex  3.455139e+00  6.746734e+00  0.000000e+00
     vertex  3.455139e+00  6.746734e+00  7.000000e+00
     vertex  3.638929e+00  6.649406e+00  0.000000e+00
   endloop
 endfacet
 facet normal  4.435699e-01  8.962398e-01  0.000000e+00
   outer loop
     vertex  3.268748e+00  6.838983e+00  0.000000e+00
     vertex  3.455139e+00  6.746734e+00  7.000000e+00
     vertex  3.455139e+00  6.746734e+00  0.000000e+00
   endloop
 endfacet
 facet normal  4.435699e-01  8.962398e-01 -0.000000e+00
   outer loop
     vertex  3.268748e+00  6.838983e+00  0.000000e+00
     vertex  3.268748e+00  6.838983e+00  7.000000e+00
     vertex  3.455139e+00  6.746734e+00  7.000000e+00
   endloop
 endfacet
 facet normal  4.188155e-01  9.080714e-01 -0.000000e+00
   outer loop
     vertex  3.268748e+00  6.838983e+00  0.000000e+00
     vertex  3.079897e+00  6.926084e+00  7.000000e+00
     vertex  3.268748e+00  6.838983e+00  7.000000e+00
   endloop
 endfacet
 facet normal  4.188155e-01  9.080714e-01 -0.000000e+00
   outer loop
     vertex  3.079897e+00  6.926084e+00  0.000000e+00
     vertex  3.079897e+00  6.926084e+00  7.000000e+00
     vertex  3.268748e+00  6.838983e+00  0.000000e+00
   endloop
 endfacet
 facet normal  3.937458e-01  9.192194e-01  0.000000e+00
   outer loop
     vertex  2.888727e+00  7.007971e+00  0.000000e+00
     vertex  3.079897e+00  6.926084e+00  7.000000e+00
     vertex  3.079897e+00  6.926084e+00  0.000000e+00
   endloop
 endfacet
 facet normal  3.937458e-01  9.192194e-01 -0.000000e+00
   outer loop
     vertex  2.888727e+00  7.007971e+00  0.000000e+00
     vertex  2.888727e+00  7.007971e+00  7.000000e+00
     vertex  3.079897e+00  6.926084e+00  7.000000e+00
   endloop
 endfacet
 facet normal  3.683796e-01  9.296754e-01 -0.000000e+00
   outer loop
     vertex  2.888727e+00  7.007971e+00  0.000000e+00
     vertex  2.695383e+00  7.084583e+00  7.000000e+00
     vertex  2.888727e+00  7.007971e+00  7.000000e+00
   endloop
 endfacet
 facet normal  3.683796e-01  9.296754e-01 -0.000000e+00
   outer loop
     vertex  2.695383e+00  7.084583e+00  0.000000e+00
     vertex  2.695383e+00  7.084583e+00  7.000000e+00
     vertex  2.888727e+00  7.007971e+00  0.000000e+00
   endloop
 endfacet
 facet normal  3.427362e-01  9.394317e-01 -0.000000e+00
   outer loop
     vertex  2.695383e+00  7.084583e+00  0.000000e+00
     vertex  2.500010e+00  7.155861e+00  7.000000e+00
     vertex  2.695383e+00  7.084583e+00  7.000000e+00
   endloop
 endfacet
 facet normal  3.427362e-01  9.394317e-01 -0.000000e+00
   outer loop
     vertex  2.500010e+00  7.155861e+00  0.000000e+00
     vertex  2.500010e+00  7.155861e+00  7.000000e+00
     vertex  2.695383e+00  7.084583e+00  0.000000e+00
   endloop
 endfacet
 facet normal  3.168348e-01  9.484807e-01  0.000000e+00
   outer loop
     vertex  2.302754e+00  7.221753e+00  0.000000e+00
     vertex  2.500010e+00  7.155861e+00  7.000000e+00
     vertex  2.500010e+00  7.155861e+00  0.000000e+00
   endloop
 endfacet
 facet normal  3.168348e-01  9.484807e-01 -0.000000e+00
   outer loop
     vertex  2.302754e+00  7.221753e+00  0.000000e+00
     vertex  2.302754e+00  7.221753e+00  7.000000e+00
     vertex  2.500010e+00  7.155861e+00  7.000000e+00
   endloop
 endfacet
 facet normal  2.906949e-01  9.568158e-01 -0.000000e+00
   outer loop
     vertex  2.302754e+00  7.221753e+00  0.000000e+00
     vertex  2.103766e+00  7.282209e+00  7.000000e+00
     vertex  2.302754e+00  7.221753e+00  7.000000e+00
   endloop
 endfacet
 facet normal  2.643362e-01  9.644306e-01 -0.000000e+00
   outer loop
     vertex  2.103766e+00  7.282209e+00  0.000000e+00
     vertex  1.903193e+00  7.337183e+00  7.000000e+00
     vertex  2.103766e+00  7.282209e+00  7.000000e+00
   endloop
 endfacet
 facet normal  2.906949e-01  9.568158e-01 -0.000000e+00
   outer loop
     vertex  2.103766e+00  7.282209e+00  0.000000e+00
     vertex  2.103766e+00  7.282209e+00  7.000000e+00
     vertex  2.302754e+00  7.221753e+00  0.000000e+00
   endloop
 endfacet
 facet normal  2.643362e-01  9.644306e-01 -0.000000e+00
   outer loop
     vertex  1.903193e+00  7.337183e+00  0.000000e+00
     vertex  1.903193e+00  7.337183e+00  7.000000e+00
     vertex  2.103766e+00  7.282209e+00  0.000000e+00
   endloop
 endfacet
 facet normal  2.377784e-01  9.713194e-01 -0.000000e+00
   outer loop
     vertex  1.701188e+00  7.386634e+00  0.000000e+00
     vertex  1.701188e+00  7.386634e+00  7.000000e+00
     vertex  1.903193e+00  7.337183e+00  7.000000e+00
   endloop
 endfacet
 facet normal  2.110417e-01  9.774771e-01 -0.000000e+00
   outer loop
     vertex  1.701188e+00  7.386634e+00  0.000000e+00
     vertex  1.497903e+00  7.430524e+00  7.000000e+00
     vertex  1.701188e+00  7.386634e+00  7.000000e+00
   endloop
 endfacet
 facet normal  2.377784e-01  9.713194e-01  0.000000e+00
   outer loop
     vertex  1.701188e+00  7.386634e+00  0.000000e+00
     vertex  1.903193e+00  7.337183e+00  7.000000e+00
     vertex  1.903193e+00  7.337183e+00  0.000000e+00
   endloop
 endfacet
 facet normal  2.110417e-01  9.774771e-01 -0.000000e+00
   outer loop
     vertex  1.497903e+00  7.430524e+00  0.000000e+00
     vertex  1.497903e+00  7.430524e+00  7.000000e+00
     vertex  1.701188e+00  7.386634e+00  0.000000e+00
   endloop
 endfacet
 facet normal  1.841461e-01  9.828989e-01 -0.000000e+00
   outer loop
     vertex  1.293490e+00  7.468821e+00  0.000000e+00
     vertex  1.293490e+00  7.468821e+00  7.000000e+00
     vertex  1.497903e+00  7.430524e+00  7.000000e+00
   endloop
 endfacet
 facet normal  1.571119e-01  9.875808e-01 -0.000000e+00
   outer loop
     vertex  1.293490e+00  7.468821e+00  0.000000e+00
     vertex  1.088103e+00  7.501495e+00  7.000000e+00
     vertex  1.293490e+00  7.468821e+00  7.000000e+00
   endloop
 endfacet
 facet normal  1.841461e-01  9.828989e-01  0.000000e+00
   outer loop
     vertex  1.293490e+00  7.468821e+00  0.000000e+00
     vertex  1.497903e+00  7.430524e+00  7.000000e+00
     vertex  1.497903e+00  7.430524e+00  0.000000e+00
   endloop
 endfacet
 facet normal  1.299594e-01  9.915193e-01 -0.000000e+00
   outer loop
     vertex  1.088103e+00  7.501495e+00  0.000000e+00
     vertex  8.818969e-01  7.528523e+00  7.000000e+00
     vertex  1.088103e+00  7.501495e+00  7.000000e+00
   endloop
 endfacet
 facet normal  1.571119e-01  9.875808e-01 -0.000000e+00
   outer loop
     vertex  1.088103e+00  7.501495e+00  0.000000e+00
     vertex  1.088103e+00  7.501495e+00  7.000000e+00
     vertex  1.293490e+00  7.468821e+00  0.000000e+00
   endloop
 endfacet
 facet normal  1.299594e-01  9.915193e-01 -0.000000e+00
   outer loop
     vertex  8.818969e-01  7.528523e+00  0.000000e+00
     vertex  8.818969e-01  7.528523e+00  7.000000e+00
     vertex  1.088103e+00  7.501495e+00  0.000000e+00
   endloop
 endfacet
 facet normal  1.027091e-01  9.947114e-01 -0.000000e+00
   outer loop
     vertex  6.750272e-01  7.549883e+00  0.000000e+00
     vertex  6.750272e-01  7.549883e+00  7.000000e+00
     vertex  8.818969e-01  7.528523e+00  7.000000e+00
   endloop
 endfacet
 facet normal  7.538152e-02  9.971548e-01 -0.000000e+00
   outer loop
     vertex  6.750272e-01  7.549883e+00  0.000000e+00
     vertex  4.676492e-01  7.565560e+00  7.000000e+00
     vertex  6.750272e-01  7.549883e+00  7.000000e+00
   endloop
 endfacet
 facet normal  1.027091e-01  9.947114e-01  0.000000e+00
   outer loop
     vertex  6.750272e-01  7.549883e+00  0.000000e+00
     vertex  8.818969e-01  7.528523e+00  7.000000e+00
     vertex  8.818969e-01  7.528523e+00  0.000000e+00
   endloop
 endfacet
 facet normal  7.538152e-02  9.971548e-01 -0.000000e+00
   outer loop
     vertex  4.676492e-01  7.565560e+00  0.000000e+00
     vertex  4.676492e-01  7.565560e+00  7.000000e+00
     vertex  6.750272e-01  7.549883e+00  0.000000e+00
   endloop
 endfacet
 facet normal  4.799716e-02  9.988475e-01 -0.000000e+00
   outer loop
     vertex  2.599193e-01  7.575542e+00  0.000000e+00
     vertex  2.599193e-01  7.575542e+00  7.000000e+00
     vertex  4.676492e-01  7.565560e+00  7.000000e+00
   endloop
 endfacet
 facet normal  4.799716e-02  9.988475e-01  0.000000e+00
   outer loop
     vertex  2.599193e-01  7.575542e+00  0.000000e+00
     vertex  4.676492e-01  7.565560e+00  7.000000e+00
     vertex  4.676492e-01  7.565560e+00  0.000000e+00
   endloop
 endfacet
 facet normal  2.057667e-02  9.997883e-01 -0.000000e+00
   outer loop
     vertex  5.199364e-02  7.579822e+00  0.000000e+00
     vertex  5.199364e-02  7.579822e+00  7.000000e+00
     vertex  2.599193e-01  7.575542e+00  7.000000e+00
   endloop
 endfacet
 facet normal  2.057667e-02  9.997883e-01  0.000000e+00
   outer loop
     vertex  5.199364e-02  7.579822e+00  0.000000e+00
     vertex  2.599193e-01  7.575542e+00  7.000000e+00
     vertex  2.599193e-01  7.575542e+00  0.000000e+00
   endloop
 endfacet
 facet normal -6.859319e-03  9.999765e-01  0.000000e+00
   outer loop
     vertex -1.559711e-01  7.578395e+00  0.000000e+00
     vertex -1.559711e-01  7.578395e+00  7.000000e+00
     vertex  5.199364e-02  7.579822e+00  7.000000e+00
   endloop
 endfacet
 facet normal -6.859319e-03  9.999765e-01  0.000000e+00
   outer loop
     vertex -1.559711e-01  7.578395e+00  0.000000e+00
     vertex  5.199364e-02  7.579822e+00  7.000000e+00
     vertex  5.199364e-02  7.579822e+00  0.000000e+00
   endloop
 endfacet
 facet normal -3.429014e-02  9.994119e-01  0.000000e+00
   outer loop
     vertex -3.638185e-01  7.571264e+00  0.000000e+00
     vertex -3.638185e-01  7.571264e+00  7.000000e+00
     vertex -1.559711e-01  7.578395e+00  7.000000e+00
   endloop
 endfacet
 facet normal -3.429014e-02  9.994119e-01  0.000000e+00
   outer loop
     vertex -3.638185e-01  7.571264e+00  0.000000e+00
     vertex -1.559711e-01  7.578395e+00  7.000000e+00
     vertex -1.559711e-01  7.578395e+00  0.000000e+00
   endloop
 endfacet
 facet normal -6.169515e-02  9.980950e-01  0.000000e+00
   outer loop
     vertex -5.713920e-01  7.558433e+00  0.000000e+00
     vertex -5.713920e-01  7.558433e+00  7.000000e+00
     vertex -3.638185e-01  7.571264e+00  7.000000e+00
   endloop
 endfacet
 facet normal -6.169515e-02  9.980950e-01  0.000000e+00
   outer loop
     vertex -5.713920e-01  7.558433e+00  0.000000e+00
     vertex -3.638185e-01  7.571264e+00  7.000000e+00
     vertex -3.638185e-01  7.571264e+00  0.000000e+00
   endloop
 endfacet
 facet normal -8.905371e-02  9.960268e-01  0.000000e+00
   outer loop
     vertex -7.785353e-01  7.539913e+00  0.000000e+00
     vertex -5.713920e-01  7.558433e+00  7.000000e+00
     vertex -5.713920e-01  7.558433e+00  0.000000e+00
   endloop
 endfacet
 facet normal -8.905371e-02  9.960268e-01  0.000000e+00
   outer loop
     vertex -7.785353e-01  7.539913e+00  0.000000e+00
     vertex -7.785353e-01  7.539913e+00  7.000000e+00
     vertex -5.713920e-01  7.558433e+00  7.000000e+00
   endloop
 endfacet
 facet normal -1.163452e-01  9.932088e-01  0.000000e+00
   outer loop
     vertex -9.850926e-01  7.515716e+00  0.000000e+00
     vertex -7.785353e-01  7.539913e+00  7.000000e+00
     vertex -7.785353e-01  7.539913e+00  0.000000e+00
   endloop
 endfacet
 facet normal -1.163452e-01  9.932088e-01  0.000000e+00
   outer loop
     vertex -9.850926e-01  7.515716e+00  0.000000e+00
     vertex -9.850926e-01  7.515716e+00  7.000000e+00
     vertex -7.785353e-01  7.539913e+00  7.000000e+00
   endloop
 endfacet
 facet normal -1.435492e-01  9.896432e-01  0.000000e+00
   outer loop
     vertex -1.190908e+00  7.485862e+00  0.000000e+00
     vertex -9.850926e-01  7.515716e+00  7.000000e+00
     vertex -9.850926e-01  7.515716e+00  0.000000e+00
   endloop
 endfacet
 facet normal -1.435492e-01  9.896432e-01  0.000000e+00
   outer loop
     vertex -1.190908e+00  7.485862e+00  0.000000e+00
     vertex -1.190908e+00  7.485862e+00  7.000000e+00
     vertex -9.850926e-01  7.515716e+00  7.000000e+00
   endloop
 endfacet
 facet normal -1.706451e-01  9.853326e-01  0.000000e+00
   outer loop
     vertex -1.395828e+00  7.450373e+00  0.000000e+00
     vertex -1.190908e+00  7.485862e+00  7.000000e+00
     vertex -1.190908e+00  7.485862e+00  0.000000e+00
   endloop
 endfacet
 facet normal -1.706451e-01  9.853326e-01  0.000000e+00
   outer loop
     vertex -1.395828e+00  7.450373e+00  0.000000e+00
     vertex -1.395828e+00  7.450373e+00  7.000000e+00
     vertex -1.190908e+00  7.485862e+00  7.000000e+00
   endloop
 endfacet
 facet normal -1.976125e-01  9.802802e-01  0.000000e+00
   outer loop
     vertex -1.395828e+00  7.450373e+00  0.000000e+00
     vertex -1.599696e+00  7.409276e+00  7.000000e+00
     vertex -1.395828e+00  7.450373e+00  7.000000e+00
   endloop
 endfacet
 facet normal -1.976125e-01  9.802802e-01  0.000000e+00
   outer loop
     vertex -1.599696e+00  7.409276e+00  0.000000e+00
     vertex -1.599696e+00  7.409276e+00  7.000000e+00
     vertex -1.395828e+00  7.450373e+00  0.000000e+00
   endloop
 endfacet
 facet normal -2.244312e-01  9.744899e-01  0.000000e+00
   outer loop
     vertex -1.802361e+00  7.362601e+00  0.000000e+00
     vertex -1.599696e+00  7.409276e+00  7.000000e+00
     vertex -1.599696e+00  7.409276e+00  0.000000e+00
   endloop
 endfacet
 facet normal -2.244312e-01  9.744899e-01  0.000000e+00
   outer loop
     vertex -1.802361e+00  7.362601e+00  0.000000e+00
     vertex -1.802361e+00  7.362601e+00  7.000000e+00
     vertex -1.599696e+00  7.409276e+00  7.000000e+00
   endloop
 endfacet
 facet normal -2.510809e-01  9.679661e-01  0.000000e+00
   outer loop
     vertex -1.802361e+00  7.362601e+00  0.000000e+00
     vertex -2.003668e+00  7.310384e+00  7.000000e+00
     vertex -1.802361e+00  7.362601e+00  7.000000e+00
   endloop
 endfacet
 facet normal -2.510809e-01  9.679661e-01  0.000000e+00
   outer loop
     vertex -2.003668e+00  7.310384e+00  0.000000e+00
     vertex -2.003668e+00  7.310384e+00  7.000000e+00
     vertex -1.802361e+00  7.362601e+00  0.000000e+00
   endloop
 endfacet
 facet normal -2.775416e-01  9.607136e-01  0.000000e+00
   outer loop
     vertex -2.003668e+00  7.310384e+00  0.000000e+00
     vertex -2.203467e+00  7.252664e+00  7.000000e+00
     vertex -2.003668e+00  7.310384e+00  7.000000e+00
   endloop
 endfacet
 facet normal -2.775416e-01  9.607136e-01  0.000000e+00
   outer loop
     vertex -2.203467e+00  7.252664e+00  0.000000e+00
     vertex -2.203467e+00  7.252664e+00  7.000000e+00
     vertex -2.003668e+00  7.310384e+00  0.000000e+00
   endloop
 endfacet
 facet normal -3.037934e-01  9.527379e-01  0.000000e+00
   outer loop
     vertex -2.401608e+00  7.189484e+00  0.000000e+00
     vertex -2.203467e+00  7.252664e+00  7.000000e+00
     vertex -2.203467e+00  7.252664e+00  0.000000e+00
   endloop
 endfacet
 facet normal -3.037934e-01  9.527379e-01  0.000000e+00
   outer loop
     vertex -2.401608e+00  7.189484e+00  0.000000e+00
     vertex -2.401608e+00  7.189484e+00  7.000000e+00
     vertex -2.203467e+00  7.252664e+00  7.000000e+00
   endloop
 endfacet
 facet normal -3.298166e-01  9.440450e-01  0.000000e+00
   outer loop
     vertex -2.401608e+00  7.189484e+00  0.000000e+00
     vertex -2.597941e+00  7.120892e+00  7.000000e+00
     vertex -2.401608e+00  7.189484e+00  7.000000e+00
   endloop
 endfacet
 facet normal -3.298166e-01  9.440450e-01  0.000000e+00
   outer loop
     vertex -2.597941e+00  7.120892e+00  0.000000e+00
     vertex -2.597941e+00  7.120892e+00  7.000000e+00
     vertex -2.401608e+00  7.189484e+00  0.000000e+00
   endloop
 endfacet
 facet normal -3.555914e-01  9.346415e-01  0.000000e+00
   outer loop
     vertex -2.792318e+00  7.046940e+00  0.000000e+00
     vertex -2.597941e+00  7.120892e+00  7.000000e+00
     vertex -2.597941e+00  7.120892e+00  0.000000e+00
   endloop
 endfacet
 facet normal -3.555914e-01  9.346415e-01  0.000000e+00
   outer loop
     vertex -2.792318e+00  7.046940e+00  0.000000e+00
     vertex -2.792318e+00  7.046940e+00  7.000000e+00
     vertex -2.597941e+00  7.120892e+00  7.000000e+00
   endloop
 endfacet
 facet normal -3.810986e-01  9.245344e-01  0.000000e+00
   outer loop
     vertex -2.984593e+00  6.967683e+00  0.000000e+00
     vertex -2.792318e+00  7.046940e+00  7.000000e+00
     vertex -2.792318e+00  7.046940e+00  0.000000e+00
   endloop
 endfacet
 facet normal -3.810986e-01  9.245344e-01  0.000000e+00
   outer loop
     vertex -2.984593e+00  6.967683e+00  0.000000e+00
     vertex -2.984593e+00  6.967683e+00  7.000000e+00
     vertex -2.792318e+00  7.046940e+00  7.000000e+00
   endloop
 endfacet
 facet normal -4.063188e-01  9.137314e-01  0.000000e+00
   outer loop
     vertex -3.174621e+00  6.883181e+00  0.000000e+00
     vertex -2.984593e+00  6.967683e+00  7.000000e+00
     vertex -2.984593e+00  6.967683e+00  0.000000e+00
   endloop
 endfacet
 facet normal -4.063188e-01  9.137314e-01  0.000000e+00
   outer loop
     vertex -3.174621e+00  6.883181e+00  0.000000e+00
     vertex -3.174621e+00  6.883181e+00  7.000000e+00
     vertex -2.984593e+00  6.967683e+00  7.000000e+00
   endloop
 endfacet
 facet normal -4.312333e-01  9.022405e-01  0.000000e+00
   outer loop
     vertex -3.362260e+00  6.793498e+00  0.000000e+00
     vertex -3.174621e+00  6.883181e+00  7.000000e+00
     vertex -3.174621e+00  6.883181e+00  0.000000e+00
   endloop
 endfacet
 facet normal -4.312333e-01  9.022405e-01  0.000000e+00
   outer loop
     vertex -3.362260e+00  6.793498e+00  0.000000e+00
     vertex -3.362260e+00  6.793498e+00  7.000000e+00
     vertex -3.174621e+00  6.883181e+00  7.000000e+00
   endloop
 endfacet
 facet normal -4.558231e-01  8.900704e-01  0.000000e+00
   outer loop
     vertex -3.547367e+00  6.698700e+00  0.000000e+00
     vertex -3.362260e+00  6.793498e+00  7.000000e+00
     vertex -3.362260e+00  6.793498e+00  0.000000e+00
   endloop
 endfacet
 facet normal -4.558231e-01  8.900704e-01  0.000000e+00
   outer loop
     vertex -3.547367e+00  6.698700e+00  0.000000e+00
     vertex -3.547367e+00  6.698700e+00  7.000000e+00
     vertex -3.362260e+00  6.793498e+00  7.000000e+00
   endloop
 endfacet
 facet normal -4.800697e-01  8.772303e-01  0.000000e+00
   outer loop
     vertex -3.729805e+00  6.598860e+00  0.000000e+00
     vertex -3.547367e+00  6.698700e+00  7.000000e+00
     vertex -3.547367e+00  6.698700e+00  0.000000e+00
   endloop
 endfacet
 facet normal -4.800697e-01  8.772303e-01  0.000000e+00
   outer loop
     vertex -3.729805e+00  6.598860e+00  0.000000e+00
     vertex -3.729805e+00  6.598860e+00  7.000000e+00
     vertex -3.547367e+00  6.698700e+00  7.000000e+00
   endloop
 endfacet
 facet normal -5.039550e-01  8.637299e-01  0.000000e+00
   outer loop
     vertex -3.909434e+00  6.494053e+00  0.000000e+00
     vertex -3.729805e+00  6.598860e+00  7.000000e+00
     vertex -3.729805e+00  6.598860e+00  0.000000e+00
   endloop
 endfacet
 facet normal -5.039550e-01  8.637299e-01  0.000000e+00
   outer loop
     vertex -3.909434e+00  6.494053e+00  0.000000e+00
     vertex -3.909434e+00  6.494053e+00  7.000000e+00
     vertex -3.729805e+00  6.598860e+00  7.000000e+00
   endloop
 endfacet
 facet normal -5.274609e-01  8.495793e-01  0.000000e+00
   outer loop
     vertex -3.909434e+00  6.494053e+00  0.000000e+00
     vertex -4.086121e+00  6.384357e+00  7.000000e+00
     vertex -3.909434e+00  6.494053e+00  7.000000e+00
   endloop
 endfacet
 facet normal -5.274609e-01  8.495793e-01  0.000000e+00
   outer loop
     vertex -4.086121e+00  6.384357e+00  0.000000e+00
     vertex -4.086121e+00  6.384357e+00  7.000000e+00
     vertex -3.909434e+00  6.494053e+00  0.000000e+00
   endloop
 endfacet
 facet normal -5.505698e-01  8.347891e-01  0.000000e+00
   outer loop
     vertex -4.259732e+00  6.269855e+00  0.000000e+00
     vertex -4.086121e+00  6.384357e+00  7.000000e+00
     vertex -4.086121e+00  6.384357e+00  0.000000e+00
   endloop
 endfacet
 facet normal -5.505698e-01  8.347891e-01  0.000000e+00
   outer loop
     vertex -4.259732e+00  6.269855e+00  0.000000e+00
     vertex -4.259732e+00  6.269855e+00  7.000000e+00
     vertex -4.086121e+00  6.384357e+00  7.000000e+00
   endloop
 endfacet
 facet normal -5.732642e-01  8.193706e-01  0.000000e+00
   outer loop
     vertex -4.259732e+00  6.269855e+00  0.000000e+00
     vertex -4.430136e+00  6.150634e+00  7.000000e+00
     vertex -4.259732e+00  6.269855e+00  7.000000e+00
   endloop
 endfacet
 facet normal -5.732642e-01  8.193706e-01  0.000000e+00
   outer loop
     vertex -4.430136e+00  6.150634e+00  0.000000e+00
     vertex -4.430136e+00  6.150634e+00  7.000000e+00
     vertex -4.259732e+00  6.269855e+00  0.000000e+00
   endloop
 endfacet
 facet normal -5.955271e-01  8.033352e-01  0.000000e+00
   outer loop
     vertex -4.430136e+00  6.150634e+00  0.000000e+00
     vertex -4.597205e+00  6.026782e+00  7.000000e+00
     vertex -4.430136e+00  6.150634e+00  7.000000e+00
   endloop
 endfacet
 facet normal -5.955271e-01  8.033352e-01  0.000000e+00
   outer loop
     vertex -4.597205e+00  6.026782e+00  0.000000e+00
     vertex -4.597205e+00  6.026782e+00  7.000000e+00
     vertex -4.430136e+00  6.150634e+00  0.000000e+00
   endloop
 endfacet
 facet normal -6.173417e-01  7.866951e-01  0.000000e+00
   outer loop
     vertex -4.760814e+00  5.898394e+00  0.000000e+00
     vertex -4.760814e+00  5.898394e+00  7.000000e+00
     vertex -4.597205e+00  6.026782e+00  7.000000e+00
   endloop
 endfacet
 facet normal -6.173417e-01  7.866951e-01  0.000000e+00
   outer loop
     vertex -4.760814e+00  5.898394e+00  0.000000e+00
     vertex -4.597205e+00  6.026782e+00  7.000000e+00
     vertex -4.597205e+00  6.026782e+00  0.000000e+00
   endloop
 endfacet
 facet normal -6.386916e-01  7.694628e-01  0.000000e+00
   outer loop
     vertex -4.920839e+00  5.765565e+00  0.000000e+00
     vertex -4.920839e+00  5.765565e+00  7.000000e+00
     vertex -4.760814e+00  5.898394e+00  7.000000e+00
   endloop
 endfacet
 facet normal -6.595607e-01  7.516513e-01  0.000000e+00
   outer loop
     vertex -4.920839e+00  5.765565e+00  0.000000e+00
     vertex -5.077160e+00  5.628397e+00  7.000000e+00
     vertex -4.920839e+00  5.765565e+00  7.000000e+00
   endloop
 endfacet
 facet normal -6.386916e-01  7.694628e-01  0.000000e+00
   outer loop
     vertex -4.920839e+00  5.765565e+00  0.000000e+00
     vertex -4.760814e+00  5.898394e+00  7.000000e+00
     vertex -4.760814e+00  5.898394e+00  0.000000e+00
   endloop
 endfacet
 facet normal -6.595607e-01  7.516513e-01  0.000000e+00
   outer loop
     vertex -5.077160e+00  5.628397e+00  0.000000e+00
     vertex -5.077160e+00  5.628397e+00  7.000000e+00
     vertex -4.920839e+00  5.765565e+00  0.000000e+00
   endloop
 endfacet
 facet normal -6.799333e-01  7.332740e-01  0.000000e+00
   outer loop
     vertex -5.229658e+00  5.486991e+00  0.000000e+00
     vertex -5.229658e+00  5.486991e+00  7.000000e+00
     vertex -5.077160e+00  5.628397e+00  7.000000e+00
   endloop
 endfacet
 facet normal -6.799333e-01  7.332740e-01  0.000000e+00
   outer loop
     vertex -5.229658e+00  5.486991e+00  0.000000e+00
     vertex -5.077160e+00  5.628397e+00  7.000000e+00
     vertex -5.077160e+00  5.628397e+00  0.000000e+00
   endloop
 endfacet
 facet normal -6.997940e-01  7.143447e-01  0.000000e+00
   outer loop
     vertex -5.378221e+00  5.341455e+00  0.000000e+00
     vertex -5.378221e+00  5.341455e+00  7.000000e+00
     vertex -5.229658e+00  5.486991e+00  7.000000e+00
   endloop
 endfacet
 facet normal -6.997940e-01  7.143447e-01  0.000000e+00
   outer loop
     vertex -5.378221e+00  5.341455e+00  0.000000e+00
     vertex -5.229658e+00  5.486991e+00  7.000000e+00
     vertex -5.229658e+00  5.486991e+00  0.000000e+00
   endloop
 endfacet
 facet normal -7.191280e-01  6.948776e-01  0.000000e+00
   outer loop
     vertex -5.522734e+00  5.191898e+00  0.000000e+00
     vertex -5.378221e+00  5.341455e+00  7.000000e+00
     vertex -5.378221e+00  5.341455e+00  0.000000e+00
   endloop
 endfacet
 facet normal -7.191280e-01  6.948776e-01  0.000000e+00
   outer loop
     vertex -5.522734e+00  5.191898e+00  0.000000e+00
     vertex -5.522734e+00  5.191898e+00  7.000000e+00
     vertex -5.378221e+00  5.341455e+00  7.000000e+00
   endloop
 endfacet
 facet normal -7.379206e-01  6.748875e-01  0.000000e+00
   outer loop
     vertex -5.522734e+00  5.191898e+00  0.000000e+00
     vertex -5.663090e+00  5.038433e+00  7.000000e+00
     vertex -5.522734e+00  5.191898e+00  7.000000e+00
   endloop
 endfacet
 facet normal -7.379206e-01  6.748875e-01  0.000000e+00
   outer loop
     vertex -5.663090e+00  5.038433e+00  0.000000e+00
     vertex -5.663090e+00  5.038433e+00  7.000000e+00
     vertex -5.522734e+00  5.191898e+00  0.000000e+00
   endloop
 endfacet
 facet normal -7.561578e-01  6.543893e-01  0.000000e+00
   outer loop
     vertex -5.799183e+00  4.881175e+00  0.000000e+00
     vertex -5.663090e+00  5.038433e+00  7.000000e+00
     vertex -5.663090e+00  5.038433e+00  0.000000e+00
   endloop
 endfacet
 facet normal -7.561578e-01  6.543893e-01  0.000000e+00
   outer loop
     vertex -5.799183e+00  4.881175e+00  0.000000e+00
     vertex -5.799183e+00  4.881175e+00  7.000000e+00
     vertex -5.663090e+00  5.038433e+00  7.000000e+00
   endloop
 endfacet
 facet normal -7.738257e-01  6.333986e-01  0.000000e+00
   outer loop
     vertex -5.799183e+00  4.881175e+00  0.000000e+00
     vertex -5.930911e+00  4.720243e+00  7.000000e+00
     vertex -5.799183e+00  4.881175e+00  7.000000e+00
   endloop
 endfacet
 facet normal -7.738257e-01  6.333986e-01  0.000000e+00
   outer loop
     vertex -5.930911e+00  4.720243e+00  0.000000e+00
     vertex -5.930911e+00  4.720243e+00  7.000000e+00
     vertex -5.799183e+00  4.881175e+00  0.000000e+00
   endloop
 endfacet
 facet normal -7.909112e-01  6.119310e-01  0.000000e+00
   outer loop
     vertex -6.058174e+00  4.555758e+00  0.000000e+00
     vertex -5.930911e+00  4.720243e+00  7.000000e+00
     vertex -5.930911e+00  4.720243e+00  0.000000e+00
   endloop
 endfacet
 facet normal -7.909112e-01  6.119310e-01  0.000000e+00
   outer loop
     vertex -6.058174e+00  4.555758e+00  0.000000e+00
     vertex -6.058174e+00  4.555758e+00  7.000000e+00
     vertex -5.930911e+00  4.720243e+00  7.000000e+00
   endloop
 endfacet
 facet normal -8.074012e-01  5.900028e-01  0.000000e+00
   outer loop
     vertex -6.180877e+00  4.387843e+00  0.000000e+00
     vertex -6.058174e+00  4.555758e+00  7.000000e+00
     vertex -6.058174e+00  4.555758e+00  0.000000e+00
   endloop
 endfacet
 facet normal -8.074012e-01  5.900028e-01  0.000000e+00
   outer loop
     vertex -6.180877e+00  4.387843e+00  0.000000e+00
     vertex -6.180877e+00  4.387843e+00  7.000000e+00
     vertex -6.058174e+00  4.555758e+00  7.000000e+00
   endloop
 endfacet
 facet normal -8.232835e-01  5.676304e-01  0.000000e+00
   outer loop
     vertex -6.180877e+00  4.387843e+00  0.000000e+00
     vertex -6.298927e+00  4.216625e+00  7.000000e+00
     vertex -6.180877e+00  4.387843e+00  7.000000e+00
   endloop
 endfacet
 facet normal -8.232835e-01  5.676304e-01  0.000000e+00
   outer loop
     vertex -6.298927e+00  4.216625e+00  0.000000e+00
     vertex -6.298927e+00  4.216625e+00  7.000000e+00
     vertex -6.180877e+00  4.387843e+00  0.000000e+00
   endloop
 endfacet
 facet normal -8.385460e-01  5.448308e-01  0.000000e+00
   outer loop
     vertex -6.412235e+00  4.042233e+00  0.000000e+00
     vertex -6.298927e+00  4.216625e+00  7.000000e+00
     vertex -6.298927e+00  4.216625e+00  0.000000e+00
   endloop
 endfacet
 facet normal -8.385460e-01  5.448308e-01  0.000000e+00
   outer loop
     vertex -6.412235e+00  4.042233e+00  0.000000e+00
     vertex -6.412235e+00  4.042233e+00  7.000000e+00
     vertex -6.298927e+00  4.216625e+00  7.000000e+00
   endloop
 endfacet
 facet normal -8.531773e-01  5.216210e-01  0.000000e+00
   outer loop
     vertex -6.520716e+00  3.864798e+00  0.000000e+00
     vertex -6.412235e+00  4.042233e+00  7.000000e+00
     vertex -6.412235e+00  4.042233e+00  0.000000e+00
   endloop
 endfacet
 facet normal -8.531773e-01  5.216210e-01  0.000000e+00
   outer loop
     vertex -6.520716e+00  3.864798e+00  0.000000e+00
     vertex -6.520716e+00  3.864798e+00  7.000000e+00
     vertex -6.412235e+00  4.042233e+00  7.000000e+00
   endloop
 endfacet
 facet normal -8.671664e-01  4.980186e-01  0.000000e+00
   outer loop
     vertex -6.624289e+00  3.684453e+00  0.000000e+00
     vertex -6.520716e+00  3.864798e+00  7.000000e+00
     vertex -6.520716e+00  3.864798e+00  0.000000e+00
   endloop
 endfacet
 facet normal -8.671664e-01  4.980186e-01  0.000000e+00
   outer loop
     vertex -6.624289e+00  3.684453e+00  0.000000e+00
     vertex -6.624289e+00  3.684453e+00  7.000000e+00
     vertex -6.520716e+00  3.864798e+00  7.000000e+00
   endloop
 endfacet
 facet normal -8.805026e-01  4.740412e-01  0.000000e+00
   outer loop
     vertex -6.624289e+00  3.684453e+00  0.000000e+00
     vertex -6.722875e+00  3.501336e+00  7.000000e+00
     vertex -6.624289e+00  3.684453e+00  7.000000e+00
   endloop
 endfacet
 facet normal -8.805026e-01  4.740412e-01  0.000000e+00
   outer loop
     vertex -6.722875e+00  3.501336e+00  0.000000e+00
     vertex -6.722875e+00  3.501336e+00  7.000000e+00
     vertex -6.624289e+00  3.684453e+00  0.000000e+00
   endloop
 endfacet
 facet normal -8.931761e-01  4.497071e-01  0.000000e+00
   outer loop
     vertex -6.816401e+00  3.315582e+00  0.000000e+00
     vertex -6.722875e+00  3.501336e+00  7.000000e+00
     vertex -6.722875e+00  3.501336e+00  0.000000e+00
   endloop
 endfacet
 facet normal -8.931761e-01  4.497071e-01  0.000000e+00
   outer loop
     vertex -6.816401e+00  3.315582e+00  0.000000e+00
     vertex -6.816401e+00  3.315582e+00  7.000000e+00
     vertex -6.722875e+00  3.501336e+00  7.000000e+00
   endloop
 endfacet
 facet normal -9.051772e-01  4.250344e-01  0.000000e+00
   outer loop
     vertex -6.904795e+00  3.127333e+00  0.000000e+00
     vertex -6.816401e+00  3.315582e+00  7.000000e+00
     vertex -6.816401e+00  3.315582e+00  0.000000e+00
   endloop
 endfacet
 facet normal -9.051772e-01  4.250344e-01  0.000000e+00
   outer loop
     vertex -6.904795e+00  3.127333e+00  0.000000e+00
     vertex -6.904795e+00  3.127333e+00  7.000000e+00
     vertex -6.816401e+00  3.315582e+00  7.000000e+00
   endloop
 endfacet
 facet normal -9.164969e-01  4.000417e-01  0.000000e+00
   outer loop
     vertex -6.987991e+00  2.936729e+00  0.000000e+00
     vertex -6.987991e+00  2.936729e+00  7.000000e+00
     vertex -6.904795e+00  3.127333e+00  7.000000e+00
   endloop
 endfacet
 facet normal -9.164969e-01  4.000417e-01  0.000000e+00
   outer loop
     vertex -6.987991e+00  2.936729e+00  0.000000e+00
     vertex -6.904795e+00  3.127333e+00  7.000000e+00
     vertex -6.904795e+00  3.127333e+00  0.000000e+00
   endloop
 endfacet
 facet normal -9.271267e-01  3.747479e-01  0.000000e+00
   outer loop
     vertex -7.065928e+00  2.743915e+00  0.000000e+00
     vertex -7.065928e+00  2.743915e+00  7.000000e+00
     vertex -6.987991e+00  2.936729e+00  7.000000e+00
   endloop
 endfacet
 facet normal -9.271267e-01  3.747479e-01  0.000000e+00
   outer loop
     vertex -7.065928e+00  2.743915e+00  0.000000e+00
     vertex -6.987991e+00  2.936729e+00  7.000000e+00
     vertex -6.987991e+00  2.936729e+00  0.000000e+00
   endloop
 endfacet
 facet normal -9.370586e-01  3.491720e-01  0.000000e+00
   outer loop
     vertex -7.138545e+00  2.549035e+00  0.000000e+00
     vertex -7.138545e+00  2.549035e+00  7.000000e+00
     vertex -7.065928e+00  2.743915e+00  7.000000e+00
   endloop
 endfacet
 facet normal -9.370586e-01  3.491720e-01  0.000000e+00
   outer loop
     vertex -7.138545e+00  2.549035e+00  0.000000e+00
     vertex -7.065928e+00  2.743915e+00  7.000000e+00
     vertex -7.065928e+00  2.743915e+00  0.000000e+00
   endloop
 endfacet
 facet normal -9.462851e-01  3.233333e-01  0.000000e+00
   outer loop
     vertex -7.205788e+00  2.352236e+00  0.000000e+00
     vertex -7.205788e+00  2.352236e+00  7.000000e+00
     vertex -7.138545e+00  2.549035e+00  7.000000e+00
   endloop
 endfacet
 facet normal -9.462851e-01  3.233333e-01  0.000000e+00
   outer loop
     vertex -7.205788e+00  2.352236e+00  0.000000e+00
     vertex -7.138545e+00  2.549035e+00  7.000000e+00
     vertex -7.138545e+00  2.549035e+00  0.000000e+00
   endloop
 endfacet
 facet normal -9.547993e-01  2.972512e-01  0.000000e+00
   outer loop
     vertex -7.267607e+00  2.153667e+00  0.000000e+00
     vertex -7.267607e+00  2.153667e+00  7.000000e+00
     vertex -7.205788e+00  2.352236e+00  7.000000e+00
   endloop
 endfacet
 facet normal -9.547993e-01  2.972512e-01  0.000000e+00
   outer loop
     vertex -7.267607e+00  2.153667e+00  0.000000e+00
     vertex -7.205788e+00  2.352236e+00  7.000000e+00
     vertex -7.205788e+00  2.352236e+00  0.000000e+00
   endloop
 endfacet
 facet normal -9.625948e-01  2.709453e-01  0.000000e+00
   outer loop
     vertex -7.323956e+00  1.953477e+00  0.000000e+00
     vertex -7.323956e+00  1.953477e+00  7.000000e+00
     vertex -7.267607e+00  2.153667e+00  7.000000e+00
   endloop
 endfacet
 facet normal -9.625948e-01  2.709453e-01  0.000000e+00
   outer loop
     vertex -7.323956e+00  1.953477e+00  0.000000e+00
     vertex -7.267607e+00  2.153667e+00  7.000000e+00
     vertex -7.267607e+00  2.153667e+00  0.000000e+00
   endloop
 endfacet
 facet normal -9.696656e-01  2.444354e-01  0.000000e+00
   outer loop
     vertex -7.374791e+00  1.751816e+00  0.000000e+00
     vertex -7.374791e+00  1.751816e+00  7.000000e+00
     vertex -7.323956e+00  1.953477e+00  7.000000e+00
   endloop
 endfacet
 facet normal -9.760065e-01  2.177416e-01  0.000000e+00
   outer loop
     vertex -7.374791e+00  1.751816e+00  0.000000e+00
     vertex -7.420075e+00  1.548836e+00  7.000000e+00
     vertex -7.374791e+00  1.751816e+00  7.000000e+00
   endloop
 endfacet
 facet normal -9.696656e-01  2.444354e-01  0.000000e+00
   outer loop
     vertex -7.374791e+00  1.751816e+00  0.000000e+00
     vertex -7.323956e+00  1.953477e+00  7.000000e+00
     vertex -7.323956e+00  1.953477e+00  0.000000e+00
   endloop
 endfacet
 facet normal -9.760065e-01  2.177416e-01  0.000000e+00
   outer loop
     vertex -7.420075e+00  1.548836e+00  0.000000e+00
     vertex -7.420075e+00  1.548836e+00  7.000000e+00
     vertex -7.374791e+00  1.751816e+00  0.000000e+00
   endloop
 endfacet
 facet normal -9.816126e-01  1.908838e-01  0.000000e+00
   outer loop
     vertex -7.459773e+00  1.344690e+00  0.000000e+00
     vertex -7.459773e+00  1.344690e+00  7.000000e+00
     vertex -7.420075e+00  1.548836e+00  7.000000e+00
   endloop
 endfacet
 facet normal -9.816126e-01  1.908838e-01  0.000000e+00
   outer loop
     vertex -7.459773e+00  1.344690e+00  0.000000e+00
     vertex -7.420075e+00  1.548836e+00  7.000000e+00
     vertex -7.420075e+00  1.548836e+00  0.000000e+00
   endloop
 endfacet
 facet normal -9.864799e-01  1.638824e-01  0.000000e+00
   outer loop
     vertex -7.493855e+00  1.139532e+00  0.000000e+00
     vertex -7.493855e+00  1.139532e+00  7.000000e+00
     vertex -7.459773e+00  1.344690e+00  7.000000e+00
   endloop
 endfacet
 facet normal -9.864799e-01  1.638824e-01  0.000000e+00
   outer loop
     vertex -7.493855e+00  1.139532e+00  0.000000e+00
     vertex -7.459773e+00  1.344690e+00  7.000000e+00
     vertex -7.459773e+00  1.344690e+00  0.000000e+00
   endloop
 endfacet
 facet normal -9.906046e-01  1.367575e-01  0.000000e+00
   outer loop
     vertex -7.522297e+00  9.335167e-01  0.000000e+00
     vertex -7.522297e+00  9.335167e-01  7.000000e+00
     vertex -7.493855e+00  1.139532e+00  7.000000e+00
   endloop
 endfacet
 facet normal -9.906046e-01  1.367575e-01  0.000000e+00
   outer loop
     vertex -7.522297e+00  9.335167e-01  0.000000e+00
     vertex -7.493855e+00  1.139532e+00  7.000000e+00
     vertex -7.493855e+00  1.139532e+00  0.000000e+00
   endloop
 endfacet
 facet normal -9.939835e-01  1.095298e-01  0.000000e+00
   outer loop
     vertex -7.545075e+00  7.267983e-01  0.000000e+00
     vertex -7.522297e+00  9.335167e-01  7.000000e+00
     vertex -7.522297e+00  9.335167e-01  0.000000e+00
   endloop
 endfacet
 facet normal -9.939835e-01  1.095298e-01  0.000000e+00
   outer loop
     vertex -7.545075e+00  7.267983e-01  0.000000e+00
     vertex -7.545075e+00  7.267983e-01  7.000000e+00
     vertex -7.522297e+00  9.335167e-01  7.000000e+00
   endloop
 endfacet
 facet normal -9.966142e-01  8.221955e-02  0.000000e+00
   outer loop
     vertex -7.562175e+00  5.195328e-01  0.000000e+00
     vertex -7.545075e+00  7.267983e-01  7.000000e+00
     vertex -7.545075e+00  7.267983e-01  0.000000e+00
   endloop
 endfacet
 facet normal -9.966142e-01  8.221955e-02  0.000000e+00
   outer loop
     vertex -7.562175e+00  5.195328e-01  0.000000e+00
     vertex -7.562175e+00  5.195328e-01  7.000000e+00
     vertex -7.545075e+00  7.267983e-01  7.000000e+00
   endloop
 endfacet
 facet normal -9.984947e-01  5.484744e-02  0.000000e+00
   outer loop
     vertex -7.562175e+00  5.195328e-01  0.000000e+00
     vertex -7.573581e+00  3.118762e-01  7.000000e+00
     vertex -7.562175e+00  5.195328e-01  7.000000e+00
   endloop
 endfacet
 facet normal -9.984947e-01  5.484744e-02  0.000000e+00
   outer loop
     vertex -7.573581e+00  3.118762e-01  0.000000e+00
     vertex -7.573581e+00  3.118762e-01  7.000000e+00
     vertex -7.562175e+00  5.195328e-01  0.000000e+00
   endloop
 endfacet
 facet normal -9.996236e-01  2.743405e-02  0.000000e+00
   outer loop
     vertex -7.579287e+00  1.039848e-01  0.000000e+00
     vertex -7.579287e+00  1.039848e-01  7.000000e+00
     vertex -7.573581e+00  3.118762e-01  7.000000e+00
   endloop
 endfacet
 facet normal -9.996236e-01  2.743405e-02  0.000000e+00
   outer loop
     vertex -7.579287e+00  1.039848e-01  0.000000e+00
     vertex -7.573581e+00  3.118762e-01  7.000000e+00
     vertex -7.573581e+00  3.118762e-01  0.000000e+00
   endloop
 endfacet
 facet normal -1.000000e+00 -4.270712e-15  0.000000e+00
   outer loop
     vertex -7.579287e+00 -1.039848e-01  0.000000e+00
     vertex -7.579287e+00 -1.039848e-01  7.000000e+00
     vertex -7.579287e+00  1.039848e-01  7.000000e+00
   endloop
 endfacet
 facet normal -1.000000e+00 -4.270712e-15  0.000000e+00
   outer loop
     vertex -7.579287e+00 -1.039848e-01  0.000000e+00
     vertex -7.579287e+00  1.039848e-01  7.000000e+00
     vertex -7.579287e+00  1.039848e-01  0.000000e+00
   endloop
 endfacet
 facet normal -9.996236e-01 -2.743405e-02  0.000000e+00
   outer loop
     vertex -7.573581e+00 -3.118762e-01  0.000000e+00
     vertex -7.573581e+00 -3.118762e-01  7.000000e+00
     vertex -7.579287e+00 -1.039848e-01  7.000000e+00
   endloop
 endfacet
 facet normal -9.996236e-01 -2.743405e-02  0.000000e+00
   outer loop
     vertex -7.573581e+00 -3.118762e-01  0.000000e+00
     vertex -7.579287e+00 -1.039848e-01  7.000000e+00
     vertex -7.579287e+00 -1.039848e-01  0.000000e+00
   endloop
 endfacet
 facet normal -9.984947e-01 -5.484744e-02  0.000000e+00
   outer loop
     vertex -7.562175e+00 -5.195328e-01  0.000000e+00
     vertex -7.562175e+00 -5.195328e-01  7.000000e+00
     vertex -7.573581e+00 -3.118762e-01  7.000000e+00
   endloop
 endfacet
 facet normal -9.984947e-01 -5.484744e-02  0.000000e+00
   outer loop
     vertex -7.562175e+00 -5.195328e-01  0.000000e+00
     vertex -7.573581e+00 -3.118762e-01  7.000000e+00
     vertex -7.573581e+00 -3.118762e-01  0.000000e+00
   endloop
 endfacet
 facet normal -9.966142e-01 -8.221955e-02  0.000000e+00
   outer loop
     vertex -7.545075e+00 -7.267983e-01  0.000000e+00
     vertex -7.545075e+00 -7.267983e-01  7.000000e+00
     vertex -7.562175e+00 -5.195328e-01  7.000000e+00
   endloop
 endfacet
 facet normal -9.966142e-01 -8.221955e-02  0.000000e+00
   outer loop
     vertex -7.545075e+00 -7.267983e-01  0.000000e+00
     vertex -7.562175e+00 -5.195328e-01  7.000000e+00
     vertex -7.562175e+00 -5.195328e-01  0.000000e+00
   endloop
 endfacet
 facet normal -9.939835e-01 -1.095298e-01  0.000000e+00
   outer loop
     vertex -7.522297e+00 -9.335167e-01  0.000000e+00
     vertex -7.522297e+00 -9.335167e-01  7.000000e+00
     vertex -7.545075e+00 -7.267983e-01  7.000000e+00
   endloop
 endfacet
 facet normal -9.906046e-01 -1.367575e-01  0.000000e+00
   outer loop
     vertex -7.522297e+00 -9.335167e-01  0.000000e+00
     vertex -7.493855e+00 -1.139532e+00  7.000000e+00
     vertex -7.522297e+00 -9.335167e-01  7.000000e+00
   endloop
 endfacet
 facet normal -9.939835e-01 -1.095298e-01  0.000000e+00
   outer loop
     vertex -7.522297e+00 -9.335167e-01  0.000000e+00
     vertex -7.545075e+00 -7.267983e-01  7.000000e+00
     vertex -7.545075e+00 -7.267983e-01  0.000000e+00
   endloop
 endfacet
 facet normal -9.906046e-01 -1.367575e-01  0.000000e+00
   outer loop
     vertex -7.493855e+00 -1.139532e+00  0.000000e+00
     vertex -7.493855e+00 -1.139532e+00  7.000000e+00
     vertex -7.522297e+00 -9.335167e-01  0.000000e+00
   endloop
 endfacet
 facet normal -9.864799e-01 -1.638824e-01  0.000000e+00
   outer loop
     vertex -7.459773e+00 -1.344690e+00  0.000000e+00
     vertex -7.459773e+00 -1.344690e+00  7.000000e+00
     vertex -7.493855e+00 -1.139532e+00  7.000000e+00
   endloop
 endfacet
 facet normal -9.864799e-01 -1.638824e-01  0.000000e+00
   outer loop
     vertex -7.459773e+00 -1.344690e+00  0.000000e+00
     vertex -7.493855e+00 -1.139532e+00  7.000000e+00
     vertex -7.493855e+00 -1.139532e+00  0.000000e+00
   endloop
 endfacet
 facet normal -9.816126e-01 -1.908838e-01  0.000000e+00
   outer loop
     vertex -7.420075e+00 -1.548836e+00  0.000000e+00
     vertex -7.420075e+00 -1.548836e+00  7.000000e+00
     vertex -7.459773e+00 -1.344690e+00  7.000000e+00
   endloop
 endfacet
 facet normal -9.816126e-01 -1.908838e-01  0.000000e+00
   outer loop
     vertex -7.420075e+00 -1.548836e+00  0.000000e+00
     vertex -7.459773e+00 -1.344690e+00  7.000000e+00
     vertex -7.459773e+00 -1.344690e+00  0.000000e+00
   endloop
 endfacet
 facet normal -9.760065e-01 -2.177416e-01  0.000000e+00
   outer loop
     vertex -7.374791e+00 -1.751816e+00  0.000000e+00
     vertex -7.374791e+00 -1.751816e+00  7.000000e+00
     vertex -7.420075e+00 -1.548836e+00  7.000000e+00
   endloop
 endfacet
 facet normal -9.696656e-01 -2.444354e-01  0.000000e+00
   outer loop
     vertex -7.374791e+00 -1.751816e+00  0.000000e+00
     vertex -7.323956e+00 -1.953477e+00  7.000000e+00
     vertex -7.374791e+00 -1.751816e+00  7.000000e+00
   endloop
 endfacet
 facet normal -9.760065e-01 -2.177416e-01  0.000000e+00
   outer loop
     vertex -7.374791e+00 -1.751816e+00  0.000000e+00
     vertex -7.420075e+00 -1.548836e+00  7.000000e+00
     vertex -7.420075e+00 -1.548836e+00  0.000000e+00
   endloop
 endfacet
 facet normal -9.696656e-01 -2.444354e-01  0.000000e+00
   outer loop
     vertex -7.323956e+00 -1.953477e+00  0.000000e+00
     vertex -7.323956e+00 -1.953477e+00  7.000000e+00
     vertex -7.374791e+00 -1.751816e+00  0.000000e+00
   endloop
 endfacet
 facet normal -9.625948e-01 -2.709453e-01  0.000000e+00
   outer loop
     vertex -7.267607e+00 -2.153667e+00  0.000000e+00
     vertex -7.267607e+00 -2.153667e+00  7.000000e+00
     vertex -7.323956e+00 -1.953477e+00  7.000000e+00
   endloop
 endfacet
 facet normal -9.625948e-01 -2.709453e-01  0.000000e+00
   outer loop
     vertex -7.267607e+00 -2.153667e+00  0.000000e+00
     vertex -7.323956e+00 -1.953477e+00  7.000000e+00
     vertex -7.323956e+00 -1.953477e+00  0.000000e+00
   endloop
 endfacet
 facet normal -9.547993e-01 -2.972512e-01  0.000000e+00
   outer loop
     vertex -7.205788e+00 -2.352236e+00  0.000000e+00
     vertex -7.205788e+00 -2.352236e+00  7.000000e+00
     vertex -7.267607e+00 -2.153667e+00  7.000000e+00
   endloop
 endfacet
 facet normal -9.547993e-01 -2.972512e-01  0.000000e+00
   outer loop
     vertex -7.205788e+00 -2.352236e+00  0.000000e+00
     vertex -7.267607e+00 -2.153667e+00  7.000000e+00
     vertex -7.267607e+00 -2.153667e+00  0.000000e+00
   endloop
 endfacet
 facet normal -9.462851e-01 -3.233333e-01  0.000000e+00
   outer loop
     vertex -7.138545e+00 -2.549035e+00  0.000000e+00
     vertex -7.138545e+00 -2.549035e+00  7.000000e+00
     vertex -7.205788e+00 -2.352236e+00  7.000000e+00
   endloop
 endfacet
 facet normal -9.462851e-01 -3.233333e-01  0.000000e+00
   outer loop
     vertex -7.138545e+00 -2.549035e+00  0.000000e+00
     vertex -7.205788e+00 -2.352236e+00  7.000000e+00
     vertex -7.205788e+00 -2.352236e+00  0.000000e+00
   endloop
 endfacet
 facet normal -9.370586e-01 -3.491720e-01  0.000000e+00
   outer loop
     vertex -7.065928e+00 -2.743915e+00  0.000000e+00
     vertex -7.065928e+00 -2.743915e+00  7.000000e+00
     vertex -7.138545e+00 -2.549035e+00  7.000000e+00
   endloop
 endfacet
 facet normal -9.370586e-01 -3.491720e-01  0.000000e+00
   outer loop
     vertex -7.065928e+00 -2.743915e+00  0.000000e+00
     vertex -7.138545e+00 -2.549035e+00  7.000000e+00
     vertex -7.138545e+00 -2.549035e+00  0.000000e+00
   endloop
 endfacet
 facet normal -9.271267e-01 -3.747479e-01  0.000000e+00
   outer loop
     vertex -6.987991e+00 -2.936729e+00  0.000000e+00
     vertex -6.987991e+00 -2.936729e+00  7.000000e+00
     vertex -7.065928e+00 -2.743915e+00  7.000000e+00
   endloop
 endfacet
 facet normal -9.271267e-01 -3.747479e-01  0.000000e+00
   outer loop
     vertex -6.987991e+00 -2.936729e+00  0.000000e+00
     vertex -7.065928e+00 -2.743915e+00  7.000000e+00
     vertex -7.065928e+00 -2.743915e+00  0.000000e+00
   endloop
 endfacet
 facet normal -9.164969e-01 -4.000417e-01  0.000000e+00
   outer loop
     vertex -6.904795e+00 -3.127333e+00  0.000000e+00
     vertex -6.904795e+00 -3.127333e+00  7.000000e+00
     vertex -6.987991e+00 -2.936729e+00  7.000000e+00
   endloop
 endfacet
 facet normal -9.164969e-01 -4.000417e-01  0.000000e+00
   outer loop
     vertex -6.904795e+00 -3.127333e+00  0.000000e+00
     vertex -6.987991e+00 -2.936729e+00  7.000000e+00
     vertex -6.987991e+00 -2.936729e+00  0.000000e+00
   endloop
 endfacet
 facet normal -9.051772e-01 -4.250344e-01  0.000000e+00
   outer loop
     vertex -6.816401e+00 -3.315582e+00  0.000000e+00
     vertex -6.816401e+00 -3.315582e+00  7.000000e+00
     vertex -6.904795e+00 -3.127333e+00  7.000000e+00
   endloop
 endfacet
 facet normal -9.051772e-01 -4.250344e-01  0.000000e+00
   outer loop
     vertex -6.816401e+00 -3.315582e+00  0.000000e+00
     vertex -6.904795e+00 -3.127333e+00  7.000000e+00
     vertex -6.904795e+00 -3.127333e+00  0.000000e+00
   endloop
 endfacet
 facet normal -8.931761e-01 -4.497071e-01  0.000000e+00
   outer loop
     vertex -6.722875e+00 -3.501336e+00  0.000000e+00
     vertex -6.722875e+00 -3.501336e+00  7.000000e+00
     vertex -6.816401e+00 -3.315582e+00  7.000000e+00
   endloop
 endfacet
 facet normal -8.931761e-01 -4.497071e-01  0.000000e+00
   outer loop
     vertex -6.722875e+00 -3.501336e+00  0.000000e+00
     vertex -6.816401e+00 -3.315582e+00  7.000000e+00
     vertex -6.816401e+00 -3.315582e+00  0.000000e+00
   endloop
 endfacet
 facet normal -8.805026e-01 -4.740412e-01  0.000000e+00
   outer loop
     vertex -6.624289e+00 -3.684453e+00  0.000000e+00
     vertex -6.624289e+00 -3.684453e+00  7.000000e+00
     vertex -6.722875e+00 -3.501336e+00  7.000000e+00
   endloop
 endfacet
 facet normal -8.805026e-01 -4.740412e-01  0.000000e+00
   outer loop
     vertex -6.624289e+00 -3.684453e+00  0.000000e+00
     vertex -6.722875e+00 -3.501336e+00  7.000000e+00
     vertex -6.722875e+00 -3.501336e+00  0.000000e+00
   endloop
 endfacet
 facet normal -8.671664e-01 -4.980186e-01  0.000000e+00
   outer loop
     vertex -6.520716e+00 -3.864798e+00  0.000000e+00
     vertex -6.520716e+00 -3.864798e+00  7.000000e+00
     vertex -6.624289e+00 -3.684453e+00  7.000000e+00
   endloop
 endfacet
 facet normal -8.671664e-01 -4.980186e-01  0.000000e+00
   outer loop
     vertex -6.520716e+00 -3.864798e+00  0.000000e+00
     vertex -6.624289e+00 -3.684453e+00  7.000000e+00
     vertex -6.624289e+00 -3.684453e+00  0.000000e+00
   endloop
 endfacet
 facet normal -8.531773e-01 -5.216210e-01  0.000000e+00
   outer loop
     vertex -6.412235e+00 -4.042233e+00  0.000000e+00
     vertex -6.412235e+00 -4.042233e+00  7.000000e+00
     vertex -6.520716e+00 -3.864798e+00  7.000000e+00
   endloop
 endfacet
 facet normal -8.531773e-01 -5.216210e-01  0.000000e+00
   outer loop
     vertex -6.412235e+00 -4.042233e+00  0.000000e+00
     vertex -6.520716e+00 -3.864798e+00  7.000000e+00
     vertex -6.520716e+00 -3.864798e+00  0.000000e+00
   endloop
 endfacet
 facet normal -8.385460e-01 -5.448308e-01  0.000000e+00
   outer loop
     vertex -6.298927e+00 -4.216625e+00  0.000000e+00
     vertex -6.298927e+00 -4.216625e+00  7.000000e+00
     vertex -6.412235e+00 -4.042233e+00  7.000000e+00
   endloop
 endfacet
 facet normal -8.385460e-01 -5.448308e-01  0.000000e+00
   outer loop
     vertex -6.298927e+00 -4.216625e+00  0.000000e+00
     vertex -6.412235e+00 -4.042233e+00  7.000000e+00
     vertex -6.412235e+00 -4.042233e+00  0.000000e+00
   endloop
 endfacet
 facet normal -8.232835e-01 -5.676304e-01  0.000000e+00
   outer loop
     vertex -6.180877e+00 -4.387843e+00  0.000000e+00
     vertex -6.298927e+00 -4.216625e+00  7.000000e+00
     vertex -6.298927e+00 -4.216625e+00  0.000000e+00
   endloop
 endfacet
 facet normal -8.232835e-01 -5.676304e-01  0.000000e+00
   outer loop
     vertex -6.180877e+00 -4.387843e+00  0.000000e+00
     vertex -6.180877e+00 -4.387843e+00  7.000000e+00
     vertex -6.298927e+00 -4.216625e+00  7.000000e+00
   endloop
 endfacet
 facet normal -8.074012e-01 -5.900028e-01  0.000000e+00
   outer loop
     vertex -6.058174e+00 -4.555758e+00  0.000000e+00
     vertex -6.180877e+00 -4.387843e+00  7.000000e+00
     vertex -6.180877e+00 -4.387843e+00  0.000000e+00
   endloop
 endfacet
 facet normal -8.074012e-01 -5.900028e-01  0.000000e+00
   outer loop
     vertex -6.058174e+00 -4.555758e+00  0.000000e+00
     vertex -6.058174e+00 -4.555758e+00  7.000000e+00
     vertex -6.180877e+00 -4.387843e+00  7.000000e+00
   endloop
 endfacet
 facet normal -7.909112e-01 -6.119310e-01  0.000000e+00
   outer loop
     vertex -5.930911e+00 -4.720243e+00  0.000000e+00
     vertex -6.058174e+00 -4.555758e+00  7.000000e+00
     vertex -6.058174e+00 -4.555758e+00  0.000000e+00
   endloop
 endfacet
 facet normal -7.909112e-01 -6.119310e-01  0.000000e+00
   outer loop
     vertex -5.930911e+00 -4.720243e+00  0.000000e+00
     vertex -5.930911e+00 -4.720243e+00  7.000000e+00
     vertex -6.058174e+00 -4.555758e+00  7.000000e+00
   endloop
 endfacet
 facet normal -7.738257e-01 -6.333986e-01  0.000000e+00
   outer loop
     vertex -5.799183e+00 -4.881175e+00  0.000000e+00
     vertex -5.930911e+00 -4.720243e+00  7.000000e+00
     vertex -5.930911e+00 -4.720243e+00  0.000000e+00
   endloop
 endfacet
 facet normal -7.738257e-01 -6.333986e-01  0.000000e+00
   outer loop
     vertex -5.799183e+00 -4.881175e+00  0.000000e+00
     vertex -5.799183e+00 -4.881175e+00  7.000000e+00
     vertex -5.930911e+00 -4.720243e+00  7.000000e+00
   endloop
 endfacet
 facet normal -7.561578e-01 -6.543893e-01  0.000000e+00
   outer loop
     vertex -5.663090e+00 -5.038433e+00  0.000000e+00
     vertex -5.799183e+00 -4.881175e+00  7.000000e+00
     vertex -5.799183e+00 -4.881175e+00  0.000000e+00
   endloop
 endfacet
 facet normal -7.561578e-01 -6.543893e-01  0.000000e+00
   outer loop
     vertex -5.663090e+00 -5.038433e+00  0.000000e+00
     vertex -5.663090e+00 -5.038433e+00  7.000000e+00
     vertex -5.799183e+00 -4.881175e+00  7.000000e+00
   endloop
 endfacet
 facet normal -7.379206e-01 -6.748875e-01  0.000000e+00
   outer loop
     vertex -5.522734e+00 -5.191898e+00  0.000000e+00
     vertex -5.663090e+00 -5.038433e+00  7.000000e+00
     vertex -5.663090e+00 -5.038433e+00  0.000000e+00
   endloop
 endfacet
 facet normal -7.379206e-01 -6.748875e-01  0.000000e+00
   outer loop
     vertex -5.522734e+00 -5.191898e+00  0.000000e+00
     vertex -5.522734e+00 -5.191898e+00  7.000000e+00
     vertex -5.663090e+00 -5.038433e+00  7.000000e+00
   endloop
 endfacet
 facet normal -7.191280e-01 -6.948776e-01  0.000000e+00
   outer loop
     vertex -5.378221e+00 -5.341455e+00  0.000000e+00
     vertex -5.522734e+00 -5.191898e+00  7.000000e+00
     vertex -5.522734e+00 -5.191898e+00  0.000000e+00
   endloop
 endfacet
 facet normal -7.191280e-01 -6.948776e-01  0.000000e+00
   outer loop
     vertex -5.378221e+00 -5.341455e+00  0.000000e+00
     vertex -5.378221e+00 -5.341455e+00  7.000000e+00
     vertex -5.522734e+00 -5.191898e+00  7.000000e+00
   endloop
 endfacet
 facet normal -6.997940e-01 -7.143447e-01  0.000000e+00
   outer loop
     vertex -5.229658e+00 -5.486991e+00  0.000000e+00
     vertex -5.378221e+00 -5.341455e+00  7.000000e+00
     vertex -5.378221e+00 -5.341455e+00  0.000000e+00
   endloop
 endfacet
 facet normal -6.997940e-01 -7.143447e-01  0.000000e+00
   outer loop
     vertex -5.229658e+00 -5.486991e+00  0.000000e+00
     vertex -5.229658e+00 -5.486991e+00  7.000000e+00
     vertex -5.378221e+00 -5.341455e+00  7.000000e+00
   endloop
 endfacet
 facet normal -6.799333e-01 -7.332740e-01  0.000000e+00
   outer loop
     vertex -5.077160e+00 -5.628397e+00  0.000000e+00
     vertex -5.229658e+00 -5.486991e+00  7.000000e+00
     vertex -5.229658e+00 -5.486991e+00  0.000000e+00
   endloop
 endfacet
 facet normal -6.799333e-01 -7.332740e-01  0.000000e+00
   outer loop
     vertex -5.077160e+00 -5.628397e+00  0.000000e+00
     vertex -5.077160e+00 -5.628397e+00  7.000000e+00
     vertex -5.229658e+00 -5.486991e+00  7.000000e+00
   endloop
 endfacet
 facet normal -6.595607e-01 -7.516513e-01  0.000000e+00
   outer loop
     vertex -4.920839e+00 -5.765565e+00  0.000000e+00
     vertex -5.077160e+00 -5.628397e+00  7.000000e+00
     vertex -5.077160e+00 -5.628397e+00  0.000000e+00
   endloop
 endfacet
 facet normal -6.595607e-01 -7.516513e-01  0.000000e+00
   outer loop
     vertex -4.920839e+00 -5.765565e+00  0.000000e+00
     vertex -4.920839e+00 -5.765565e+00  7.000000e+00
     vertex -5.077160e+00 -5.628397e+00  7.000000e+00
   endloop
 endfacet
 facet normal -6.386916e-01 -7.694628e-01  0.000000e+00
   outer loop
     vertex -4.760814e+00 -5.898394e+00  0.000000e+00
     vertex -4.920839e+00 -5.765565e+00  7.000000e+00
     vertex -4.920839e+00 -5.765565e+00  0.000000e+00
   endloop
 endfacet
 facet normal -6.386916e-01 -7.694628e-01  0.000000e+00
   outer loop
     vertex -4.760814e+00 -5.898394e+00  0.000000e+00
     vertex -4.760814e+00 -5.898394e+00  7.000000e+00
     vertex -4.920839e+00 -5.765565e+00  7.000000e+00
   endloop
 endfacet
 facet normal -6.173417e-01 -7.866951e-01  0.000000e+00
   outer loop
     vertex -4.597205e+00 -6.026782e+00  0.000000e+00
     vertex -4.597205e+00 -6.026782e+00  7.000000e+00
     vertex -4.760814e+00 -5.898394e+00  7.000000e+00
   endloop
 endfacet
 facet normal -6.173417e-01 -7.866951e-01  0.000000e+00
   outer loop
     vertex -4.597205e+00 -6.026782e+00  0.000000e+00
     vertex -4.760814e+00 -5.898394e+00  7.000000e+00
     vertex -4.760814e+00 -5.898394e+00  0.000000e+00
   endloop
 endfacet
 facet normal -5.955271e-01 -8.033352e-01  0.000000e+00
   outer loop
     vertex -4.430136e+00 -6.150634e+00  0.000000e+00
     vertex -4.430136e+00 -6.150634e+00  7.000000e+00
     vertex -4.597205e+00 -6.026782e+00  7.000000e+00
   endloop
 endfacet
 facet normal -5.955271e-01 -8.033352e-01  0.000000e+00
   outer loop
     vertex -4.430136e+00 -6.150634e+00  0.000000e+00
     vertex -4.597205e+00 -6.026782e+00  7.000000e+00
     vertex -4.597205e+00 -6.026782e+00  0.000000e+00
   endloop
 endfacet
 facet normal -5.732642e-01 -8.193706e-01  0.000000e+00
   outer loop
     vertex -4.259732e+00 -6.269855e+00  0.000000e+00
     vertex -4.259732e+00 -6.269855e+00  7.000000e+00
     vertex -4.430136e+00 -6.150634e+00  7.000000e+00
   endloop
 endfacet
 facet normal -5.732642e-01 -8.193706e-01  0.000000e+00
   outer loop
     vertex -4.259732e+00 -6.269855e+00  0.000000e+00
     vertex -4.430136e+00 -6.150634e+00  7.000000e+00
     vertex -4.430136e+00 -6.150634e+00  0.000000e+00
   endloop
 endfacet
 facet normal -5.505698e-01 -8.347891e-01  0.000000e+00
   outer loop
     vertex -4.086121e+00 -6.384357e+00  0.000000e+00
     vertex -4.086121e+00 -6.384357e+00  7.000000e+00
     vertex -4.259732e+00 -6.269855e+00  7.000000e+00
   endloop
 endfacet
 facet normal -5.274609e-01 -8.495793e-01  0.000000e+00
   outer loop
     vertex -4.086121e+00 -6.384357e+00  0.000000e+00
     vertex -3.909434e+00 -6.494053e+00  7.000000e+00
     vertex -4.086121e+00 -6.384357e+00  7.000000e+00
   endloop
 endfacet
 facet normal -5.505698e-01 -8.347891e-01  0.000000e+00
   outer loop
     vertex -4.086121e+00 -6.384357e+00  0.000000e+00
     vertex -4.259732e+00 -6.269855e+00  7.000000e+00
     vertex -4.259732e+00 -6.269855e+00  0.000000e+00
   endloop
 endfacet
 facet normal -5.274609e-01 -8.495793e-01  0.000000e+00
   outer loop
     vertex -3.909434e+00 -6.494053e+00  0.000000e+00
     vertex -3.909434e+00 -6.494053e+00  7.000000e+00
     vertex -4.086121e+00 -6.384357e+00  0.000000e+00
   endloop
 endfacet
 facet normal -5.039550e-01 -8.637299e-01  0.000000e+00
   outer loop
     vertex -3.729805e+00 -6.598860e+00  0.000000e+00
     vertex -3.729805e+00 -6.598860e+00  7.000000e+00
     vertex -3.909434e+00 -6.494053e+00  7.000000e+00
   endloop
 endfacet
 facet normal -5.039550e-01 -8.637299e-01  0.000000e+00
   outer loop
     vertex -3.729805e+00 -6.598860e+00  0.000000e+00
     vertex -3.909434e+00 -6.494053e+00  7.000000e+00
     vertex -3.909434e+00 -6.494053e+00  0.000000e+00
   endloop
 endfacet
 facet normal -4.800697e-01 -8.772303e-01  0.000000e+00
   outer loop
     vertex -3.547367e+00 -6.698700e+00  0.000000e+00
     vertex -3.547367e+00 -6.698700e+00  7.000000e+00
     vertex -3.729805e+00 -6.598860e+00  7.000000e+00
   endloop
 endfacet
 facet normal -4.800697e-01 -8.772303e-01  0.000000e+00
   outer loop
     vertex -3.547367e+00 -6.698700e+00  0.000000e+00
     vertex -3.729805e+00 -6.598860e+00  7.000000e+00
     vertex -3.729805e+00 -6.598860e+00  0.000000e+00
   endloop
 endfacet
 facet normal -4.558231e-01 -8.900704e-01  0.000000e+00
   outer loop
     vertex -3.362260e+00 -6.793498e+00  0.000000e+00
     vertex -3.362260e+00 -6.793498e+00  7.000000e+00
     vertex -3.547367e+00 -6.698700e+00  7.000000e+00
   endloop
 endfacet
 facet normal -4.558231e-01 -8.900704e-01  0.000000e+00
   outer loop
     vertex -3.362260e+00 -6.793498e+00  0.000000e+00
     vertex -3.547367e+00 -6.698700e+00  7.000000e+00
     vertex -3.547367e+00 -6.698700e+00  0.000000e+00
   endloop
 endfacet
 facet normal -4.312333e-01 -9.022405e-01  0.000000e+00
   outer loop
     vertex -3.174621e+00 -6.883181e+00  0.000000e+00
     vertex -3.174621e+00 -6.883181e+00  7.000000e+00
     vertex -3.362260e+00 -6.793498e+00  7.000000e+00
   endloop
 endfacet
 facet normal -4.312333e-01 -9.022405e-01  0.000000e+00
   outer loop
     vertex -3.174621e+00 -6.883181e+00  0.000000e+00
     vertex -3.362260e+00 -6.793498e+00  7.000000e+00
     vertex -3.362260e+00 -6.793498e+00  0.000000e+00
   endloop
 endfacet
 facet normal -4.063188e-01 -9.137314e-01  0.000000e+00
   outer loop
     vertex -2.984593e+00 -6.967683e+00  0.000000e+00
     vertex -2.984593e+00 -6.967683e+00  7.000000e+00
     vertex -3.174621e+00 -6.883181e+00  7.000000e+00
   endloop
 endfacet
 facet normal -4.063188e-01 -9.137314e-01  0.000000e+00
   outer loop
     vertex -2.984593e+00 -6.967683e+00  0.000000e+00
     vertex -3.174621e+00 -6.883181e+00  7.000000e+00
     vertex -3.174621e+00 -6.883181e+00  0.000000e+00
   endloop
 endfacet
 facet normal -3.810986e-01 -9.245344e-01  0.000000e+00
   outer loop
     vertex -2.792318e+00 -7.046940e+00  0.000000e+00
     vertex -2.792318e+00 -7.046940e+00  7.000000e+00
     vertex -2.984593e+00 -6.967683e+00  7.000000e+00
   endloop
 endfacet
 facet normal -3.810986e-01 -9.245344e-01  0.000000e+00
   outer loop
     vertex -2.792318e+00 -7.046940e+00  0.000000e+00
     vertex -2.984593e+00 -6.967683e+00  7.000000e+00
     vertex -2.984593e+00 -6.967683e+00  0.000000e+00
   endloop
 endfacet
 facet normal -3.555914e-01 -9.346415e-01  0.000000e+00
   outer loop
     vertex -2.597941e+00 -7.120892e+00  0.000000e+00
     vertex -2.597941e+00 -7.120892e+00  7.000000e+00
     vertex -2.792318e+00 -7.046940e+00  7.000000e+00
   endloop
 endfacet
 facet normal -3.555914e-01 -9.346415e-01  0.000000e+00
   outer loop
     vertex -2.597941e+00 -7.120892e+00  0.000000e+00
     vertex -2.792318e+00 -7.046940e+00  7.000000e+00
     vertex -2.792318e+00 -7.046940e+00  0.000000e+00
   endloop
 endfacet
 facet normal -3.298166e-01 -9.440450e-01  0.000000e+00
   outer loop
     vertex -2.401608e+00 -7.189484e+00  0.000000e+00
     vertex -2.401608e+00 -7.189484e+00  7.000000e+00
     vertex -2.597941e+00 -7.120892e+00  7.000000e+00
   endloop
 endfacet
 facet normal -3.037934e-01 -9.527379e-01  0.000000e+00
   outer loop
     vertex -2.401608e+00 -7.189484e+00  0.000000e+00
     vertex -2.203467e+00 -7.252664e+00  7.000000e+00
     vertex -2.401608e+00 -7.189484e+00  7.000000e+00
   endloop
 endfacet
 facet normal -3.298166e-01 -9.440450e-01  0.000000e+00
   outer loop
     vertex -2.401608e+00 -7.189484e+00  0.000000e+00
     vertex -2.597941e+00 -7.120892e+00  7.000000e+00
     vertex -2.597941e+00 -7.120892e+00  0.000000e+00
   endloop
 endfacet
 facet normal -3.037934e-01 -9.527379e-01  0.000000e+00
   outer loop
     vertex -2.203467e+00 -7.252664e+00  0.000000e+00
     vertex -2.203467e+00 -7.252664e+00  7.000000e+00
     vertex -2.401608e+00 -7.189484e+00  0.000000e+00
   endloop
 endfacet
 facet normal -2.775416e-01 -9.607136e-01  0.000000e+00
   outer loop
     vertex -2.003668e+00 -7.310384e+00  0.000000e+00
     vertex -2.203467e+00 -7.252664e+00  7.000000e+00
     vertex -2.203467e+00 -7.252664e+00  0.000000e+00
   endloop
 endfacet
 facet normal -2.775416e-01 -9.607136e-01  0.000000e+00
   outer loop
     vertex -2.003668e+00 -7.310384e+00  0.000000e+00
     vertex -2.003668e+00 -7.310384e+00  7.000000e+00
     vertex -2.203467e+00 -7.252664e+00  7.000000e+00
   endloop
 endfacet
 facet normal -2.510809e-01 -9.679661e-01  0.000000e+00
   outer loop
     vertex -1.802361e+00 -7.362601e+00  0.000000e+00
     vertex -2.003668e+00 -7.310384e+00  7.000000e+00
     vertex -2.003668e+00 -7.310384e+00  0.000000e+00
   endloop
 endfacet
 facet normal -2.510809e-01 -9.679661e-01  0.000000e+00
   outer loop
     vertex -1.802361e+00 -7.362601e+00  0.000000e+00
     vertex -1.802361e+00 -7.362601e+00  7.000000e+00
     vertex -2.003668e+00 -7.310384e+00  7.000000e+00
   endloop
 endfacet
 facet normal -2.244312e-01 -9.744899e-01  0.000000e+00
   outer loop
     vertex -1.599696e+00 -7.409276e+00  0.000000e+00
     vertex -1.802361e+00 -7.362601e+00  7.000000e+00
     vertex -1.802361e+00 -7.362601e+00  0.000000e+00
   endloop
 endfacet
 facet normal -2.244312e-01 -9.744899e-01  0.000000e+00
   outer loop
     vertex -1.599696e+00 -7.409276e+00  0.000000e+00
     vertex -1.599696e+00 -7.409276e+00  7.000000e+00
     vertex -1.802361e+00 -7.362601e+00  7.000000e+00
   endloop
 endfacet
 facet normal -1.976125e-01 -9.802802e-01  0.000000e+00
   outer loop
     vertex -1.599696e+00 -7.409276e+00  0.000000e+00
     vertex -1.395828e+00 -7.450373e+00  7.000000e+00
     vertex -1.599696e+00 -7.409276e+00  7.000000e+00
   endloop
 endfacet
 facet normal -1.976125e-01 -9.802802e-01  0.000000e+00
   outer loop
     vertex -1.395828e+00 -7.450373e+00  0.000000e+00
     vertex -1.395828e+00 -7.450373e+00  7.000000e+00
     vertex -1.599696e+00 -7.409276e+00  0.000000e+00
   endloop
 endfacet
 facet normal -1.706451e-01 -9.853326e-01  0.000000e+00
   outer loop
     vertex -1.190908e+00 -7.485862e+00  0.000000e+00
     vertex -1.395828e+00 -7.450373e+00  7.000000e+00
     vertex -1.395828e+00 -7.450373e+00  0.000000e+00
   endloop
 endfacet
 facet normal -1.706451e-01 -9.853326e-01  0.000000e+00
   outer loop
     vertex -1.190908e+00 -7.485862e+00  0.000000e+00
     vertex -1.190908e+00 -7.485862e+00  7.000000e+00
     vertex -1.395828e+00 -7.450373e+00  7.000000e+00
   endloop
 endfacet
 facet normal -1.435492e-01 -9.896432e-01  0.000000e+00
   outer loop
     vertex -9.850926e-01 -7.515716e+00  0.000000e+00
     vertex -1.190908e+00 -7.485862e+00  7.000000e+00
     vertex -1.190908e+00 -7.485862e+00  0.000000e+00
   endloop
 endfacet
 facet normal -1.435492e-01 -9.896432e-01  0.000000e+00
   outer loop
     vertex -9.850926e-01 -7.515716e+00  0.000000e+00
     vertex -9.850926e-01 -7.515716e+00  7.000000e+00
     vertex -1.190908e+00 -7.485862e+00  7.000000e+00
   endloop
 endfacet
 facet normal -1.163452e-01 -9.932088e-01  0.000000e+00
   outer loop
     vertex -9.850926e-01 -7.515716e+00  0.000000e+00
     vertex -7.785353e-01 -7.539913e+00  7.000000e+00
     vertex -9.850926e-01 -7.515716e+00  7.000000e+00
   endloop
 endfacet
 facet normal -1.163452e-01 -9.932088e-01  0.000000e+00
   outer loop
     vertex -7.785353e-01 -7.539913e+00  0.000000e+00
     vertex -7.785353e-01 -7.539913e+00  7.000000e+00
     vertex -9.850926e-01 -7.515716e+00  0.000000e+00
   endloop
 endfacet
 facet normal -8.905371e-02 -9.960268e-01  0.000000e+00
   outer loop
     vertex -5.713920e-01 -7.558433e+00  0.000000e+00
     vertex -7.785353e-01 -7.539913e+00  7.000000e+00
     vertex -7.785353e-01 -7.539913e+00  0.000000e+00
   endloop
 endfacet
 facet normal -8.905371e-02 -9.960268e-01  0.000000e+00
   outer loop
     vertex -5.713920e-01 -7.558433e+00  0.000000e+00
     vertex -5.713920e-01 -7.558433e+00  7.000000e+00
     vertex -7.785353e-01 -7.539913e+00  7.000000e+00
   endloop
 endfacet
 facet normal -6.169515e-02 -9.980950e-01  0.000000e+00
   outer loop
     vertex -5.713920e-01 -7.558433e+00  0.000000e+00
     vertex -3.638185e-01 -7.571264e+00  7.000000e+00
     vertex -5.713920e-01 -7.558433e+00  7.000000e+00
   endloop
 endfacet
 facet normal -6.169515e-02 -9.980950e-01  0.000000e+00
   outer loop
     vertex -3.638185e-01 -7.571264e+00  0.000000e+00
     vertex -3.638185e-01 -7.571264e+00  7.000000e+00
     vertex -5.713920e-01 -7.558433e+00  0.000000e+00
   endloop
 endfacet
 facet normal -3.429014e-02 -9.994119e-01  0.000000e+00
   outer loop
     vertex -1.559711e-01 -7.578395e+00  0.000000e+00
     vertex -3.638185e-01 -7.571264e+00  7.000000e+00
     vertex -3.638185e-01 -7.571264e+00  0.000000e+00
   endloop
 endfacet
 facet normal -3.429014e-02 -9.994119e-01  0.000000e+00
   outer loop
     vertex -1.559711e-01 -7.578395e+00  0.000000e+00
     vertex -1.559711e-01 -7.578395e+00  7.000000e+00
     vertex -3.638185e-01 -7.571264e+00  7.000000e+00
   endloop
 endfacet
 facet normal -6.859319e-03 -9.999765e-01  0.000000e+00
   outer loop
     vertex  5.199364e-02 -7.579822e+00  0.000000e+00
     vertex -1.559711e-01 -7.578395e+00  7.000000e+00
     vertex -1.559711e-01 -7.578395e+00  0.000000e+00
   endloop
 endfacet
 facet normal -6.859319e-03 -9.999765e-01  0.000000e+00
   outer loop
     vertex  5.199364e-02 -7.579822e+00  0.000000e+00
     vertex  5.199364e-02 -7.579822e+00  7.000000e+00
     vertex -1.559711e-01 -7.578395e+00  7.000000e+00
   endloop
 endfacet
 facet normal  2.057667e-02 -9.997883e-01  0.000000e+00
   outer loop
     vertex  5.199364e-02 -7.579822e+00  0.000000e+00
     vertex  2.599193e-01 -7.575542e+00  7.000000e+00
     vertex  5.199364e-02 -7.579822e+00  7.000000e+00
   endloop
 endfacet
 facet normal  2.057667e-02 -9.997883e-01  0.000000e+00
   outer loop
     vertex  2.599193e-01 -7.575542e+00  0.000000e+00
     vertex  2.599193e-01 -7.575542e+00  7.000000e+00
     vertex  5.199364e-02 -7.579822e+00  0.000000e+00
   endloop
 endfacet
 facet normal  4.799716e-02 -9.988475e-01  0.000000e+00
   outer loop
     vertex  2.599193e-01 -7.575542e+00  0.000000e+00
     vertex  4.676492e-01 -7.565560e+00  7.000000e+00
     vertex  2.599193e-01 -7.575542e+00  7.000000e+00
   endloop
 endfacet
 facet normal  4.799716e-02 -9.988475e-01  0.000000e+00
   outer loop
     vertex  4.676492e-01 -7.565560e+00  0.000000e+00
     vertex  4.676492e-01 -7.565560e+00  7.000000e+00
     vertex  2.599193e-01 -7.575542e+00  0.000000e+00
   endloop
 endfacet
 facet normal  7.538152e-02 -9.971548e-01  0.000000e+00
   outer loop
     vertex  6.750272e-01 -7.549883e+00  0.000000e+00
     vertex  4.676492e-01 -7.565560e+00  7.000000e+00
     vertex  4.676492e-01 -7.565560e+00  0.000000e+00
   endloop
 endfacet
 facet normal  7.538152e-02 -9.971548e-01  0.000000e+00
   outer loop
     vertex  6.750272e-01 -7.549883e+00  0.000000e+00
     vertex  6.750272e-01 -7.549883e+00  7.000000e+00
     vertex  4.676492e-01 -7.565560e+00  7.000000e+00
   endloop
 endfacet
 facet normal  1.027091e-01 -9.947114e-01  0.000000e+00
   outer loop
     vertex  8.818969e-01 -7.528523e+00  0.000000e+00
     vertex  6.750272e-01 -7.549883e+00  7.000000e+00
     vertex  6.750272e-01 -7.549883e+00  0.000000e+00
   endloop
 endfacet
 facet normal  1.027091e-01 -9.947114e-01  0.000000e+00
   outer loop
     vertex  8.818969e-01 -7.528523e+00  0.000000e+00
     vertex  8.818969e-01 -7.528523e+00  7.000000e+00
     vertex  6.750272e-01 -7.549883e+00  7.000000e+00
   endloop
 endfacet
 facet normal  1.299594e-01 -9.915193e-01  0.000000e+00
   outer loop
     vertex  8.818969e-01 -7.528523e+00  0.000000e+00
     vertex  1.088103e+00 -7.501495e+00  7.000000e+00
     vertex  8.818969e-01 -7.528523e+00  7.000000e+00
   endloop
 endfacet
 facet normal  1.299594e-01 -9.915193e-01  0.000000e+00
   outer loop
     vertex  1.088103e+00 -7.501495e+00  0.000000e+00
     vertex  1.088103e+00 -7.501495e+00  7.000000e+00
     vertex  8.818969e-01 -7.528523e+00  0.000000e+00
   endloop
 endfacet
 facet normal  1.571119e-01 -9.875808e-01  0.000000e+00
   outer loop
     vertex  1.293490e+00 -7.468821e+00  0.000000e+00
     vertex  1.088103e+00 -7.501495e+00  7.000000e+00
     vertex  1.088103e+00 -7.501495e+00  0.000000e+00
   endloop
 endfacet
 facet normal  1.571119e-01 -9.875808e-01  0.000000e+00
   outer loop
     vertex  1.293490e+00 -7.468821e+00  0.000000e+00
     vertex  1.293490e+00 -7.468821e+00  7.000000e+00
     vertex  1.088103e+00 -7.501495e+00  7.000000e+00
   endloop
 endfacet
 facet normal  1.841461e-01 -9.828989e-01  0.000000e+00
   outer loop
     vertex  1.497903e+00 -7.430524e+00  0.000000e+00
     vertex  1.293490e+00 -7.468821e+00  7.000000e+00
     vertex  1.293490e+00 -7.468821e+00  0.000000e+00
   endloop
 endfacet
 facet normal  1.841461e-01 -9.828989e-01  0.000000e+00
   outer loop
     vertex  1.497903e+00 -7.430524e+00  0.000000e+00
     vertex  1.497903e+00 -7.430524e+00  7.000000e+00
     vertex  1.293490e+00 -7.468821e+00  7.000000e+00
   endloop
 endfacet
 facet normal  2.110417e-01 -9.774771e-01  0.000000e+00
   outer loop
     vertex  1.701188e+00 -7.386634e+00  0.000000e+00
     vertex  1.497903e+00 -7.430524e+00  7.000000e+00
     vertex  1.497903e+00 -7.430524e+00  0.000000e+00
   endloop
 endfacet
 facet normal  2.110417e-01 -9.774771e-01  0.000000e+00
   outer loop
     vertex  1.701188e+00 -7.386634e+00  0.000000e+00
     vertex  1.701188e+00 -7.386634e+00  7.000000e+00
     vertex  1.497903e+00 -7.430524e+00  7.000000e+00
   endloop
 endfacet
 facet normal  2.377784e-01 -9.713194e-01  0.000000e+00
   outer loop
     vertex  1.903193e+00 -7.337183e+00  0.000000e+00
     vertex  1.701188e+00 -7.386634e+00  7.000000e+00
     vertex  1.701188e+00 -7.386634e+00  0.000000e+00
   endloop
 endfacet
 facet normal  2.377784e-01 -9.713194e-01  0.000000e+00
   outer loop
     vertex  1.903193e+00 -7.337183e+00  0.000000e+00
     vertex  1.903193e+00 -7.337183e+00  7.000000e+00
     vertex  1.701188e+00 -7.386634e+00  7.000000e+00
   endloop
 endfacet
 facet normal  2.643362e-01 -9.644306e-01  0.000000e+00
   outer loop
     vertex  2.103766e+00 -7.282209e+00  0.000000e+00
     vertex  2.103766e+00 -7.282209e+00  7.000000e+00
     vertex  1.903193e+00 -7.337183e+00  7.000000e+00
   endloop
 endfacet
 facet normal  2.643362e-01 -9.644306e-01  0.000000e+00
   outer loop
     vertex  2.103766e+00 -7.282209e+00  0.000000e+00
     vertex  1.903193e+00 -7.337183e+00  7.000000e+00
     vertex  1.903193e+00 -7.337183e+00  0.000000e+00
   endloop
 endfacet
 facet normal  2.906949e-01 -9.568158e-01  0.000000e+00
   outer loop
     vertex  2.302754e+00 -7.221753e+00  0.000000e+00
     vertex  2.302754e+00 -7.221753e+00  7.000000e+00
     vertex  2.103766e+00 -7.282209e+00  7.000000e+00
   endloop
 endfacet
 facet normal  3.168348e-01 -9.484807e-01  0.000000e+00
   outer loop
     vertex  2.302754e+00 -7.221753e+00  0.000000e+00
     vertex  2.500010e+00 -7.155861e+00  7.000000e+00
     vertex  2.302754e+00 -7.221753e+00  7.000000e+00
   endloop
 endfacet
 facet normal  2.906949e-01 -9.568158e-01  0.000000e+00
   outer loop
     vertex  2.302754e+00 -7.221753e+00  0.000000e+00
     vertex  2.103766e+00 -7.282209e+00  7.000000e+00
     vertex  2.103766e+00 -7.282209e+00  0.000000e+00
   endloop
 endfacet
 facet normal  3.427362e-01 -9.394317e-01  0.000000e+00
   outer loop
     vertex  2.500010e+00 -7.155861e+00  0.000000e+00
     vertex  2.695383e+00 -7.084583e+00  7.000000e+00
     vertex  2.500010e+00 -7.155861e+00  7.000000e+00
   endloop
 endfacet
 facet normal  3.168348e-01 -9.484807e-01  0.000000e+00
   outer loop
     vertex  2.500010e+00 -7.155861e+00  0.000000e+00
     vertex  2.500010e+00 -7.155861e+00  7.000000e+00
     vertex  2.302754e+00 -7.221753e+00  0.000000e+00
   endloop
 endfacet
 facet normal  3.427362e-01 -9.394317e-01  0.000000e+00
   outer loop
     vertex  2.695383e+00 -7.084583e+00  0.000000e+00
     vertex  2.695383e+00 -7.084583e+00  7.000000e+00
     vertex  2.500010e+00 -7.155861e+00  0.000000e+00
   endloop
 endfacet
 facet normal  3.683796e-01 -9.296754e-01  0.000000e+00
   outer loop
     vertex  2.888727e+00 -7.007971e+00  0.000000e+00
     vertex  2.888727e+00 -7.007971e+00  7.000000e+00
     vertex  2.695383e+00 -7.084583e+00  7.000000e+00
   endloop
 endfacet
 facet normal  3.937458e-01 -9.192194e-01  0.000000e+00
   outer loop
     vertex  2.888727e+00 -7.007971e+00  0.000000e+00
     vertex  3.079897e+00 -6.926084e+00  7.000000e+00
     vertex  2.888727e+00 -7.007971e+00  7.000000e+00
   endloop
 endfacet
 facet normal  3.683796e-01 -9.296754e-01  0.000000e+00
   outer loop
     vertex  2.888727e+00 -7.007971e+00  0.000000e+00
     vertex  2.695383e+00 -7.084583e+00  7.000000e+00
     vertex  2.695383e+00 -7.084583e+00  0.000000e+00
   endloop
 endfacet
 facet normal  3.937458e-01 -9.192194e-01  0.000000e+00
   outer loop
     vertex  3.079897e+00 -6.926084e+00  0.000000e+00
     vertex  3.079897e+00 -6.926084e+00  7.000000e+00
     vertex  2.888727e+00 -7.007971e+00  0.000000e+00
   endloop
 endfacet
 facet normal  4.188155e-01 -9.080714e-01  0.000000e+00
   outer loop
     vertex  3.268748e+00 -6.838983e+00  0.000000e+00
     vertex  3.079897e+00 -6.926084e+00  7.000000e+00
     vertex  3.079897e+00 -6.926084e+00  0.000000e+00
   endloop
 endfacet
 facet normal  4.188155e-01 -9.080714e-01  0.000000e+00
   outer loop
     vertex  3.268748e+00 -6.838983e+00  0.000000e+00
     vertex  3.268748e+00 -6.838983e+00  7.000000e+00
     vertex  3.079897e+00 -6.926084e+00  7.000000e+00
   endloop
 endfacet
 facet normal  4.435699e-01 -8.962398e-01  0.000000e+00
   outer loop
     vertex  3.455139e+00 -6.746734e+00  0.000000e+00
     vertex  3.268748e+00 -6.838983e+00  7.000000e+00
     vertex  3.268748e+00 -6.838983e+00  0.000000e+00
   endloop
 endfacet
 facet normal  4.435699e-01 -8.962398e-01  0.000000e+00
   outer loop
     vertex  3.455139e+00 -6.746734e+00  0.000000e+00
     vertex  3.455139e+00 -6.746734e+00  7.000000e+00
     vertex  3.268748e+00 -6.838983e+00  7.000000e+00
   endloop
 endfacet
 facet normal  4.679904e-01 -8.837335e-01  0.000000e+00
   outer loop
     vertex  3.455139e+00 -6.746734e+00  0.000000e+00
     vertex  3.638929e+00 -6.649406e+00  7.000000e+00
     vertex  3.455139e+00 -6.746734e+00  7.000000e+00
   endloop
 endfacet
 facet normal  4.679904e-01 -8.837335e-01  0.000000e+00
   outer loop
     vertex  3.638929e+00 -6.649406e+00  0.000000e+00
     vertex  3.638929e+00 -6.649406e+00  7.000000e+00
     vertex  3.455139e+00 -6.746734e+00  0.000000e+00
   endloop
 endfacet
 facet normal  4.920587e-01 -8.705620e-01  0.000000e+00
   outer loop
     vertex  3.819979e+00 -6.547073e+00  0.000000e+00
     vertex  3.638929e+00 -6.649406e+00  7.000000e+00
     vertex  3.638929e+00 -6.649406e+00  0.000000e+00
   endloop
 endfacet
 facet normal  4.920587e-01 -8.705620e-01  0.000000e+00
   outer loop
     vertex  3.819979e+00 -6.547073e+00  0.000000e+00
     vertex  3.819979e+00 -6.547073e+00  7.000000e+00
     vertex  3.638929e+00 -6.649406e+00  7.000000e+00
   endloop
 endfacet
 facet normal  5.157565e-01 -8.567352e-01  0.000000e+00
   outer loop
     vertex  3.819979e+00 -6.547073e+00  0.000000e+00
     vertex  3.998154e+00 -6.439811e+00  7.000000e+00
     vertex  3.819979e+00 -6.547073e+00  7.000000e+00
   endloop
 endfacet
 facet normal  5.157565e-01 -8.567352e-01  0.000000e+00
   outer loop
     vertex  3.998154e+00 -6.439811e+00  0.000000e+00
     vertex  3.998154e+00 -6.439811e+00  7.000000e+00
     vertex  3.819979e+00 -6.547073e+00  0.000000e+00
   endloop
 endfacet
 facet normal  5.390661e-01 -8.422635e-01  0.000000e+00
   outer loop
     vertex  3.998154e+00 -6.439811e+00  0.000000e+00
     vertex  4.173319e+00 -6.327702e+00  7.000000e+00
     vertex  3.998154e+00 -6.439811e+00  7.000000e+00
   endloop
 endfacet
 facet normal  5.390661e-01 -8.422635e-01  0.000000e+00
   outer loop
     vertex  4.173319e+00 -6.327702e+00  0.000000e+00
     vertex  4.173319e+00 -6.327702e+00  7.000000e+00
     vertex  3.998154e+00 -6.439811e+00  0.000000e+00
   endloop
 endfacet
 facet normal  5.619699e-01 -8.271577e-01  0.000000e+00
   outer loop
     vertex  4.345343e+00 -6.210829e+00  0.000000e+00
     vertex  4.173319e+00 -6.327702e+00  7.000000e+00
     vertex  4.173319e+00 -6.327702e+00  0.000000e+00
   endloop
 endfacet
 facet normal  5.619699e-01 -8.271577e-01  0.000000e+00
   outer loop
     vertex  4.345343e+00 -6.210829e+00  0.000000e+00
     vertex  4.345343e+00 -6.210829e+00  7.000000e+00
     vertex  4.173319e+00 -6.327702e+00  7.000000e+00
   endloop
 endfacet
 facet normal  5.844507e-01 -8.114292e-01  0.000000e+00
   outer loop
     vertex  4.514096e+00 -6.089281e+00  0.000000e+00
     vertex  4.345343e+00 -6.210829e+00  7.000000e+00
     vertex  4.345343e+00 -6.210829e+00  0.000000e+00
   endloop
 endfacet
 facet normal  5.844507e-01 -8.114292e-01  0.000000e+00
   outer loop
     vertex  4.514096e+00 -6.089281e+00  0.000000e+00
     vertex  4.514096e+00 -6.089281e+00  7.000000e+00
     vertex  4.345343e+00 -6.210829e+00  7.000000e+00
   endloop
 endfacet
 facet normal  6.064915e-01 -7.950900e-01  0.000000e+00
   outer loop
     vertex  4.514096e+00 -6.089281e+00  0.000000e+00
     vertex  4.679450e+00 -5.963149e+00  7.000000e+00
     vertex  4.514096e+00 -6.089281e+00  7.000000e+00
   endloop
 endfacet
 facet normal  6.064915e-01 -7.950900e-01  0.000000e+00
   outer loop
     vertex  4.679450e+00 -5.963149e+00  0.000000e+00
     vertex  4.679450e+00 -5.963149e+00  7.000000e+00
     vertex  4.514096e+00 -6.089281e+00  0.000000e+00
   endloop
 endfacet
 facet normal  6.280757e-01 -7.781522e-01  0.000000e+00
   outer loop
     vertex  4.841282e+00 -5.832528e+00  0.000000e+00
     vertex  4.679450e+00 -5.963149e+00  7.000000e+00
     vertex  4.679450e+00 -5.963149e+00  0.000000e+00
   endloop
 endfacet
 facet normal  6.280757e-01 -7.781522e-01  0.000000e+00
   outer loop
     vertex  4.841282e+00 -5.832528e+00  0.000000e+00
     vertex  4.841282e+00 -5.832528e+00  7.000000e+00
     vertex  4.679450e+00 -5.963149e+00  7.000000e+00
   endloop
 endfacet
 facet normal  6.491872e-01 -7.606287e-01  0.000000e+00
   outer loop
     vertex  4.841282e+00 -5.832528e+00  0.000000e+00
     vertex  4.999470e+00 -5.697517e+00  7.000000e+00
     vertex  4.841282e+00 -5.832528e+00  7.000000e+00
   endloop
 endfacet
 facet normal  6.491872e-01 -7.606287e-01  0.000000e+00
   outer loop
     vertex  4.999470e+00 -5.697517e+00  0.000000e+00
     vertex  4.999470e+00 -5.697517e+00  7.000000e+00
     vertex  4.841282e+00 -5.832528e+00  0.000000e+00
   endloop
 endfacet
 facet normal  6.698100e-01 -7.425325e-01  0.000000e+00
   outer loop
     vertex  4.999470e+00 -5.697517e+00  0.000000e+00
     vertex  5.153894e+00 -5.558217e+00  7.000000e+00
     vertex  4.999470e+00 -5.697517e+00  7.000000e+00
   endloop
 endfacet
 facet normal  6.698100e-01 -7.425325e-01  0.000000e+00
   outer loop
     vertex  5.153894e+00 -5.558217e+00  0.000000e+00
     vertex  5.153894e+00 -5.558217e+00  7.000000e+00
     vertex  4.999470e+00 -5.697517e+00  0.000000e+00
   endloop
 endfacet
 facet normal  7.095278e-01 -7.046775e-01  0.000000e+00
   outer loop
     vertex  5.304439e+00 -5.414733e+00  0.000000e+00
     vertex  5.450990e+00 -5.267172e+00  7.000000e+00
     vertex  5.304439e+00 -5.414733e+00  7.000000e+00
   endloop
 endfacet
 facet normal  6.899286e-01 -7.238775e-01  0.000000e+00
   outer loop
     vertex  5.304439e+00 -5.414733e+00  0.000000e+00
     vertex  5.153894e+00 -5.558217e+00  7.000000e+00
     vertex  5.153894e+00 -5.558217e+00  0.000000e+00
   endloop
 endfacet
 facet normal  6.899286e-01 -7.238775e-01  0.000000e+00
   outer loop
     vertex  5.304439e+00 -5.414733e+00  0.000000e+00
     vertex  5.304439e+00 -5.414733e+00  7.000000e+00
     vertex  5.153894e+00 -5.558217e+00  7.000000e+00
   endloop
 endfacet
 facet normal  7.285929e-01 -6.849470e-01  0.000000e+00
   outer loop
     vertex  5.450990e+00 -5.267172e+00  0.000000e+00
     vertex  5.593438e+00 -5.115647e+00  7.000000e+00
     vertex  5.450990e+00 -5.267172e+00  7.000000e+00
   endloop
 endfacet
 facet normal  7.095278e-01 -7.046775e-01  0.000000e+00
   outer loop
     vertex  5.450990e+00 -5.267172e+00  0.000000e+00
     vertex  5.450990e+00 -5.267172e+00  7.000000e+00
     vertex  5.304439e+00 -5.414733e+00  0.000000e+00
   endloop
 endfacet
 facet normal  7.285929e-01 -6.849470e-01  0.000000e+00
   outer loop
     vertex  5.593438e+00 -5.115647e+00  0.000000e+00
     vertex  5.593438e+00 -5.115647e+00  7.000000e+00
     vertex  5.450990e+00 -5.267172e+00  0.000000e+00
   endloop
 endfacet
 facet normal  7.471095e-01 -6.647010e-01  0.000000e+00
   outer loop
     vertex  5.731676e+00 -4.960271e+00  0.000000e+00
     vertex  5.731676e+00 -4.960271e+00  7.000000e+00
     vertex  5.593438e+00 -5.115647e+00  7.000000e+00
   endloop
 endfacet
 facet normal  7.650637e-01 -6.439545e-01  0.000000e+00
   outer loop
     vertex  5.731676e+00 -4.960271e+00  0.000000e+00
     vertex  5.865599e+00 -4.801161e+00  7.000000e+00
     vertex  5.731676e+00 -4.960271e+00  7.000000e+00
   endloop
 endfacet
 facet normal  7.471095e-01 -6.647010e-01  0.000000e+00
   outer loop
     vertex  5.731676e+00 -4.960271e+00  0.000000e+00
     vertex  5.593438e+00 -5.115647e+00  7.000000e+00
     vertex  5.593438e+00 -5.115647e+00  0.000000e+00
   endloop
 endfacet
 facet normal  7.824421e-01 -6.227234e-01  0.000000e+00
   outer loop
     vertex  5.865599e+00 -4.801161e+00  0.000000e+00
     vertex  5.995107e+00 -4.638437e+00  7.000000e+00
     vertex  5.865599e+00 -4.801161e+00  7.000000e+00
   endloop
 endfacet
 facet normal  7.650637e-01 -6.439545e-01  0.000000e+00
   outer loop
     vertex  5.865599e+00 -4.801161e+00  0.000000e+00
     vertex  5.865599e+00 -4.801161e+00  7.000000e+00
     vertex  5.731676e+00 -4.960271e+00  0.000000e+00
   endloop
 endfacet
 facet normal  7.824421e-01 -6.227234e-01  0.000000e+00
   outer loop
     vertex  5.995107e+00 -4.638437e+00  0.000000e+00
     vertex  5.995107e+00 -4.638437e+00  7.000000e+00
     vertex  5.865599e+00 -4.801161e+00  0.000000e+00
   endloop
 endfacet
 facet normal  7.992314e-01 -6.010234e-01  0.000000e+00
   outer loop
     vertex  6.120101e+00 -4.472221e+00  0.000000e+00
     vertex  6.120101e+00 -4.472221e+00  7.000000e+00
     vertex  5.995107e+00 -4.638437e+00  7.000000e+00
   endloop
 endfacet
 facet normal  7.992314e-01 -6.010234e-01  0.000000e+00
   outer loop
     vertex  6.120101e+00 -4.472221e+00  0.000000e+00
     vertex  5.995107e+00 -4.638437e+00  7.000000e+00
     vertex  5.995107e+00 -4.638437e+00  0.000000e+00
   endloop
 endfacet
 facet normal  8.154191e-01 -5.788711e-01  0.000000e+00
   outer loop
     vertex  6.240489e+00 -4.302639e+00  0.000000e+00
     vertex  6.240489e+00 -4.302639e+00  7.000000e+00
     vertex  6.120101e+00 -4.472221e+00  7.000000e+00
   endloop
 endfacet
 facet normal  8.309929e-01 -5.562829e-01  0.000000e+00
   outer loop
     vertex  6.240489e+00 -4.302639e+00  0.000000e+00
     vertex  6.356179e+00 -4.129817e+00  7.000000e+00
     vertex  6.240489e+00 -4.302639e+00  7.000000e+00
   endloop
 endfacet
 facet normal  8.154191e-01 -5.788711e-01  0.000000e+00
   outer loop
     vertex  6.240489e+00 -4.302639e+00  0.000000e+00
     vertex  6.120101e+00 -4.472221e+00  7.000000e+00
     vertex  6.120101e+00 -4.472221e+00  0.000000e+00
   endloop
 endfacet
 facet normal  8.309929e-01 -5.562829e-01  0.000000e+00
   outer loop
     vertex  6.356179e+00 -4.129817e+00  0.000000e+00
     vertex  6.356179e+00 -4.129817e+00  7.000000e+00
     vertex  6.240489e+00 -4.302639e+00  0.000000e+00
   endloop
 endfacet
 facet normal  8.459413e-01 -5.332761e-01  0.000000e+00
   outer loop
     vertex  6.467084e+00 -3.953887e+00  0.000000e+00
     vertex  6.467084e+00 -3.953887e+00  7.000000e+00
     vertex  6.356179e+00 -4.129817e+00  7.000000e+00
   endloop
 endfacet
 facet normal  8.602528e-01 -5.098678e-01  0.000000e+00
   outer loop
     vertex  6.467084e+00 -3.953887e+00  0.000000e+00
     vertex  6.573121e+00 -3.774981e+00  7.000000e+00
     vertex  6.467084e+00 -3.953887e+00  7.000000e+00
   endloop
 endfacet
 facet normal  8.459413e-01 -5.332761e-01  0.000000e+00
   outer loop
     vertex  6.467084e+00 -3.953887e+00  0.000000e+00
     vertex  6.356179e+00 -4.129817e+00  7.000000e+00
     vertex  6.356179e+00 -4.129817e+00  0.000000e+00
   endloop
 endfacet
 facet normal  8.739167e-01 -4.860756e-01  0.000000e+00
   outer loop
     vertex  6.573121e+00 -3.774981e+00  0.000000e+00
     vertex  6.674210e+00 -3.593233e+00  7.000000e+00
     vertex  6.573121e+00 -3.774981e+00  7.000000e+00
   endloop
 endfacet
 facet normal  8.602528e-01 -5.098678e-01  0.000000e+00
   outer loop
     vertex  6.573121e+00 -3.774981e+00  0.000000e+00
     vertex  6.573121e+00 -3.774981e+00  7.000000e+00
     vertex  6.467084e+00 -3.953887e+00  0.000000e+00
   endloop
 endfacet
 facet normal  8.739167e-01 -4.860756e-01  0.000000e+00
   outer loop
     vertex  6.674210e+00 -3.593233e+00  0.000000e+00
     vertex  6.674210e+00 -3.593233e+00  7.000000e+00
     vertex  6.573121e+00 -3.774981e+00  0.000000e+00
   endloop
 endfacet
 facet normal  8.869228e-01 -4.619176e-01  0.000000e+00
   outer loop
     vertex  6.770275e+00 -3.408780e+00  0.000000e+00
     vertex  6.674210e+00 -3.593233e+00  7.000000e+00
     vertex  6.674210e+00 -3.593233e+00  0.000000e+00
   endloop
 endfacet
 facet normal  8.869228e-01 -4.619176e-01  0.000000e+00
   outer loop
     vertex  6.770275e+00 -3.408780e+00  0.000000e+00
     vertex  6.770275e+00 -3.408780e+00  7.000000e+00
     vertex  6.674210e+00 -3.593233e+00  7.000000e+00
   endloop
 endfacet
 facet normal  8.992613e-01 -4.374119e-01  0.000000e+00
   outer loop
     vertex  6.861243e+00 -3.221760e+00  0.000000e+00
     vertex  6.770275e+00 -3.408780e+00  7.000000e+00
     vertex  6.770275e+00 -3.408780e+00  0.000000e+00
   endloop
 endfacet
 facet normal  8.992613e-01 -4.374119e-01  0.000000e+00
   outer loop
     vertex  6.861243e+00 -3.221760e+00  0.000000e+00
     vertex  6.861243e+00 -3.221760e+00  7.000000e+00
     vertex  6.770275e+00 -3.408780e+00  7.000000e+00
   endloop
 endfacet
 facet normal  9.109228e-01 -4.125769e-01  0.000000e+00
   outer loop
     vertex  6.947047e+00 -3.032316e+00  0.000000e+00
     vertex  6.861243e+00 -3.221760e+00  7.000000e+00
     vertex  6.861243e+00 -3.221760e+00  0.000000e+00
   endloop
 endfacet
 facet normal  9.109228e-01 -4.125769e-01  0.000000e+00
   outer loop
     vertex  6.947047e+00 -3.032316e+00  0.000000e+00
     vertex  6.947047e+00 -3.032316e+00  7.000000e+00
     vertex  6.861243e+00 -3.221760e+00  7.000000e+00
   endloop
 endfacet
 facet normal  9.218986e-01 -3.874313e-01  0.000000e+00
   outer loop
     vertex  7.027621e+00 -2.840589e+00  0.000000e+00
     vertex  7.027621e+00 -2.840589e+00  7.000000e+00
     vertex  6.947047e+00 -3.032316e+00  7.000000e+00
   endloop
 endfacet
 facet normal  9.218986e-01 -3.874313e-01  0.000000e+00
   outer loop
     vertex  7.027621e+00 -2.840589e+00  0.000000e+00
     vertex  6.947047e+00 -3.032316e+00  7.000000e+00
     vertex  6.947047e+00 -3.032316e+00  0.000000e+00
   endloop
 endfacet
 facet normal  9.321804e-01 -3.619940e-01  0.000000e+00
   outer loop
     vertex  7.027621e+00 -2.840589e+00  0.000000e+00
     vertex  7.102904e+00 -2.646724e+00  7.000000e+00
     vertex  7.027621e+00 -2.840589e+00  7.000000e+00
   endloop
 endfacet
 facet normal  9.321804e-01 -3.619940e-01  0.000000e+00
   outer loop
     vertex  7.102904e+00 -2.646724e+00  0.000000e+00
     vertex  7.102904e+00 -2.646724e+00  7.000000e+00
     vertex  7.027621e+00 -2.840589e+00  0.000000e+00
   endloop
 endfacet
 facet normal  9.417605e-01 -3.362843e-01  0.000000e+00
   outer loop
     vertex  7.102904e+00 -2.646724e+00  0.000000e+00
     vertex  7.172841e+00 -2.450866e+00  7.000000e+00
     vertex  7.102904e+00 -2.646724e+00  7.000000e+00
   endloop
 endfacet
 facet normal  9.417605e-01 -3.362843e-01  0.000000e+00
   outer loop
     vertex  7.172841e+00 -2.450866e+00  0.000000e+00
     vertex  7.172841e+00 -2.450866e+00  7.000000e+00
     vertex  7.102904e+00 -2.646724e+00  0.000000e+00
   endloop
 endfacet
 facet normal  9.506317e-01 -3.103214e-01  0.000000e+00
   outer loop
     vertex  7.237379e+00 -2.253164e+00  0.000000e+00
     vertex  7.237379e+00 -2.253164e+00  7.000000e+00
     vertex  7.172841e+00 -2.450866e+00  7.000000e+00
   endloop
 endfacet
 facet normal  9.587873e-01 -2.841250e-01  0.000000e+00
   outer loop
     vertex  7.237379e+00 -2.253164e+00  0.000000e+00
     vertex  7.296468e+00 -2.053765e+00  7.000000e+00
     vertex  7.237379e+00 -2.253164e+00  7.000000e+00
   endloop
 endfacet
 facet normal  9.506317e-01 -3.103214e-01  0.000000e+00
   outer loop
     vertex  7.237379e+00 -2.253164e+00  0.000000e+00
     vertex  7.172841e+00 -2.450866e+00  7.000000e+00
     vertex  7.172841e+00 -2.450866e+00  0.000000e+00
   endloop
 endfacet
 facet normal  9.587873e-01 -2.841250e-01  0.000000e+00
   outer loop
     vertex  7.296468e+00 -2.053765e+00  0.000000e+00
     vertex  7.296468e+00 -2.053765e+00  7.000000e+00
     vertex  7.237379e+00 -2.253164e+00  0.000000e+00
   endloop
 endfacet
 facet normal  9.662211e-01 -2.577146e-01  0.000000e+00
   outer loop
     vertex  7.350065e+00 -1.852821e+00  0.000000e+00
     vertex  7.350065e+00 -1.852821e+00  7.000000e+00
     vertex  7.296468e+00 -2.053765e+00  7.000000e+00
   endloop
 endfacet
 facet normal  9.729276e-01 -2.311102e-01  0.000000e+00
   outer loop
     vertex  7.350065e+00 -1.852821e+00  0.000000e+00
     vertex  7.398129e+00 -1.650481e+00  7.000000e+00
     vertex  7.350065e+00 -1.852821e+00  7.000000e+00
   endloop
 endfacet
 facet normal  9.662211e-01 -2.577146e-01  0.000000e+00
   outer loop
     vertex  7.350065e+00 -1.852821e+00  0.000000e+00
     vertex  7.296468e+00 -2.053765e+00  7.000000e+00
     vertex  7.296468e+00 -2.053765e+00  0.000000e+00
   endloop
 endfacet
 facet normal  9.729276e-01 -2.311102e-01  0.000000e+00
   outer loop
     vertex  7.398129e+00 -1.650481e+00  0.000000e+00
     vertex  7.398129e+00 -1.650481e+00  7.000000e+00
     vertex  7.350065e+00 -1.852821e+00  0.000000e+00
   endloop
 endfacet
 facet normal  9.789017e-01 -2.043319e-01  0.000000e+00
   outer loop
     vertex  7.440624e+00 -1.446899e+00  0.000000e+00
     vertex  7.440624e+00 -1.446899e+00  7.000000e+00
     vertex  7.398129e+00 -1.650481e+00  7.000000e+00
   endloop
 endfacet
 facet normal  9.789017e-01 -2.043319e-01  0.000000e+00
   outer loop
     vertex  7.440624e+00 -1.446899e+00  0.000000e+00
     vertex  7.398129e+00 -1.650481e+00  7.000000e+00
     vertex  7.398129e+00 -1.650481e+00  0.000000e+00
   endloop
 endfacet
 facet normal  9.841389e-01 -1.773998e-01  0.000000e+00
   outer loop
     vertex  7.477518e+00 -1.242228e+00  0.000000e+00
     vertex  7.477518e+00 -1.242228e+00  7.000000e+00
     vertex  7.440624e+00 -1.446899e+00  7.000000e+00
   endloop
 endfacet
 facet normal  9.886353e-01 -1.503341e-01  0.000000e+00
   outer loop
     vertex  7.477518e+00 -1.242228e+00  0.000000e+00
     vertex  7.508782e+00 -1.036622e+00  7.000000e+00
     vertex  7.477518e+00 -1.242228e+00  7.000000e+00
   endloop
 endfacet
 facet normal  9.841389e-01 -1.773998e-01  0.000000e+00
   outer loop
     vertex  7.477518e+00 -1.242228e+00  0.000000e+00
     vertex  7.440624e+00 -1.446899e+00  7.000000e+00
     vertex  7.440624e+00 -1.446899e+00  0.000000e+00
   endloop
 endfacet
 facet normal  9.923874e-01 -1.231552e-01  0.000000e+00
   outer loop
     vertex  7.508782e+00 -1.036622e+00  0.000000e+00
     vertex  7.534395e+00 -8.302357e-01  7.000000e+00
     vertex  7.508782e+00 -1.036622e+00  7.000000e+00
   endloop
 endfacet
 facet normal  9.886353e-01 -1.503341e-01  0.000000e+00
   outer loop
     vertex  7.508782e+00 -1.036622e+00  0.000000e+00
     vertex  7.508782e+00 -1.036622e+00  7.000000e+00
     vertex  7.477518e+00 -1.242228e+00  0.000000e+00
   endloop
 endfacet
 facet normal  9.923874e-01 -1.231552e-01  0.000000e+00
   outer loop
     vertex  7.534395e+00 -8.302357e-01  0.000000e+00
     vertex  7.534395e+00 -8.302357e-01  7.000000e+00
     vertex  7.508782e+00 -1.036622e+00  0.000000e+00
   endloop
 endfacet
 facet normal  9.953925e-01 -9.588368e-02  0.000000e+00
   outer loop
     vertex  7.554336e+00 -6.232242e-01  0.000000e+00
     vertex  7.554336e+00 -6.232242e-01  7.000000e+00
     vertex  7.534395e+00 -8.302357e-01  7.000000e+00
   endloop
 endfacet
 facet normal  9.976484e-01 -6.853995e-02  0.000000e+00
   outer loop
     vertex  7.554336e+00 -6.232242e-01  0.000000e+00
     vertex  7.568590e+00 -4.157436e-01  7.000000e+00
     vertex  7.554336e+00 -6.232242e-01  7.000000e+00
   endloop
 endfacet
 facet normal  9.953925e-01 -9.588368e-02  0.000000e+00
   outer loop
     vertex  7.554336e+00 -6.232242e-01  0.000000e+00
     vertex  7.534395e+00 -8.302357e-01  7.000000e+00
     vertex  7.534395e+00 -8.302357e-01  0.000000e+00
   endloop
 endfacet
 facet normal  9.976484e-01 -6.853995e-02  0.000000e+00
   outer loop
     vertex  7.568590e+00 -4.157436e-01  0.000000e+00
     vertex  7.568590e+00 -4.157436e-01  7.000000e+00
     vertex  7.554336e+00 -6.232242e-01  0.000000e+00
   endloop
 endfacet
 facet normal  9.991532e-01 -4.114462e-02  0.000000e+00
   outer loop
     vertex  7.577147e+00 -2.079501e-01  0.000000e+00
     vertex  7.577147e+00 -2.079501e-01  7.000000e+00
     vertex  7.568590e+00 -4.157436e-01  7.000000e+00
   endloop
 endfacet
 facet normal  9.991532e-01 -4.114462e-02  0.000000e+00
   outer loop
     vertex  7.577147e+00 -2.079501e-01  0.000000e+00
     vertex  7.568590e+00 -4.157436e-01  7.000000e+00
     vertex  7.568590e+00 -4.157436e-01  0.000000e+00
   endloop
 endfacet
 facet normal  9.999059e-01 -1.371831e-02  0.000000e+00
   outer loop
     vertex  7.580000e+00  0.000000e+00  0.000000e+00
     vertex  7.580000e+00  0.000000e+00  7.000000e+00
     vertex  7.577147e+00 -2.079501e-01  7.000000e+00
   endloop
 endfacet
 facet normal  9.999059e-01 -1.371831e-02  0.000000e+00
   outer loop
     vertex  7.580000e+00  0.000000e+00  0.000000e+00
     vertex  7.577147e+00 -2.079501e-01  7.000000e+00
     vertex  7.577147e+00 -2.079501e-01  0.000000e+00
   endloop
 endfacet
 facet normal  0.000000e+00  0.000000e+00  1.000000e+00
   outer loop
     vertex -5.077160e+00 -5.628397e+00  7.000000e+00
     vertex -5.378221e+00 -5.341455e+00  7.000000e+00
     vertex -5.229658e+00 -5.486991e+00  7.000000e+00
   endloop
 endfacet
 facet normal  0.000000e+00  0.000000e+00  1.000000e+00
   outer loop
     vertex -5.930911e+00 -4.720243e+00  7.000000e+00
     vertex -5.799183e+00 -4.881175e+00  7.000000e+00
     vertex -5.663090e+00 -5.038433e+00  7.000000e+00
   endloop
 endfacet
 facet normal  0.000000e+00  0.000000e+00  1.000000e+00
   outer loop
     vertex -5.930911e+00 -4.720243e+00  7.000000e+00
     vertex -5.663090e+00 -5.038433e+00  7.000000e+00
     vertex -5.522734e+00 -5.191898e+00  7.000000e+00
   endloop
 endfacet
 facet normal  0.000000e+00  0.000000e+00  1.000000e+00
   outer loop
     vertex -4.597205e+00 -6.026782e+00  7.000000e+00
     vertex -5.378221e+00 -5.341455e+00  7.000000e+00
     vertex -5.077160e+00 -5.628397e+00  7.000000e+00
   endloop
 endfacet
 facet normal  0.000000e+00  0.000000e+00  1.000000e+00
   outer loop
     vertex -4.597205e+00 -6.026782e+00  7.000000e+00
     vertex -5.522734e+00 -5.191898e+00  7.000000e+00
     vertex -5.378221e+00 -5.341455e+00  7.000000e+00
   endloop
 endfacet
 facet normal  0.000000e+00  0.000000e+00  1.000000e+00
   outer loop
     vertex -4.597205e+00 -6.026782e+00  7.000000e+00
     vertex -5.077160e+00 -5.628397e+00  7.000000e+00
     vertex -4.920839e+00 -5.765565e+00  7.000000e+00
   endloop
 endfacet
 facet normal  0.000000e+00  0.000000e+00  1.000000e+00
   outer loop
     vertex -4.597205e+00 -6.026782e+00  7.000000e+00
     vertex -4.920839e+00 -5.765565e+00  7.000000e+00
     vertex -4.760814e+00 -5.898394e+00  7.000000e+00
   endloop
 endfacet
 facet normal  0.000000e+00  0.000000e+00  1.000000e+00
   outer loop
     vertex -6.180877e+00 -4.387843e+00  7.000000e+00
     vertex -6.058174e+00 -4.555758e+00  7.000000e+00
     vertex -5.930911e+00 -4.720243e+00  7.000000e+00
   endloop
 endfacet
 facet normal  0.000000e+00  0.000000e+00  1.000000e+00
   outer loop
     vertex -6.412235e+00 -4.042233e+00  7.000000e+00
     vertex -6.298927e+00 -4.216625e+00  7.000000e+00
     vertex -6.180877e+00 -4.387843e+00  7.000000e+00
   endloop
 endfacet
 facet normal  0.000000e+00  0.000000e+00  1.000000e+00
   outer loop
     vertex -3.909434e+00 -6.494053e+00  7.000000e+00
     vertex -4.597205e+00 -6.026782e+00  7.000000e+00
     vertex -4.430136e+00 -6.150634e+00  7.000000e+00
   endloop
 endfacet
 facet normal  0.000000e+00  0.000000e+00  1.000000e+00
   outer loop
     vertex -3.909434e+00 -6.494053e+00  7.000000e+00
     vertex -4.430136e+00 -6.150634e+00  7.000000e+00
     vertex -4.259732e+00 -6.269855e+00  7.000000e+00
   endloop
 endfacet
 facet normal  0.000000e+00  0.000000e+00  1.000000e+00
   outer loop
     vertex -3.909434e+00 -6.494053e+00  7.000000e+00
     vertex -4.259732e+00 -6.269855e+00  7.000000e+00
     vertex -4.086121e+00 -6.384357e+00  7.000000e+00
   endloop
 endfacet
 facet normal  0.000000e+00  0.000000e+00  1.000000e+00
   outer loop
     vertex -6.624289e+00 -3.684453e+00  7.000000e+00
     vertex -6.520716e+00 -3.864798e+00  7.000000e+00
     vertex -6.412235e+00 -4.042233e+00  7.000000e+00
   endloop
 endfacet
 facet normal  0.000000e+00  0.000000e+00  1.000000e+00
   outer loop
     vertex -6.624289e+00 -3.684453e+00  7.000000e+00
     vertex -6.412235e+00 -4.042233e+00  7.000000e+00
     vertex -6.180877e+00 -4.387843e+00  7.000000e+00
   endloop
 endfacet
 facet normal  0.000000e+00  0.000000e+00  1.000000e+00
   outer loop
     vertex -6.624289e+00 -3.684453e+00  7.000000e+00
     vertex -6.180877e+00 -4.387843e+00  7.000000e+00
     vertex -5.930911e+00 -4.720243e+00  7.000000e+00
   endloop
 endfacet
 facet normal  0.000000e+00  0.000000e+00  1.000000e+00
   outer loop
     vertex -3.547367e+00 -6.698700e+00  7.000000e+00
     vertex -3.909434e+00 -6.494053e+00  7.000000e+00
     vertex -3.729805e+00 -6.598860e+00  7.000000e+00
   endloop
 endfacet
 facet normal  0.000000e+00  0.000000e+00  1.000000e+00
   outer loop
     vertex -3.362260e+00 -6.793498e+00  7.000000e+00
     vertex -3.909434e+00 -6.494053e+00  7.000000e+00
     vertex -3.547367e+00 -6.698700e+00  7.000000e+00
   endloop
 endfacet
 facet normal  0.000000e+00  0.000000e+00  1.000000e+00
   outer loop
     vertex -6.904795e+00 -3.127333e+00  7.000000e+00
     vertex -6.816401e+00 -3.315582e+00  7.000000e+00
     vertex -6.722875e+00 -3.501336e+00  7.000000e+00
   endloop
 endfacet
 facet normal  0.000000e+00  0.000000e+00  1.000000e+00
   outer loop
     vertex -6.904795e+00 -3.127333e+00  7.000000e+00
     vertex -6.722875e+00 -3.501336e+00  7.000000e+00
     vertex -6.624289e+00 -3.684453e+00  7.000000e+00
   endloop
 endfacet
 facet normal  0.000000e+00  0.000000e+00  1.000000e+00
   outer loop
     vertex -2.984593e+00 -6.967683e+00  7.000000e+00
     vertex -3.362260e+00 -6.793498e+00  7.000000e+00
     vertex -3.174621e+00 -6.883181e+00  7.000000e+00
   endloop
 endfacet
 facet normal  0.000000e+00  0.000000e+00  1.000000e+00
   outer loop
     vertex -2.984593e+00 -6.967683e+00  7.000000e+00
     vertex -3.909434e+00 -6.494053e+00  7.000000e+00
     vertex -3.362260e+00 -6.793498e+00  7.000000e+00
   endloop
 endfacet
 facet normal  0.000000e+00  0.000000e+00  1.000000e+00
   outer loop
     vertex -7.065928e+00 -2.743915e+00  7.000000e+00
     vertex -6.987991e+00 -2.936729e+00  7.000000e+00
     vertex -6.904795e+00 -3.127333e+00  7.000000e+00
   endloop
 endfacet
 facet normal  0.000000e+00  0.000000e+00  1.000000e+00
   outer loop
     vertex -7.065928e+00 -2.743915e+00  7.000000e+00
     vertex -6.904795e+00 -3.127333e+00  7.000000e+00
     vertex -6.624289e+00 -3.684453e+00  7.000000e+00
   endloop
 endfacet
 facet normal  0.000000e+00  0.000000e+00  1.000000e+00
   outer loop
     vertex -7.205788e+00 -2.352236e+00  7.000000e+00
     vertex -7.138545e+00 -2.549035e+00  7.000000e+00
     vertex -7.065928e+00 -2.743915e+00  7.000000e+00
   endloop
 endfacet
 facet normal  0.000000e+00  0.000000e+00  1.000000e+00
   outer loop
     vertex -7.205788e+00 -2.352236e+00  7.000000e+00
     vertex -7.065928e+00 -2.743915e+00  7.000000e+00
     vertex -6.624289e+00 -3.684453e+00  7.000000e+00
   endloop
 endfacet
 facet normal  0.000000e+00  0.000000e+00  1.000000e+00
   outer loop
     vertex -7.267607e+00 -2.153667e+00  7.000000e+00
     vertex -7.205788e+00 -2.352236e+00  7.000000e+00
     vertex -6.624289e+00 -3.684453e+00  7.000000e+00
   endloop
 endfacet
 facet normal  0.000000e+00  0.000000e+00  1.000000e+00
   outer loop
     vertex -2.003668e+00 -7.310384e+00  7.000000e+00
     vertex -2.984593e+00 -6.967683e+00  7.000000e+00
     vertex -2.792318e+00 -7.046940e+00  7.000000e+00
   endloop
 endfacet
 facet normal  0.000000e+00  0.000000e+00  1.000000e+00
   outer loop
     vertex -2.003668e+00 -7.310384e+00  7.000000e+00
     vertex -2.792318e+00 -7.046940e+00  7.000000e+00
     vertex -2.597941e+00 -7.120892e+00  7.000000e+00
   endloop
 endfacet
 facet normal  0.000000e+00  0.000000e+00  1.000000e+00
   outer loop
     vertex -2.003668e+00 -7.310384e+00  7.000000e+00
     vertex -2.597941e+00 -7.120892e+00  7.000000e+00
     vertex -2.401608e+00 -7.189484e+00  7.000000e+00
   endloop
 endfacet
 facet normal  0.000000e+00  0.000000e+00  1.000000e+00
   outer loop
     vertex -2.003668e+00 -7.310384e+00  7.000000e+00
     vertex -2.401608e+00 -7.189484e+00  7.000000e+00
     vertex -2.203467e+00 -7.252664e+00  7.000000e+00
   endloop
 endfacet
 facet normal  0.000000e+00  0.000000e+00  1.000000e+00
   outer loop
     vertex -7.374791e+00 -1.751816e+00  7.000000e+00
     vertex -7.267607e+00 -2.153667e+00  7.000000e+00
     vertex -6.624289e+00 -3.684453e+00  7.000000e+00
   endloop
 endfacet
 facet normal  0.000000e+00  0.000000e+00  1.000000e+00
   outer loop
     vertex -7.374791e+00 -1.751816e+00  7.000000e+00
     vertex -7.323956e+00 -1.953477e+00  7.000000e+00
     vertex -7.267607e+00 -2.153667e+00  7.000000e+00
   endloop
 endfacet
 facet normal  0.000000e+00  0.000000e+00  1.000000e+00
   outer loop
     vertex -7.374791e+00 -1.751816e+00  7.000000e+00
     vertex -5.930911e+00 -4.720243e+00  7.000000e+00
     vertex -5.522734e+00 -5.191898e+00  7.000000e+00
   endloop
 endfacet
 facet normal  0.000000e+00  0.000000e+00  1.000000e+00
   outer loop
     vertex -7.374791e+00 -1.751816e+00  7.000000e+00
     vertex -5.522734e+00 -5.191898e+00  7.000000e+00
     vertex -4.597205e+00 -6.026782e+00  7.000000e+00
   endloop
 endfacet
 facet normal  0.000000e+00  0.000000e+00  1.000000e+00
   outer loop
     vertex -7.374791e+00 -1.751816e+00  7.000000e+00
     vertex -6.624289e+00 -3.684453e+00  7.000000e+00
     vertex -5.930911e+00 -4.720243e+00  7.000000e+00
   endloop
 endfacet
 facet normal  0.000000e+00  0.000000e+00  1.000000e+00
   outer loop
     vertex -1.395828e+00 -7.450373e+00  7.000000e+00
     vertex -2.003668e+00 -7.310384e+00  7.000000e+00
     vertex -1.802361e+00 -7.362601e+00  7.000000e+00
   endloop
 endfacet
 facet normal  0.000000e+00  0.000000e+00  1.000000e+00
   outer loop
     vertex -1.395828e+00 -7.450373e+00  7.000000e+00
     vertex -1.802361e+00 -7.362601e+00  7.000000e+00
     vertex -1.599696e+00 -7.409276e+00  7.000000e+00
   endloop
 endfacet
 facet normal  0.000000e+00  0.000000e+00  1.000000e+00
   outer loop
     vertex -1.395828e+00 -7.450373e+00  7.000000e+00
     vertex -3.909434e+00 -6.494053e+00  7.000000e+00
     vertex -2.984593e+00 -6.967683e+00  7.000000e+00
   endloop
 endfacet
 facet normal  0.000000e+00  0.000000e+00  1.000000e+00
   outer loop
     vertex -1.395828e+00 -7.450373e+00  7.000000e+00
     vertex -2.984593e+00 -6.967683e+00  7.000000e+00
     vertex -2.003668e+00 -7.310384e+00  7.000000e+00
   endloop
 endfacet
 facet normal  0.000000e+00  0.000000e+00  1.000000e+00
   outer loop
     vertex -7.459773e+00 -1.344690e+00  7.000000e+00
     vertex -7.420075e+00 -1.548836e+00  7.000000e+00
     vertex -7.374791e+00 -1.751816e+00  7.000000e+00
   endloop
 endfacet
 facet normal  0.000000e+00  0.000000e+00  1.000000e+00
   outer loop
     vertex -7.522297e+00 -9.335167e-01  7.000000e+00
     vertex -7.493855e+00 -1.139532e+00  7.000000e+00
     vertex -7.459773e+00 -1.344690e+00  7.000000e+00
   endloop
 endfacet
 facet normal  0.000000e+00  0.000000e+00  1.000000e+00
   outer loop
     vertex -7.785353e-01 -7.539913e+00  7.000000e+00
     vertex -1.190908e+00 -7.485862e+00  7.000000e+00
     vertex -9.850926e-01 -7.515716e+00  7.000000e+00
   endloop
 endfacet
 facet normal  0.000000e+00  0.000000e+00  1.000000e+00
   outer loop
     vertex -1.559711e-01 -7.578395e+00  7.000000e+00
     vertex -1.190908e+00 -7.485862e+00  7.000000e+00
     vertex -7.785353e-01 -7.539913e+00  7.000000e+00
   endloop
 endfacet
 facet normal  0.000000e+00  0.000000e+00  1.000000e+00
   outer loop
     vertex -1.559711e-01 -7.578395e+00  7.000000e+00
     vertex -1.395828e+00 -7.450373e+00  7.000000e+00
     vertex -1.190908e+00 -7.485862e+00  7.000000e+00
   endloop
 endfacet
 facet normal  0.000000e+00  0.000000e+00  1.000000e+00
   outer loop
     vertex -1.559711e-01 -7.578395e+00  7.000000e+00
     vertex -7.785353e-01 -7.539913e+00  7.000000e+00
     vertex -5.713920e-01 -7.558433e+00  7.000000e+00
   endloop
 endfacet
 facet normal  0.000000e+00  0.000000e+00  1.000000e+00
   outer loop
     vertex -1.559711e-01 -7.578395e+00  7.000000e+00
     vertex -5.713920e-01 -7.558433e+00  7.000000e+00
     vertex -3.638185e-01 -7.571264e+00  7.000000e+00
   endloop
 endfacet
 facet normal  0.000000e+00  0.000000e+00  1.000000e+00
   outer loop
     vertex -7.579287e+00 -1.039848e-01  7.000000e+00
     vertex -7.573581e+00 -3.118762e-01  7.000000e+00
     vertex -7.562175e+00 -5.195328e-01  7.000000e+00
   endloop
 endfacet
 facet normal  0.000000e+00  0.000000e+00  1.000000e+00
   outer loop
     vertex -7.579287e+00  1.039848e-01  7.000000e+00
     vertex -7.459773e+00 -1.344690e+00  7.000000e+00
     vertex -7.374791e+00 -1.751816e+00  7.000000e+00
   endloop
 endfacet
 facet normal  0.000000e+00  0.000000e+00  1.000000e+00
   outer loop
     vertex -7.579287e+00  1.039848e-01  7.000000e+00
     vertex -7.562175e+00 -5.195328e-01  7.000000e+00
     vertex -7.545075e+00 -7.267983e-01  7.000000e+00
   endloop
 endfacet
 facet normal  0.000000e+00  0.000000e+00  1.000000e+00
   outer loop
     vertex -7.579287e+00  1.039848e-01  7.000000e+00
     vertex -7.545075e+00 -7.267983e-01  7.000000e+00
     vertex -7.522297e+00 -9.335167e-01  7.000000e+00
   endloop
 endfacet
 facet normal  0.000000e+00  0.000000e+00  1.000000e+00
   outer loop
     vertex -7.579287e+00  1.039848e-01  7.000000e+00
     vertex -7.579287e+00 -1.039848e-01  7.000000e+00
     vertex -7.562175e+00 -5.195328e-01  7.000000e+00
   endloop
 endfacet
 facet normal  0.000000e+00  0.000000e+00  1.000000e+00
   outer loop
     vertex -7.579287e+00  1.039848e-01  7.000000e+00
     vertex -7.522297e+00 -9.335167e-01  7.000000e+00
     vertex -7.459773e+00 -1.344690e+00  7.000000e+00
   endloop
 endfacet
 facet normal  0.000000e+00  0.000000e+00  1.000000e+00
   outer loop
     vertex -7.579287e+00  1.039848e-01  7.000000e+00
     vertex -4.597205e+00 -6.026782e+00  7.000000e+00
     vertex -3.909434e+00 -6.494053e+00  7.000000e+00
   endloop
 endfacet
 facet normal  0.000000e+00  0.000000e+00  1.000000e+00
   outer loop
     vertex -7.579287e+00  1.039848e-01  7.000000e+00
     vertex -7.374791e+00 -1.751816e+00  7.000000e+00
     vertex -4.597205e+00 -6.026782e+00  7.000000e+00
   endloop
 endfacet
 facet normal  0.000000e+00  0.000000e+00  1.000000e+00
   outer loop
     vertex  2.599193e-01 -7.575542e+00  7.000000e+00
     vertex -1.395828e+00 -7.450373e+00  7.000000e+00
     vertex -1.559711e-01 -7.578395e+00  7.000000e+00
   endloop
 endfacet
 facet normal  0.000000e+00  0.000000e+00  1.000000e+00
   outer loop
     vertex  2.599193e-01 -7.575542e+00  7.000000e+00
     vertex -1.559711e-01 -7.578395e+00  7.000000e+00
     vertex  5.199364e-02 -7.579822e+00  7.000000e+00
   endloop
 endfacet
 facet normal  0.000000e+00  0.000000e+00  1.000000e+00
   outer loop
     vertex  2.599193e-01 -7.575542e+00  7.000000e+00
     vertex -3.909434e+00 -6.494053e+00  7.000000e+00
     vertex -1.395828e+00 -7.450373e+00  7.000000e+00
   endloop
 endfacet
 facet normal  0.000000e+00  0.000000e+00  1.000000e+00
   outer loop
     vertex -7.562175e+00  5.195328e-01  7.000000e+00
     vertex -7.573581e+00  3.118762e-01  7.000000e+00
     vertex -7.579287e+00  1.039848e-01  7.000000e+00
   endloop
 endfacet
 facet normal  0.000000e+00  0.000000e+00  1.000000e+00
   outer loop
     vertex  8.818969e-01 -7.528523e+00  7.000000e+00
     vertex  2.599193e-01 -7.575542e+00  7.000000e+00
     vertex  4.676492e-01 -7.565560e+00  7.000000e+00
   endloop
 endfacet
 facet normal  0.000000e+00  0.000000e+00  1.000000e+00
   outer loop
     vertex  8.818969e-01 -7.528523e+00  7.000000e+00
     vertex  4.676492e-01 -7.565560e+00  7.000000e+00
     vertex  6.750272e-01 -7.549883e+00  7.000000e+00
   endloop
 endfacet
 facet normal  0.000000e+00  0.000000e+00  1.000000e+00
   outer loop
     vertex  1.293490e+00 -7.468821e+00  7.000000e+00
     vertex -3.909434e+00 -6.494053e+00  7.000000e+00
     vertex  2.599193e-01 -7.575542e+00  7.000000e+00
   endloop
 endfacet
 facet normal  0.000000e+00  0.000000e+00  1.000000e+00
   outer loop
     vertex  1.293490e+00 -7.468821e+00  7.000000e+00
     vertex  2.599193e-01 -7.575542e+00  7.000000e+00
     vertex  8.818969e-01 -7.528523e+00  7.000000e+00
   endloop
 endfacet
 facet normal  0.000000e+00  0.000000e+00  1.000000e+00
   outer loop
     vertex  1.293490e+00 -7.468821e+00  7.000000e+00
     vertex  8.818969e-01 -7.528523e+00  7.000000e+00
     vertex  1.088103e+00 -7.501495e+00  7.000000e+00
   endloop
 endfacet
 facet normal  0.000000e+00  0.000000e+00  1.000000e+00
   outer loop
     vertex -7.459773e+00  1.344690e+00  7.000000e+00
     vertex -7.493855e+00  1.139532e+00  7.000000e+00
     vertex -7.522297e+00  9.335167e-01  7.000000e+00
   endloop
 endfacet
 facet normal  0.000000e+00  0.000000e+00  1.000000e+00
   outer loop
     vertex  1.497903e+00 -7.430524e+00  7.000000e+00
     vertex -3.909434e+00 -6.494053e+00  7.000000e+00
     vertex  1.293490e+00 -7.468821e+00  7.000000e+00
   endloop
 endfacet
 facet normal  0.000000e+00  0.000000e+00  1.000000e+00
   outer loop
     vertex -7.374791e+00  1.751816e+00  7.000000e+00
     vertex -7.420075e+00  1.548836e+00  7.000000e+00
     vertex -7.459773e+00  1.344690e+00  7.000000e+00
   endloop
 endfacet
 facet normal  0.000000e+00  0.000000e+00  1.000000e+00
   outer loop
     vertex -7.374791e+00  1.751816e+00  7.000000e+00
     vertex -7.522297e+00  9.335167e-01  7.000000e+00
     vertex -7.545075e+00  7.267983e-01  7.000000e+00
   endloop
 endfacet
 facet normal  0.000000e+00  0.000000e+00  1.000000e+00
   outer loop
     vertex -7.374791e+00  1.751816e+00  7.000000e+00
     vertex -7.545075e+00  7.267983e-01  7.000000e+00
     vertex -7.562175e+00  5.195328e-01  7.000000e+00
   endloop
 endfacet
 facet normal  0.000000e+00  0.000000e+00  1.000000e+00
   outer loop
     vertex -7.374791e+00  1.751816e+00  7.000000e+00
     vertex -7.459773e+00  1.344690e+00  7.000000e+00
     vertex -7.522297e+00  9.335167e-01  7.000000e+00
   endloop
 endfacet
 facet normal  0.000000e+00  0.000000e+00  1.000000e+00
   outer loop
     vertex  1.903193e+00 -7.337183e+00  7.000000e+00
     vertex  1.497903e+00 -7.430524e+00  7.000000e+00
     vertex  1.701188e+00 -7.386634e+00  7.000000e+00
   endloop
 endfacet
 facet normal  0.000000e+00  0.000000e+00  1.000000e+00
   outer loop
     vertex -7.323956e+00  1.953477e+00  7.000000e+00
     vertex -7.374791e+00  1.751816e+00  7.000000e+00
     vertex -7.562175e+00  5.195328e-01  7.000000e+00
   endloop
 endfacet
 facet normal  0.000000e+00  0.000000e+00  1.000000e+00
   outer loop
     vertex  2.103766e+00 -7.282209e+00  7.000000e+00
     vertex  1.497903e+00 -7.430524e+00  7.000000e+00
     vertex  1.903193e+00 -7.337183e+00  7.000000e+00
   endloop
 endfacet
 facet normal  0.000000e+00  0.000000e+00  1.000000e+00
   outer loop
     vertex -7.267607e+00  2.153667e+00  7.000000e+00
     vertex -7.562175e+00  5.195328e-01  7.000000e+00
     vertex -7.579287e+00  1.039848e-01  7.000000e+00
   endloop
 endfacet
 facet normal  0.000000e+00  0.000000e+00  1.000000e+00
   outer loop
     vertex -7.267607e+00  2.153667e+00  7.000000e+00
     vertex -7.579287e+00  1.039848e-01  7.000000e+00
     vertex -3.909434e+00 -6.494053e+00  7.000000e+00
   endloop
 endfacet
 facet normal  0.000000e+00  0.000000e+00  1.000000e+00
   outer loop
     vertex -7.267607e+00  2.153667e+00  7.000000e+00
     vertex -7.323956e+00  1.953477e+00  7.000000e+00
     vertex -7.562175e+00  5.195328e-01  7.000000e+00
   endloop
 endfacet
 facet normal  0.000000e+00  0.000000e+00  1.000000e+00
   outer loop
     vertex  2.500010e+00 -7.155861e+00  7.000000e+00
     vertex  2.103766e+00 -7.282209e+00  7.000000e+00
     vertex  2.302754e+00 -7.221753e+00  7.000000e+00
   endloop
 endfacet
 facet normal  0.000000e+00  0.000000e+00  1.000000e+00
   outer loop
     vertex  2.888727e+00 -7.007971e+00  7.000000e+00
     vertex  2.500010e+00 -7.155861e+00  7.000000e+00
     vertex  2.695383e+00 -7.084583e+00  7.000000e+00
   endloop
 endfacet
 facet normal  0.000000e+00  0.000000e+00  1.000000e+00
   outer loop
     vertex  2.888727e+00 -7.007971e+00  7.000000e+00
     vertex  1.497903e+00 -7.430524e+00  7.000000e+00
     vertex  2.103766e+00 -7.282209e+00  7.000000e+00
   endloop
 endfacet
 facet normal  0.000000e+00  0.000000e+00  1.000000e+00
   outer loop
     vertex  2.888727e+00 -7.007971e+00  7.000000e+00
     vertex  2.103766e+00 -7.282209e+00  7.000000e+00
     vertex  2.500010e+00 -7.155861e+00  7.000000e+00
   endloop
 endfacet
 facet normal  0.000000e+00  0.000000e+00  1.000000e+00
   outer loop
     vertex -6.987991e+00  2.936729e+00  7.000000e+00
     vertex -7.065928e+00  2.743915e+00  7.000000e+00
     vertex -7.138545e+00  2.549035e+00  7.000000e+00
   endloop
 endfacet
 facet normal  0.000000e+00  0.000000e+00  1.000000e+00
   outer loop
     vertex -6.987991e+00  2.936729e+00  7.000000e+00
     vertex -7.138545e+00  2.549035e+00  7.000000e+00
     vertex -7.205788e+00  2.352236e+00  7.000000e+00
   endloop
 endfacet
 facet normal  0.000000e+00  0.000000e+00  1.000000e+00
   outer loop
     vertex  3.079897e+00 -6.926084e+00  7.000000e+00
     vertex  1.497903e+00 -7.430524e+00  7.000000e+00
     vertex  2.888727e+00 -7.007971e+00  7.000000e+00
   endloop
 endfacet
 facet normal  0.000000e+00  0.000000e+00  1.000000e+00
   outer loop
     vertex -6.816401e+00  3.315582e+00  7.000000e+00
     vertex -6.987991e+00  2.936729e+00  7.000000e+00
     vertex -7.205788e+00  2.352236e+00  7.000000e+00
   endloop
 endfacet
 facet normal  0.000000e+00  0.000000e+00  1.000000e+00
   outer loop
     vertex -6.816401e+00  3.315582e+00  7.000000e+00
     vertex -7.205788e+00  2.352236e+00  7.000000e+00
     vertex -7.267607e+00  2.153667e+00  7.000000e+00
   endloop
 endfacet
 facet normal  0.000000e+00  0.000000e+00  1.000000e+00
   outer loop
     vertex -6.816401e+00  3.315582e+00  7.000000e+00
     vertex -6.904795e+00  3.127333e+00  7.000000e+00
     vertex -6.987991e+00  2.936729e+00  7.000000e+00
   endloop
 endfacet
 facet normal  0.000000e+00  0.000000e+00  1.000000e+00
   outer loop
     vertex  3.455139e+00 -6.746734e+00  7.000000e+00
     vertex  3.079897e+00 -6.926084e+00  7.000000e+00
     vertex  3.268748e+00 -6.838983e+00  7.000000e+00
   endloop
 endfacet
 facet normal  0.000000e+00  0.000000e+00  1.000000e+00
   outer loop
     vertex  3.819979e+00 -6.547073e+00  7.000000e+00
     vertex  3.079897e+00 -6.926084e+00  7.000000e+00
     vertex  3.455139e+00 -6.746734e+00  7.000000e+00
   endloop
 endfacet
 facet normal  0.000000e+00  0.000000e+00  1.000000e+00
   outer loop
     vertex  3.819979e+00 -6.547073e+00  7.000000e+00
     vertex  3.455139e+00 -6.746734e+00  7.000000e+00
     vertex  3.638929e+00 -6.649406e+00  7.000000e+00
   endloop
 endfacet
 facet normal  0.000000e+00  0.000000e+00  1.000000e+00
   outer loop
     vertex -6.520716e+00  3.864798e+00  7.000000e+00
     vertex -6.624289e+00  3.684453e+00  7.000000e+00
     vertex -6.722875e+00  3.501336e+00  7.000000e+00
   endloop
 endfacet
 facet normal  0.000000e+00  0.000000e+00  1.000000e+00
   outer loop
     vertex -6.412235e+00  4.042233e+00  7.000000e+00
     vertex -6.520716e+00  3.864798e+00  7.000000e+00
     vertex -6.722875e+00  3.501336e+00  7.000000e+00
   endloop
 endfacet
 facet normal  0.000000e+00  0.000000e+00  1.000000e+00
   outer loop
     vertex  4.173319e+00 -6.327702e+00  7.000000e+00
     vertex  1.497903e+00 -7.430524e+00  7.000000e+00
     vertex  3.079897e+00 -6.926084e+00  7.000000e+00
   endloop
 endfacet
 facet normal  0.000000e+00  0.000000e+00  1.000000e+00
   outer loop
     vertex  4.173319e+00 -6.327702e+00  7.000000e+00
     vertex  3.079897e+00 -6.926084e+00  7.000000e+00
     vertex  3.819979e+00 -6.547073e+00  7.000000e+00
   endloop
 endfacet
 facet normal  0.000000e+00  0.000000e+00  1.000000e+00
   outer loop
     vertex  4.173319e+00 -6.327702e+00  7.000000e+00
     vertex -3.909434e+00 -6.494053e+00  7.000000e+00
     vertex  1.497903e+00 -7.430524e+00  7.000000e+00
   endloop
 endfacet
 facet normal  0.000000e+00  0.000000e+00  1.000000e+00
   outer loop
     vertex  4.173319e+00 -6.327702e+00  7.000000e+00
     vertex  3.819979e+00 -6.547073e+00  7.000000e+00
     vertex  3.998154e+00 -6.439811e+00  7.000000e+00
   endloop
 endfacet
 facet normal  0.000000e+00  0.000000e+00  1.000000e+00
   outer loop
     vertex -6.298927e+00  4.216625e+00  7.000000e+00
     vertex -6.412235e+00  4.042233e+00  7.000000e+00
     vertex -6.722875e+00  3.501336e+00  7.000000e+00
   endloop
 endfacet
 facet normal  0.000000e+00  0.000000e+00  1.000000e+00
   outer loop
     vertex -5.930911e+00  4.720243e+00  7.000000e+00
     vertex -6.298927e+00  4.216625e+00  7.000000e+00
     vertex -6.722875e+00  3.501336e+00  7.000000e+00
   endloop
 endfacet
 facet normal  0.000000e+00  0.000000e+00  1.000000e+00
   outer loop
     vertex -5.930911e+00  4.720243e+00  7.000000e+00
     vertex -6.058174e+00  4.555758e+00  7.000000e+00
     vertex -6.180877e+00  4.387843e+00  7.000000e+00
   endloop
 endfacet
 facet normal  0.000000e+00  0.000000e+00  1.000000e+00
   outer loop
     vertex -5.930911e+00  4.720243e+00  7.000000e+00
     vertex -6.180877e+00  4.387843e+00  7.000000e+00
     vertex -6.298927e+00  4.216625e+00  7.000000e+00
   endloop
 endfacet
 facet normal  0.000000e+00  0.000000e+00  1.000000e+00
   outer loop
     vertex -5.930911e+00  4.720243e+00  7.000000e+00
     vertex -6.722875e+00  3.501336e+00  7.000000e+00
     vertex -6.816401e+00  3.315582e+00  7.000000e+00
   endloop
 endfacet
 facet normal  0.000000e+00  0.000000e+00  1.000000e+00
   outer loop
     vertex  4.841282e+00 -5.832528e+00  7.000000e+00
     vertex  4.345343e+00 -6.210829e+00  7.000000e+00
     vertex  4.514096e+00 -6.089281e+00  7.000000e+00
   endloop
 endfacet
 facet normal  0.000000e+00  0.000000e+00  1.000000e+00
   outer loop
     vertex  4.841282e+00 -5.832528e+00  7.000000e+00
     vertex  4.514096e+00 -6.089281e+00  7.000000e+00
     vertex  4.679450e+00 -5.963149e+00  7.000000e+00
   endloop
 endfacet
 facet normal  0.000000e+00  0.000000e+00  1.000000e+00
   outer loop
     vertex  4.999470e+00 -5.697517e+00  7.000000e+00
     vertex  4.345343e+00 -6.210829e+00  7.000000e+00
     vertex  4.841282e+00 -5.832528e+00  7.000000e+00
   endloop
 endfacet
 facet normal  0.000000e+00  0.000000e+00  1.000000e+00
   outer loop
     vertex -5.663090e+00  5.038433e+00  7.000000e+00
     vertex -5.799183e+00  4.881175e+00  7.000000e+00
     vertex -5.930911e+00  4.720243e+00  7.000000e+00
   endloop
 endfacet
 facet normal  0.000000e+00  0.000000e+00  1.000000e+00
   outer loop
     vertex  5.153894e+00 -5.558217e+00  7.000000e+00
     vertex  4.345343e+00 -6.210829e+00  7.000000e+00
     vertex  4.999470e+00 -5.697517e+00  7.000000e+00
   endloop
 endfacet
 facet normal  0.000000e+00  0.000000e+00  1.000000e+00
   outer loop
     vertex  5.304439e+00 -5.414733e+00  7.000000e+00
     vertex  4.345343e+00 -6.210829e+00  7.000000e+00
     vertex  5.153894e+00 -5.558217e+00  7.000000e+00
   endloop
 endfacet
 facet normal  0.000000e+00  0.000000e+00  1.000000e+00
   outer loop
     vertex  5.304439e+00 -5.414733e+00  7.000000e+00
     vertex  4.173319e+00 -6.327702e+00  7.000000e+00
     vertex  4.345343e+00 -6.210829e+00  7.000000e+00
   endloop
 endfacet
 facet normal  0.000000e+00  0.000000e+00  1.000000e+00
   outer loop
     vertex -5.378221e+00  5.341455e+00  7.000000e+00
     vertex -5.522734e+00  5.191898e+00  7.000000e+00
     vertex -5.663090e+00  5.038433e+00  7.000000e+00
   endloop
 endfacet
 facet normal  0.000000e+00  0.000000e+00  1.000000e+00
   outer loop
     vertex -5.229658e+00  5.486991e+00  7.000000e+00
     vertex -5.663090e+00  5.038433e+00  7.000000e+00
     vertex -5.930911e+00  4.720243e+00  7.000000e+00
   endloop
 endfacet
 facet normal  0.000000e+00  0.000000e+00  1.000000e+00
   outer loop
     vertex -5.229658e+00  5.486991e+00  7.000000e+00
     vertex -5.378221e+00  5.341455e+00  7.000000e+00
     vertex -5.663090e+00  5.038433e+00  7.000000e+00
   endloop
 endfacet
 facet normal  0.000000e+00  0.000000e+00  1.000000e+00
   outer loop
     vertex  5.731676e+00 -4.960271e+00  7.000000e+00
     vertex  5.450990e+00 -5.267172e+00  7.000000e+00
     vertex  5.593438e+00 -5.115647e+00  7.000000e+00
   endloop
 endfacet
 facet normal  0.000000e+00  0.000000e+00  1.000000e+00
   outer loop
     vertex  5.731676e+00 -4.960271e+00  7.000000e+00
     vertex  5.304439e+00 -5.414733e+00  7.000000e+00
     vertex  5.450990e+00 -5.267172e+00  7.000000e+00
   endloop
 endfacet
 facet normal  0.000000e+00  0.000000e+00  1.000000e+00
   outer loop
     vertex  5.865599e+00 -4.801161e+00  7.000000e+00
     vertex  5.304439e+00 -5.414733e+00  7.000000e+00
     vertex  5.731676e+00 -4.960271e+00  7.000000e+00
   endloop
 endfacet
 facet normal  0.000000e+00  0.000000e+00  1.000000e+00
   outer loop
     vertex -4.760814e+00  5.898394e+00  7.000000e+00
     vertex -4.920839e+00  5.765565e+00  7.000000e+00
     vertex -5.077160e+00  5.628397e+00  7.000000e+00
   endloop
 endfacet
 facet normal  0.000000e+00  0.000000e+00  1.000000e+00
   outer loop
     vertex  5.995107e+00 -4.638437e+00  7.000000e+00
     vertex  5.304439e+00 -5.414733e+00  7.000000e+00
     vertex  5.865599e+00 -4.801161e+00  7.000000e+00
   endloop
 endfacet
 facet normal  0.000000e+00  0.000000e+00  1.000000e+00
   outer loop
     vertex -4.597205e+00  6.026782e+00  7.000000e+00
     vertex -4.760814e+00  5.898394e+00  7.000000e+00
     vertex -5.077160e+00  5.628397e+00  7.000000e+00
   endloop
 endfacet
 facet normal  0.000000e+00  0.000000e+00  1.000000e+00
   outer loop
     vertex -4.597205e+00  6.026782e+00  7.000000e+00
     vertex -5.077160e+00  5.628397e+00  7.000000e+00
     vertex -5.229658e+00  5.486991e+00  7.000000e+00
   endloop
 endfacet
 facet normal  0.000000e+00  0.000000e+00  1.000000e+00
   outer loop
     vertex  6.356179e+00 -4.129817e+00  7.000000e+00
     vertex  5.995107e+00 -4.638437e+00  7.000000e+00
     vertex  6.120101e+00 -4.472221e+00  7.000000e+00
   endloop
 endfacet
 facet normal  0.000000e+00  0.000000e+00  1.000000e+00
   outer loop
     vertex  6.356179e+00 -4.129817e+00  7.000000e+00
     vertex  6.120101e+00 -4.472221e+00  7.000000e+00
     vertex  6.240489e+00 -4.302639e+00  7.000000e+00
   endloop
 endfacet
 facet normal  0.000000e+00  0.000000e+00  1.000000e+00
   outer loop
     vertex  6.356179e+00 -4.129817e+00  7.000000e+00
     vertex  4.173319e+00 -6.327702e+00  7.000000e+00
     vertex  5.304439e+00 -5.414733e+00  7.000000e+00
   endloop
 endfacet
 facet normal  0.000000e+00  0.000000e+00  1.000000e+00
   outer loop
     vertex  6.356179e+00 -4.129817e+00  7.000000e+00
     vertex  5.304439e+00 -5.414733e+00  7.000000e+00
     vertex  5.995107e+00 -4.638437e+00  7.000000e+00
   endloop
 endfacet
 facet normal  0.000000e+00  0.000000e+00  1.000000e+00
   outer loop
     vertex -3.909434e+00  6.494053e+00  7.000000e+00
     vertex -4.086121e+00  6.384357e+00  7.000000e+00
     vertex -4.259732e+00  6.269855e+00  7.000000e+00
   endloop
 endfacet
 facet normal  0.000000e+00  0.000000e+00  1.000000e+00
   outer loop
     vertex  6.573121e+00 -3.774981e+00  7.000000e+00
     vertex  6.356179e+00 -4.129817e+00  7.000000e+00
     vertex  6.467084e+00 -3.953887e+00  7.000000e+00
   endloop
 endfacet
 facet normal  0.000000e+00  0.000000e+00  1.000000e+00
   outer loop
     vertex  6.573121e+00 -3.774981e+00  7.000000e+00
     vertex  4.173319e+00 -6.327702e+00  7.000000e+00
     vertex  6.356179e+00 -4.129817e+00  7.000000e+00
   endloop
 endfacet
 facet normal  0.000000e+00  0.000000e+00  1.000000e+00
   outer loop
     vertex -3.547367e+00  6.698700e+00  7.000000e+00
     vertex -4.597205e+00  6.026782e+00  7.000000e+00
     vertex -5.229658e+00  5.486991e+00  7.000000e+00
   endloop
 endfacet
 facet normal  0.000000e+00  0.000000e+00  1.000000e+00
   outer loop
     vertex -3.547367e+00  6.698700e+00  7.000000e+00
     vertex -3.729805e+00  6.598860e+00  7.000000e+00
     vertex -3.909434e+00  6.494053e+00  7.000000e+00
   endloop
 endfacet
 facet normal  0.000000e+00  0.000000e+00  1.000000e+00
   outer loop
     vertex -3.547367e+00  6.698700e+00  7.000000e+00
     vertex -4.259732e+00  6.269855e+00  7.000000e+00
     vertex -4.430136e+00  6.150634e+00  7.000000e+00
   endloop
 endfacet
 facet normal  0.000000e+00  0.000000e+00  1.000000e+00
   outer loop
     vertex -3.547367e+00  6.698700e+00  7.000000e+00
     vertex -4.430136e+00  6.150634e+00  7.000000e+00
     vertex -4.597205e+00  6.026782e+00  7.000000e+00
   endloop
 endfacet
 facet normal  0.000000e+00  0.000000e+00  1.000000e+00
   outer loop
     vertex -3.547367e+00  6.698700e+00  7.000000e+00
     vertex -3.909434e+00  6.494053e+00  7.000000e+00
     vertex -4.259732e+00  6.269855e+00  7.000000e+00
   endloop
 endfacet
 facet normal  0.000000e+00  0.000000e+00  1.000000e+00
   outer loop
     vertex  6.861243e+00 -3.221760e+00  7.000000e+00
     vertex  6.674210e+00 -3.593233e+00  7.000000e+00
     vertex  6.770275e+00 -3.408780e+00  7.000000e+00
   endloop
 endfacet
 facet normal  0.000000e+00  0.000000e+00  1.000000e+00
   outer loop
     vertex -2.984593e+00  6.967683e+00  7.000000e+00
     vertex -3.174621e+00  6.883181e+00  7.000000e+00
     vertex -3.362260e+00  6.793498e+00  7.000000e+00
   endloop
 endfacet
 facet normal  0.000000e+00  0.000000e+00  1.000000e+00
   outer loop
     vertex  7.027621e+00 -2.840589e+00  7.000000e+00
     vertex  6.573121e+00 -3.774981e+00  7.000000e+00
     vertex  6.674210e+00 -3.593233e+00  7.000000e+00
   endloop
 endfacet
 facet normal  0.000000e+00  0.000000e+00  1.000000e+00
   outer loop
     vertex  7.027621e+00 -2.840589e+00  7.000000e+00
     vertex  6.861243e+00 -3.221760e+00  7.000000e+00
     vertex  6.947047e+00 -3.032316e+00  7.000000e+00
   endloop
 endfacet
 facet normal  0.000000e+00  0.000000e+00  1.000000e+00
   outer loop
     vertex  7.027621e+00 -2.840589e+00  7.000000e+00
     vertex  6.674210e+00 -3.593233e+00  7.000000e+00
     vertex  6.861243e+00 -3.221760e+00  7.000000e+00
   endloop
 endfacet
 facet normal  0.000000e+00  0.000000e+00  1.000000e+00
   outer loop
     vertex -2.792318e+00  7.046940e+00  7.000000e+00
     vertex -2.984593e+00  6.967683e+00  7.000000e+00
     vertex -3.362260e+00  6.793498e+00  7.000000e+00
   endloop
 endfacet
 facet normal  0.000000e+00  0.000000e+00  1.000000e+00
   outer loop
     vertex  7.102904e+00 -2.646724e+00  7.000000e+00
     vertex  4.173319e+00 -6.327702e+00  7.000000e+00
     vertex  6.573121e+00 -3.774981e+00  7.000000e+00
   endloop
 endfacet
 facet normal  0.000000e+00  0.000000e+00  1.000000e+00
   outer loop
     vertex  7.102904e+00 -2.646724e+00  7.000000e+00
     vertex  6.573121e+00 -3.774981e+00  7.000000e+00
     vertex  7.027621e+00 -2.840589e+00  7.000000e+00
   endloop
 endfacet
 facet normal  0.000000e+00  0.000000e+00  1.000000e+00
   outer loop
     vertex -2.401608e+00  7.189484e+00  7.000000e+00
     vertex -2.597941e+00  7.120892e+00  7.000000e+00
     vertex -2.792318e+00  7.046940e+00  7.000000e+00
   endloop
 endfacet
 facet normal  0.000000e+00  0.000000e+00  1.000000e+00
   outer loop
     vertex  7.237379e+00 -2.253164e+00  7.000000e+00
     vertex  4.173319e+00 -6.327702e+00  7.000000e+00
     vertex  7.102904e+00 -2.646724e+00  7.000000e+00
   endloop
 endfacet
 facet normal  0.000000e+00  0.000000e+00  1.000000e+00
   outer loop
     vertex  7.237379e+00 -2.253164e+00  7.000000e+00
     vertex  7.102904e+00 -2.646724e+00  7.000000e+00
     vertex  7.172841e+00 -2.450866e+00  7.000000e+00
   endloop
 endfacet
 facet normal  0.000000e+00  0.000000e+00  1.000000e+00
   outer loop
     vertex -2.003668e+00  7.310384e+00  7.000000e+00
     vertex -2.401608e+00  7.189484e+00  7.000000e+00
     vertex -2.792318e+00  7.046940e+00  7.000000e+00
   endloop
 endfacet
 facet normal  0.000000e+00  0.000000e+00  1.000000e+00
   outer loop
     vertex -2.003668e+00  7.310384e+00  7.000000e+00
     vertex -2.203467e+00  7.252664e+00  7.000000e+00
     vertex -2.401608e+00  7.189484e+00  7.000000e+00
   endloop
 endfacet
 facet normal  0.000000e+00  0.000000e+00  1.000000e+00
   outer loop
     vertex -1.802361e+00  7.362601e+00  7.000000e+00
     vertex -2.792318e+00  7.046940e+00  7.000000e+00
     vertex -3.362260e+00  6.793498e+00  7.000000e+00
   endloop
 endfacet
 facet normal  0.000000e+00  0.000000e+00  1.000000e+00
   outer loop
     vertex -1.802361e+00  7.362601e+00  7.000000e+00
     vertex -2.003668e+00  7.310384e+00  7.000000e+00
     vertex -2.792318e+00  7.046940e+00  7.000000e+00
   endloop
 endfacet
 facet normal  0.000000e+00  0.000000e+00  1.000000e+00
   outer loop
     vertex -1.395828e+00  7.450373e+00  7.000000e+00
     vertex -1.599696e+00  7.409276e+00  7.000000e+00
     vertex -1.802361e+00  7.362601e+00  7.000000e+00
   endloop
 endfacet
 facet normal  0.000000e+00  0.000000e+00  1.000000e+00
   outer loop
     vertex  7.477518e+00 -1.242228e+00  7.000000e+00
     vertex -6.816401e+00  3.315582e+00  7.000000e+00
     vertex -7.267607e+00  2.153667e+00  7.000000e+00
   endloop
 endfacet
 facet normal  0.000000e+00  0.000000e+00  1.000000e+00
   outer loop
     vertex  7.477518e+00 -1.242228e+00  7.000000e+00
     vertex  4.173319e+00 -6.327702e+00  7.000000e+00
     vertex  7.237379e+00 -2.253164e+00  7.000000e+00
   endloop
 endfacet
 facet normal  0.000000e+00  0.000000e+00  1.000000e+00
   outer loop
     vertex  7.477518e+00 -1.242228e+00  7.000000e+00
     vertex  7.237379e+00 -2.253164e+00  7.000000e+00
     vertex  7.296468e+00 -2.053765e+00  7.000000e+00
   endloop
 endfacet
 facet normal  0.000000e+00  0.000000e+00  1.000000e+00
   outer loop
     vertex  7.477518e+00 -1.242228e+00  7.000000e+00
     vertex  7.296468e+00 -2.053765e+00  7.000000e+00
     vertex  7.350065e+00 -1.852821e+00  7.000000e+00
   endloop
 endfacet
 facet normal  0.000000e+00  0.000000e+00  1.000000e+00
   outer loop
     vertex  7.477518e+00 -1.242228e+00  7.000000e+00
     vertex  7.350065e+00 -1.852821e+00  7.000000e+00
     vertex  7.398129e+00 -1.650481e+00  7.000000e+00
   endloop
 endfacet
 facet normal  0.000000e+00  0.000000e+00  1.000000e+00
   outer loop
     vertex  7.477518e+00 -1.242228e+00  7.000000e+00
     vertex  7.398129e+00 -1.650481e+00  7.000000e+00
     vertex  7.440624e+00 -1.446899e+00  7.000000e+00
   endloop
 endfacet
 facet normal  0.000000e+00  0.000000e+00  1.000000e+00
   outer loop
     vertex  7.477518e+00 -1.242228e+00  7.000000e+00
     vertex -3.909434e+00 -6.494053e+00  7.000000e+00
     vertex  4.173319e+00 -6.327702e+00  7.000000e+00
   endloop
 endfacet
 facet normal  0.000000e+00  0.000000e+00  1.000000e+00
   outer loop
     vertex  7.477518e+00 -1.242228e+00  7.000000e+00
     vertex -5.930911e+00  4.720243e+00  7.000000e+00
     vertex -6.816401e+00  3.315582e+00  7.000000e+00
   endloop
 endfacet
 facet normal  0.000000e+00  0.000000e+00  1.000000e+00
   outer loop
     vertex  7.477518e+00 -1.242228e+00  7.000000e+00
     vertex -5.229658e+00  5.486991e+00  7.000000e+00
     vertex -5.930911e+00  4.720243e+00  7.000000e+00
   endloop
 endfacet
 facet normal  0.000000e+00  0.000000e+00  1.000000e+00
   outer loop
     vertex  7.477518e+00 -1.242228e+00  7.000000e+00
     vertex -7.267607e+00  2.153667e+00  7.000000e+00
     vertex -3.909434e+00 -6.494053e+00  7.000000e+00
   endloop
 endfacet
 facet normal  0.000000e+00  0.000000e+00  1.000000e+00
   outer loop
     vertex -9.850926e-01  7.515716e+00  7.000000e+00
     vertex -1.802361e+00  7.362601e+00  7.000000e+00
     vertex -3.362260e+00  6.793498e+00  7.000000e+00
   endloop
 endfacet
 facet normal  0.000000e+00  0.000000e+00  1.000000e+00
   outer loop
     vertex -9.850926e-01  7.515716e+00  7.000000e+00
     vertex -1.395828e+00  7.450373e+00  7.000000e+00
     vertex -1.802361e+00  7.362601e+00  7.000000e+00
   endloop
 endfacet
 facet normal  0.000000e+00  0.000000e+00  1.000000e+00
   outer loop
     vertex -9.850926e-01  7.515716e+00  7.000000e+00
     vertex -1.190908e+00  7.485862e+00  7.000000e+00
     vertex -1.395828e+00  7.450373e+00  7.000000e+00
   endloop
 endfacet
 facet normal  0.000000e+00  0.000000e+00  1.000000e+00
   outer loop
     vertex -3.638185e-01  7.571264e+00  7.000000e+00
     vertex -5.713920e-01  7.558433e+00  7.000000e+00
     vertex -7.785353e-01  7.539913e+00  7.000000e+00
   endloop
 endfacet
 facet normal  0.000000e+00  0.000000e+00  1.000000e+00
   outer loop
     vertex -1.559711e-01  7.578395e+00  7.000000e+00
     vertex -9.850926e-01  7.515716e+00  7.000000e+00
     vertex -3.362260e+00  6.793498e+00  7.000000e+00
   endloop
 endfacet
 facet normal  0.000000e+00  0.000000e+00  1.000000e+00
   outer loop
     vertex -1.559711e-01  7.578395e+00  7.000000e+00
     vertex -7.785353e-01  7.539913e+00  7.000000e+00
     vertex -9.850926e-01  7.515716e+00  7.000000e+00
   endloop
 endfacet
 facet normal  0.000000e+00  0.000000e+00  1.000000e+00
   outer loop
     vertex -1.559711e-01  7.578395e+00  7.000000e+00
     vertex -3.638185e-01  7.571264e+00  7.000000e+00
     vertex -7.785353e-01  7.539913e+00  7.000000e+00
   endloop
 endfacet
 facet normal  0.000000e+00  0.000000e+00  1.000000e+00
   outer loop
     vertex  7.577147e+00  2.079501e-01  7.000000e+00
     vertex  7.568590e+00 -4.157436e-01  7.000000e+00
     vertex  7.577147e+00 -2.079501e-01  7.000000e+00
   endloop
 endfacet
 facet normal  0.000000e+00  0.000000e+00  1.000000e+00
   outer loop
     vertex  7.577147e+00  2.079501e-01  7.000000e+00
     vertex  7.577147e+00 -2.079501e-01  7.000000e+00
     vertex  7.580000e+00  0.000000e+00  7.000000e+00
   endloop
 endfacet
 facet normal  0.000000e+00  0.000000e+00  1.000000e+00
   outer loop
     vertex  2.599193e-01  7.575542e+00  7.000000e+00
     vertex  5.199364e-02  7.579822e+00  7.000000e+00
     vertex -1.559711e-01  7.578395e+00  7.000000e+00
   endloop
 endfacet
 facet normal  0.000000e+00  0.000000e+00  1.000000e+00
   outer loop
     vertex  7.568590e+00  4.157436e-01  7.000000e+00
     vertex  7.568590e+00 -4.157436e-01  7.000000e+00
     vertex  7.577147e+00  2.079501e-01  7.000000e+00
   endloop
 endfacet
 facet normal  0.000000e+00  0.000000e+00  1.000000e+00
   outer loop
     vertex  8.818969e-01  7.528523e+00  7.000000e+00
     vertex  6.750272e-01  7.549883e+00  7.000000e+00
     vertex  4.676492e-01  7.565560e+00  7.000000e+00
   endloop
 endfacet
 facet normal  0.000000e+00  0.000000e+00  1.000000e+00
   outer loop
     vertex  8.818969e-01  7.528523e+00  7.000000e+00
     vertex  4.676492e-01  7.565560e+00  7.000000e+00
     vertex  2.599193e-01  7.575542e+00  7.000000e+00
   endloop
 endfacet
 facet normal  0.000000e+00  0.000000e+00  1.000000e+00
   outer loop
     vertex  7.508782e+00  1.036622e+00  7.000000e+00
     vertex  7.568590e+00  4.157436e-01  7.000000e+00
     vertex  7.554336e+00  6.232242e-01  7.000000e+00
   endloop
 endfacet
 facet normal  0.000000e+00  0.000000e+00  1.000000e+00
   outer loop
     vertex  7.508782e+00  1.036622e+00  7.000000e+00
     vertex  7.554336e+00  6.232242e-01  7.000000e+00
     vertex  7.534395e+00  8.302357e-01  7.000000e+00
   endloop
 endfacet
 facet normal  0.000000e+00  0.000000e+00  1.000000e+00
   outer loop
     vertex  7.508782e+00  1.036622e+00  7.000000e+00
     vertex  7.554336e+00 -6.232242e-01  7.000000e+00
     vertex  7.568590e+00 -4.157436e-01  7.000000e+00
   endloop
 endfacet
 facet normal  0.000000e+00  0.000000e+00  1.000000e+00
   outer loop
     vertex  7.508782e+00  1.036622e+00  7.000000e+00
     vertex  7.568590e+00 -4.157436e-01  7.000000e+00
     vertex  7.568590e+00  4.157436e-01  7.000000e+00
   endloop
 endfacet
 facet normal  0.000000e+00  0.000000e+00  1.000000e+00
   outer loop
     vertex  1.088103e+00  7.501495e+00  7.000000e+00
     vertex  2.599193e-01  7.575542e+00  7.000000e+00
     vertex -1.559711e-01  7.578395e+00  7.000000e+00
   endloop
 endfacet
 facet normal  0.000000e+00  0.000000e+00  1.000000e+00
   outer loop
     vertex  1.088103e+00  7.501495e+00  7.000000e+00
     vertex  8.818969e-01  7.528523e+00  7.000000e+00
     vertex  2.599193e-01  7.575542e+00  7.000000e+00
   endloop
 endfacet
 facet normal  0.000000e+00  0.000000e+00  1.000000e+00
   outer loop
     vertex  7.440624e+00  1.446899e+00  7.000000e+00
     vertex  7.508782e+00  1.036622e+00  7.000000e+00
     vertex  7.477518e+00  1.242228e+00  7.000000e+00
   endloop
 endfacet
 facet normal  0.000000e+00  0.000000e+00  1.000000e+00
   outer loop
     vertex  7.440624e+00  1.446899e+00  7.000000e+00
     vertex  7.534395e+00 -8.302357e-01  7.000000e+00
     vertex  7.554336e+00 -6.232242e-01  7.000000e+00
   endloop
 endfacet
 facet normal  0.000000e+00  0.000000e+00  1.000000e+00
   outer loop
     vertex  7.440624e+00  1.446899e+00  7.000000e+00
     vertex  7.554336e+00 -6.232242e-01  7.000000e+00
     vertex  7.508782e+00  1.036622e+00  7.000000e+00
   endloop
 endfacet
 facet normal  0.000000e+00  0.000000e+00  1.000000e+00
   outer loop
     vertex  1.497903e+00  7.430524e+00  7.000000e+00
     vertex  1.293490e+00  7.468821e+00  7.000000e+00
     vertex  1.088103e+00  7.501495e+00  7.000000e+00
   endloop
 endfacet
 facet normal  0.000000e+00  0.000000e+00  1.000000e+00
   outer loop
     vertex  7.398129e+00  1.650481e+00  7.000000e+00
     vertex  7.508782e+00 -1.036622e+00  7.000000e+00
     vertex  7.534395e+00 -8.302357e-01  7.000000e+00
   endloop
 endfacet
 facet normal  0.000000e+00  0.000000e+00  1.000000e+00
   outer loop
     vertex  7.398129e+00  1.650481e+00  7.000000e+00
     vertex  7.534395e+00 -8.302357e-01  7.000000e+00
     vertex  7.440624e+00  1.446899e+00  7.000000e+00
   endloop
 endfacet
 facet normal  0.000000e+00  0.000000e+00  1.000000e+00
   outer loop
     vertex  1.903193e+00  7.337183e+00  7.000000e+00
     vertex  1.701188e+00  7.386634e+00  7.000000e+00
     vertex  1.497903e+00  7.430524e+00  7.000000e+00
   endloop
 endfacet
 facet normal  0.000000e+00  0.000000e+00  1.000000e+00
   outer loop
     vertex  1.903193e+00  7.337183e+00  7.000000e+00
     vertex  1.088103e+00  7.501495e+00  7.000000e+00
     vertex -1.559711e-01  7.578395e+00  7.000000e+00
   endloop
 endfacet
 facet normal  0.000000e+00  0.000000e+00  1.000000e+00
   outer loop
     vertex  1.903193e+00  7.337183e+00  7.000000e+00
     vertex  1.497903e+00  7.430524e+00  7.000000e+00
     vertex  1.088103e+00  7.501495e+00  7.000000e+00
   endloop
 endfacet
 facet normal  0.000000e+00  0.000000e+00  1.000000e+00
   outer loop
     vertex  2.500010e+00  7.155861e+00  7.000000e+00
     vertex  2.302754e+00  7.221753e+00  7.000000e+00
     vertex  2.103766e+00  7.282209e+00  7.000000e+00
   endloop
 endfacet
 facet normal  0.000000e+00  0.000000e+00  1.000000e+00
   outer loop
     vertex  2.695383e+00  7.084583e+00  7.000000e+00
     vertex  2.500010e+00  7.155861e+00  7.000000e+00
     vertex  2.103766e+00  7.282209e+00  7.000000e+00
   endloop
 endfacet
 facet normal  0.000000e+00  0.000000e+00  1.000000e+00
   outer loop
     vertex  7.027621e+00  2.840589e+00  7.000000e+00
     vertex  7.296468e+00  2.053765e+00  7.000000e+00
     vertex  7.237379e+00  2.253164e+00  7.000000e+00
   endloop
 endfacet
 facet normal  0.000000e+00  0.000000e+00  1.000000e+00
   outer loop
     vertex  7.027621e+00  2.840589e+00  7.000000e+00
     vertex  7.237379e+00  2.253164e+00  7.000000e+00
     vertex  7.172841e+00  2.450866e+00  7.000000e+00
   endloop
 endfacet
 facet normal  0.000000e+00  0.000000e+00  1.000000e+00
   outer loop
     vertex  7.027621e+00  2.840589e+00  7.000000e+00
     vertex  7.172841e+00  2.450866e+00  7.000000e+00
     vertex  7.102904e+00  2.646724e+00  7.000000e+00
   endloop
 endfacet
 facet normal  0.000000e+00  0.000000e+00  1.000000e+00
   outer loop
     vertex  2.888727e+00  7.007971e+00  7.000000e+00
     vertex  2.695383e+00  7.084583e+00  7.000000e+00
     vertex  2.103766e+00  7.282209e+00  7.000000e+00
   endloop
 endfacet
 facet normal  0.000000e+00  0.000000e+00  1.000000e+00
   outer loop
     vertex  3.079897e+00  6.926084e+00  7.000000e+00
     vertex  2.888727e+00  7.007971e+00  7.000000e+00
     vertex  2.103766e+00  7.282209e+00  7.000000e+00
   endloop
 endfacet
 facet normal  0.000000e+00  0.000000e+00  1.000000e+00
   outer loop
     vertex  3.079897e+00  6.926084e+00  7.000000e+00
     vertex  2.103766e+00  7.282209e+00  7.000000e+00
     vertex  1.903193e+00  7.337183e+00  7.000000e+00
   endloop
 endfacet
 facet normal  0.000000e+00  0.000000e+00  1.000000e+00
   outer loop
     vertex  6.861243e+00  3.221760e+00  7.000000e+00
     vertex  7.350065e+00  1.852821e+00  7.000000e+00
     vertex  7.296468e+00  2.053765e+00  7.000000e+00
   endloop
 endfacet
 facet normal  0.000000e+00  0.000000e+00  1.000000e+00
   outer loop
     vertex  6.861243e+00  3.221760e+00  7.000000e+00
     vertex  7.296468e+00  2.053765e+00  7.000000e+00
     vertex  7.027621e+00  2.840589e+00  7.000000e+00
   endloop
 endfacet
 facet normal  0.000000e+00  0.000000e+00  1.000000e+00
   outer loop
     vertex  6.861243e+00  3.221760e+00  7.000000e+00
     vertex  7.027621e+00  2.840589e+00  7.000000e+00
     vertex  6.947047e+00  3.032316e+00  7.000000e+00
   endloop
 endfacet
 facet normal  0.000000e+00  0.000000e+00  1.000000e+00
   outer loop
     vertex  3.638929e+00  6.649406e+00  7.000000e+00
     vertex  3.079897e+00  6.926084e+00  7.000000e+00
     vertex  1.903193e+00  7.337183e+00  7.000000e+00
   endloop
 endfacet
 facet normal  0.000000e+00  0.000000e+00  1.000000e+00
   outer loop
     vertex  3.638929e+00  6.649406e+00  7.000000e+00
     vertex  3.455139e+00  6.746734e+00  7.000000e+00
     vertex  3.268748e+00  6.838983e+00  7.000000e+00
   endloop
 endfacet
 facet normal  0.000000e+00  0.000000e+00  1.000000e+00
   outer loop
     vertex  3.638929e+00  6.649406e+00  7.000000e+00
     vertex  3.268748e+00  6.838983e+00  7.000000e+00
     vertex  3.079897e+00  6.926084e+00  7.000000e+00
   endloop
 endfacet
 facet normal  0.000000e+00  0.000000e+00  1.000000e+00
   outer loop
     vertex  3.819979e+00  6.547073e+00  7.000000e+00
     vertex  3.638929e+00  6.649406e+00  7.000000e+00
     vertex  1.903193e+00  7.337183e+00  7.000000e+00
   endloop
 endfacet
 facet normal  0.000000e+00  0.000000e+00  1.000000e+00
   outer loop
     vertex  6.467084e+00  3.953887e+00  7.000000e+00
     vertex  6.861243e+00  3.221760e+00  7.000000e+00
     vertex  6.770275e+00  3.408780e+00  7.000000e+00
   endloop
 endfacet
 facet normal  0.000000e+00  0.000000e+00  1.000000e+00
   outer loop
     vertex  6.467084e+00  3.953887e+00  7.000000e+00
     vertex  6.770275e+00  3.408780e+00  7.000000e+00
     vertex  6.674210e+00  3.593233e+00  7.000000e+00
   endloop
 endfacet
 facet normal  0.000000e+00  0.000000e+00  1.000000e+00
   outer loop
     vertex  6.467084e+00  3.953887e+00  7.000000e+00
     vertex  6.674210e+00  3.593233e+00  7.000000e+00
     vertex  6.573121e+00  3.774981e+00  7.000000e+00
   endloop
 endfacet
 facet normal  0.000000e+00  0.000000e+00  1.000000e+00
   outer loop
     vertex  6.467084e+00  3.953887e+00  7.000000e+00
     vertex  7.350065e+00  1.852821e+00  7.000000e+00
     vertex  6.861243e+00  3.221760e+00  7.000000e+00
   endloop
 endfacet
 facet normal  0.000000e+00  0.000000e+00  1.000000e+00
   outer loop
     vertex  6.356179e+00  4.129817e+00  7.000000e+00
     vertex  7.350065e+00  1.852821e+00  7.000000e+00
     vertex  6.467084e+00  3.953887e+00  7.000000e+00
   endloop
 endfacet
 facet normal  0.000000e+00  0.000000e+00  1.000000e+00
   outer loop
     vertex  4.173319e+00  6.327702e+00  7.000000e+00
     vertex  1.903193e+00  7.337183e+00  7.000000e+00
     vertex -1.559711e-01  7.578395e+00  7.000000e+00
   endloop
 endfacet
 facet normal  0.000000e+00  0.000000e+00  1.000000e+00
   outer loop
     vertex  4.173319e+00  6.327702e+00  7.000000e+00
     vertex  7.477518e+00 -1.242228e+00  7.000000e+00
     vertex  7.508782e+00 -1.036622e+00  7.000000e+00
   endloop
 endfacet
 facet normal  0.000000e+00  0.000000e+00  1.000000e+00
   outer loop
     vertex  4.173319e+00  6.327702e+00  7.000000e+00
     vertex  3.998154e+00  6.439811e+00  7.000000e+00
     vertex  3.819979e+00  6.547073e+00  7.000000e+00
   endloop
 endfacet
 facet normal  0.000000e+00  0.000000e+00  1.000000e+00
   outer loop
     vertex  4.173319e+00  6.327702e+00  7.000000e+00
     vertex  3.819979e+00  6.547073e+00  7.000000e+00
     vertex  1.903193e+00  7.337183e+00  7.000000e+00
   endloop
 endfacet
 facet normal  0.000000e+00  0.000000e+00  1.000000e+00
   outer loop
     vertex  4.173319e+00  6.327702e+00  7.000000e+00
     vertex -5.229658e+00  5.486991e+00  7.000000e+00
     vertex  7.477518e+00 -1.242228e+00  7.000000e+00
   endloop
 endfacet
 facet normal  0.000000e+00  0.000000e+00  1.000000e+00
   outer loop
     vertex  4.173319e+00  6.327702e+00  7.000000e+00
     vertex -1.559711e-01  7.578395e+00  7.000000e+00
     vertex -3.362260e+00  6.793498e+00  7.000000e+00
   endloop
 endfacet
 facet normal  0.000000e+00  0.000000e+00  1.000000e+00
   outer loop
     vertex  4.173319e+00  6.327702e+00  7.000000e+00
     vertex -3.362260e+00  6.793498e+00  7.000000e+00
     vertex -3.547367e+00  6.698700e+00  7.000000e+00
   endloop
 endfacet
 facet normal  0.000000e+00  0.000000e+00  1.000000e+00
   outer loop
     vertex  4.173319e+00  6.327702e+00  7.000000e+00
     vertex -3.547367e+00  6.698700e+00  7.000000e+00
     vertex -5.229658e+00  5.486991e+00  7.000000e+00
   endloop
 endfacet
 facet normal  0.000000e+00  0.000000e+00  1.000000e+00
   outer loop
     vertex  6.120101e+00  4.472221e+00  7.000000e+00
     vertex  7.398129e+00  1.650481e+00  7.000000e+00
     vertex  7.350065e+00  1.852821e+00  7.000000e+00
   endloop
 endfacet
 facet normal  0.000000e+00  0.000000e+00  1.000000e+00
   outer loop
     vertex  6.120101e+00  4.472221e+00  7.000000e+00
     vertex  6.356179e+00  4.129817e+00  7.000000e+00
     vertex  6.240489e+00  4.302639e+00  7.000000e+00
   endloop
 endfacet
 facet normal  0.000000e+00  0.000000e+00  1.000000e+00
   outer loop
     vertex  6.120101e+00  4.472221e+00  7.000000e+00
     vertex  7.350065e+00  1.852821e+00  7.000000e+00
     vertex  6.356179e+00  4.129817e+00  7.000000e+00
   endloop
 endfacet
 facet normal  0.000000e+00  0.000000e+00  1.000000e+00
   outer loop
     vertex  4.679450e+00  5.963149e+00  7.000000e+00
     vertex  4.514096e+00  6.089281e+00  7.000000e+00
     vertex  4.345343e+00  6.210829e+00  7.000000e+00
   endloop
 endfacet
 facet normal  0.000000e+00  0.000000e+00  1.000000e+00
   outer loop
     vertex  4.841282e+00  5.832528e+00  7.000000e+00
     vertex  4.679450e+00  5.963149e+00  7.000000e+00
     vertex  4.345343e+00  6.210829e+00  7.000000e+00
   endloop
 endfacet
 facet normal  0.000000e+00  0.000000e+00  1.000000e+00
   outer loop
     vertex  5.593438e+00  5.115647e+00  7.000000e+00
     vertex  6.120101e+00  4.472221e+00  7.000000e+00
     vertex  5.995107e+00  4.638437e+00  7.000000e+00
   endloop
 endfacet
 facet normal  0.000000e+00  0.000000e+00  1.000000e+00
   outer loop
     vertex  5.593438e+00  5.115647e+00  7.000000e+00
     vertex  5.995107e+00  4.638437e+00  7.000000e+00
     vertex  5.865599e+00  4.801161e+00  7.000000e+00
   endloop
 endfacet
 facet normal  0.000000e+00  0.000000e+00  1.000000e+00
   outer loop
     vertex  5.593438e+00  5.115647e+00  7.000000e+00
     vertex  5.865599e+00  4.801161e+00  7.000000e+00
     vertex  5.731676e+00  4.960271e+00  7.000000e+00
   endloop
 endfacet
 facet normal  0.000000e+00  0.000000e+00  1.000000e+00
   outer loop
     vertex  5.153894e+00  5.558217e+00  7.000000e+00
     vertex  4.999470e+00  5.697517e+00  7.000000e+00
     vertex  4.841282e+00  5.832528e+00  7.000000e+00
   endloop
 endfacet
 facet normal  0.000000e+00  0.000000e+00  1.000000e+00
   outer loop
     vertex  5.304439e+00  5.414733e+00  7.000000e+00
     vertex  5.593438e+00  5.115647e+00  7.000000e+00
     vertex  5.450990e+00  5.267172e+00  7.000000e+00
   endloop
 endfacet
 facet normal  0.000000e+00  0.000000e+00  1.000000e+00
   outer loop
     vertex  5.304439e+00  5.414733e+00  7.000000e+00
     vertex  4.345343e+00  6.210829e+00  7.000000e+00
     vertex  4.173319e+00  6.327702e+00  7.000000e+00
   endloop
 endfacet
 facet normal  0.000000e+00  0.000000e+00  1.000000e+00
   outer loop
     vertex  5.304439e+00  5.414733e+00  7.000000e+00
     vertex  4.173319e+00  6.327702e+00  7.000000e+00
     vertex  7.508782e+00 -1.036622e+00  7.000000e+00
   endloop
 endfacet
 facet normal  0.000000e+00  0.000000e+00  1.000000e+00
   outer loop
     vertex  5.304439e+00  5.414733e+00  7.000000e+00
     vertex  6.120101e+00  4.472221e+00  7.000000e+00
     vertex  5.593438e+00  5.115647e+00  7.000000e+00
   endloop
 endfacet
 facet normal  0.000000e+00  0.000000e+00  1.000000e+00
   outer loop
     vertex  5.304439e+00  5.414733e+00  7.000000e+00
     vertex  7.398129e+00  1.650481e+00  7.000000e+00
     vertex  6.120101e+00  4.472221e+00  7.000000e+00
   endloop
 endfacet
 facet normal  0.000000e+00  0.000000e+00  1.000000e+00
   outer loop
     vertex  5.304439e+00  5.414733e+00  7.000000e+00
     vertex  4.841282e+00  5.832528e+00  7.000000e+00
     vertex  4.345343e+00  6.210829e+00  7.000000e+00
   endloop
 endfacet
 facet normal  0.000000e+00  0.000000e+00  1.000000e+00
   outer loop
     vertex  5.304439e+00  5.414733e+00  7.000000e+00
     vertex  5.153894e+00  5.558217e+00  7.000000e+00
     vertex  4.841282e+00  5.832528e+00  7.000000e+00
   endloop
 endfacet
 facet normal  0.000000e+00  0.000000e+00  1.000000e+00
   outer loop
     vertex  5.304439e+00  5.414733e+00  7.000000e+00
     vertex  7.508782e+00 -1.036622e+00  7.000000e+00
     vertex  7.398129e+00  1.650481e+00  7.000000e+00
   endloop
 endfacet
 facet normal  0.000000e+00  0.000000e+00 -1.000000e+00
   outer loop
     vertex  4.841282e+00 -5.832528e+00  0.000000e+00
     vertex  5.153894e+00 -5.558217e+00  0.000000e+00
     vertex  4.999470e+00 -5.697517e+00  0.000000e+00
   endloop
 endfacet
 facet normal  0.000000e+00  0.000000e+00 -1.000000e+00
   outer loop
     vertex  4.841282e+00 -5.832528e+00  0.000000e+00
     vertex  5.304439e+00 -5.414733e+00  0.000000e+00
     vertex  5.153894e+00 -5.558217e+00  0.000000e+00
   endloop
 endfacet
 facet normal  0.000000e+00  0.000000e+00 -1.000000e+00
   outer loop
     vertex  5.865599e+00 -4.801161e+00  0.000000e+00
     vertex  5.593438e+00 -5.115647e+00  0.000000e+00
     vertex  5.450990e+00 -5.267172e+00  0.000000e+00
   endloop
 endfacet
 facet normal  0.000000e+00  0.000000e+00 -1.000000e+00
   outer loop
     vertex  5.865599e+00 -4.801161e+00  0.000000e+00
     vertex  5.731676e+00 -4.960271e+00  0.000000e+00
     vertex  5.593438e+00 -5.115647e+00  0.000000e+00
   endloop
 endfacet
 facet normal  0.000000e+00  0.000000e+00 -1.000000e+00
   outer loop
     vertex  5.865599e+00 -4.801161e+00  0.000000e+00
     vertex  5.450990e+00 -5.267172e+00  0.000000e+00
     vertex  5.304439e+00 -5.414733e+00  0.000000e+00
   endloop
 endfacet
 facet normal  0.000000e+00  0.000000e+00 -1.000000e+00
   outer loop
     vertex  4.345343e+00 -6.210829e+00  0.000000e+00
     vertex  4.679450e+00 -5.963149e+00  0.000000e+00
     vertex  4.514096e+00 -6.089281e+00  0.000000e+00
   endloop
 endfacet
 facet normal  0.000000e+00  0.000000e+00 -1.000000e+00
   outer loop
     vertex  4.345343e+00 -6.210829e+00  0.000000e+00
     vertex  4.841282e+00 -5.832528e+00  0.000000e+00
     vertex  4.679450e+00 -5.963149e+00  0.000000e+00
   endloop
 endfacet
 facet normal  0.000000e+00  0.000000e+00 -1.000000e+00
   outer loop
     vertex  6.240489e+00 -4.302639e+00  0.000000e+00
     vertex  5.995107e+00 -4.638437e+00  0.000000e+00
     vertex  5.865599e+00 -4.801161e+00  0.000000e+00
   endloop
 endfacet
 facet normal  0.000000e+00  0.000000e+00 -1.000000e+00
   outer loop
     vertex  6.240489e+00 -4.302639e+00  0.000000e+00
     vertex  6.120101e+00 -4.472221e+00  0.000000e+00
     vertex  5.995107e+00 -4.638437e+00  0.000000e+00
   endloop
 endfacet
 facet normal  0.000000e+00  0.000000e+00 -1.000000e+00
   outer loop
     vertex  4.173319e+00 -6.327702e+00  0.000000e+00
     vertex  5.304439e+00 -5.414733e+00  0.000000e+00
     vertex  4.841282e+00 -5.832528e+00  0.000000e+00
   endloop
 endfacet
 facet normal  0.000000e+00  0.000000e+00 -1.000000e+00
   outer loop
     vertex  4.173319e+00 -6.327702e+00  0.000000e+00
     vertex  4.841282e+00 -5.832528e+00  0.000000e+00
     vertex  4.345343e+00 -6.210829e+00  0.000000e+00
   endloop
 endfacet
 facet normal  0.000000e+00  0.000000e+00 -1.000000e+00
   outer loop
     vertex  3.819979e+00 -6.547073e+00  0.000000e+00
     vertex  4.173319e+00 -6.327702e+00  0.000000e+00
     vertex  3.998154e+00 -6.439811e+00  0.000000e+00
   endloop
 endfacet
 facet normal  0.000000e+00  0.000000e+00 -1.000000e+00
   outer loop
     vertex  6.573121e+00 -3.774981e+00  0.000000e+00
     vertex  6.356179e+00 -4.129817e+00  0.000000e+00
     vertex  6.240489e+00 -4.302639e+00  0.000000e+00
   endloop
 endfacet
 facet normal  0.000000e+00  0.000000e+00 -1.000000e+00
   outer loop
     vertex  6.573121e+00 -3.774981e+00  0.000000e+00
     vertex  6.467084e+00 -3.953887e+00  0.000000e+00
     vertex  6.356179e+00 -4.129817e+00  0.000000e+00
   endloop
 endfacet
 facet normal  0.000000e+00  0.000000e+00 -1.000000e+00
   outer loop
     vertex  3.638929e+00 -6.649406e+00  0.000000e+00
     vertex  4.173319e+00 -6.327702e+00  0.000000e+00
     vertex  3.819979e+00 -6.547073e+00  0.000000e+00
   endloop
 endfacet
 facet normal  0.000000e+00  0.000000e+00 -1.000000e+00
   outer loop
     vertex  3.268748e+00 -6.838983e+00  0.000000e+00
     vertex  5.865599e+00 -4.801161e+00  0.000000e+00
     vertex  5.304439e+00 -5.414733e+00  0.000000e+00
   endloop
 endfacet
 facet normal  0.000000e+00  0.000000e+00 -1.000000e+00
   outer loop
     vertex  3.268748e+00 -6.838983e+00  0.000000e+00
     vertex  5.304439e+00 -5.414733e+00  0.000000e+00
     vertex  4.173319e+00 -6.327702e+00  0.000000e+00
   endloop
 endfacet
 facet normal  0.000000e+00  0.000000e+00 -1.000000e+00
   outer loop
     vertex  3.268748e+00 -6.838983e+00  0.000000e+00
     vertex  4.173319e+00 -6.327702e+00  0.000000e+00
     vertex  3.638929e+00 -6.649406e+00  0.000000e+00
   endloop
 endfacet
 facet normal  0.000000e+00  0.000000e+00 -1.000000e+00
   outer loop
     vertex  3.268748e+00 -6.838983e+00  0.000000e+00
     vertex  3.638929e+00 -6.649406e+00  0.000000e+00
     vertex  3.455139e+00 -6.746734e+00  0.000000e+00
   endloop
 endfacet
 facet normal  0.000000e+00  0.000000e+00 -1.000000e+00
   outer loop
     vertex  7.027621e+00 -2.840589e+00  0.000000e+00
     vertex  6.770275e+00 -3.408780e+00  0.000000e+00
     vertex  6.674210e+00 -3.593233e+00  0.000000e+00
   endloop
 endfacet
 facet normal  0.000000e+00  0.000000e+00 -1.000000e+00
   outer loop
     vertex  7.027621e+00 -2.840589e+00  0.000000e+00
     vertex  6.861243e+00 -3.221760e+00  0.000000e+00
     vertex  6.770275e+00 -3.408780e+00  0.000000e+00
   endloop
 endfacet
 facet normal  0.000000e+00  0.000000e+00 -1.000000e+00
   outer loop
     vertex  7.027621e+00 -2.840589e+00  0.000000e+00
     vertex  6.947047e+00 -3.032316e+00  0.000000e+00
     vertex  6.861243e+00 -3.221760e+00  0.000000e+00
   endloop
 endfacet
 facet normal  0.000000e+00  0.000000e+00 -1.000000e+00
   outer loop
     vertex  7.102904e+00 -2.646724e+00  0.000000e+00
     vertex  6.674210e+00 -3.593233e+00  0.000000e+00
     vertex  6.573121e+00 -3.774981e+00  0.000000e+00
   endloop
 endfacet
 facet normal  0.000000e+00  0.000000e+00 -1.000000e+00
   outer loop
     vertex  7.102904e+00 -2.646724e+00  0.000000e+00
     vertex  6.240489e+00 -4.302639e+00  0.000000e+00
     vertex  5.865599e+00 -4.801161e+00  0.000000e+00
   endloop
 endfacet
 facet normal  0.000000e+00  0.000000e+00 -1.000000e+00
   outer loop
     vertex  7.102904e+00 -2.646724e+00  0.000000e+00
     vertex  6.573121e+00 -3.774981e+00  0.000000e+00
     vertex  6.240489e+00 -4.302639e+00  0.000000e+00
   endloop
 endfacet
 facet normal  0.000000e+00  0.000000e+00 -1.000000e+00
   outer loop
     vertex  7.102904e+00 -2.646724e+00  0.000000e+00
     vertex  7.027621e+00 -2.840589e+00  0.000000e+00
     vertex  6.674210e+00 -3.593233e+00  0.000000e+00
   endloop
 endfacet
 facet normal  0.000000e+00  0.000000e+00 -1.000000e+00
   outer loop
     vertex  2.500010e+00 -7.155861e+00  0.000000e+00
     vertex  2.888727e+00 -7.007971e+00  0.000000e+00
     vertex  2.695383e+00 -7.084583e+00  0.000000e+00
   endloop
 endfacet
 facet normal  0.000000e+00  0.000000e+00 -1.000000e+00
   outer loop
     vertex  2.500010e+00 -7.155861e+00  0.000000e+00
     vertex  3.079897e+00 -6.926084e+00  0.000000e+00
     vertex  2.888727e+00 -7.007971e+00  0.000000e+00
   endloop
 endfacet
 facet normal  0.000000e+00  0.000000e+00 -1.000000e+00
   outer loop
     vertex  2.500010e+00 -7.155861e+00  0.000000e+00
     vertex  3.268748e+00 -6.838983e+00  0.000000e+00
     vertex  3.079897e+00 -6.926084e+00  0.000000e+00
   endloop
 endfacet
 facet normal  0.000000e+00  0.000000e+00 -1.000000e+00
   outer loop
     vertex  7.237379e+00 -2.253164e+00  0.000000e+00
     vertex  7.172841e+00 -2.450866e+00  0.000000e+00
     vertex  7.102904e+00 -2.646724e+00  0.000000e+00
   endloop
 endfacet
 facet normal  0.000000e+00  0.000000e+00 -1.000000e+00
   outer loop
     vertex  1.903193e+00 -7.337183e+00  0.000000e+00
     vertex  2.302754e+00 -7.221753e+00  0.000000e+00
     vertex  2.103766e+00 -7.282209e+00  0.000000e+00
   endloop
 endfacet
 facet normal  0.000000e+00  0.000000e+00 -1.000000e+00
   outer loop
     vertex  1.903193e+00 -7.337183e+00  0.000000e+00
     vertex  2.500010e+00 -7.155861e+00  0.000000e+00
     vertex  2.302754e+00 -7.221753e+00  0.000000e+00
   endloop
 endfacet
 facet normal  0.000000e+00  0.000000e+00 -1.000000e+00
   outer loop
     vertex  7.350065e+00 -1.852821e+00  0.000000e+00
     vertex  7.296468e+00 -2.053765e+00  0.000000e+00
     vertex  7.237379e+00 -2.253164e+00  0.000000e+00
   endloop
 endfacet
 facet normal  0.000000e+00  0.000000e+00 -1.000000e+00
   outer loop
     vertex  7.350065e+00 -1.852821e+00  0.000000e+00
     vertex  7.237379e+00 -2.253164e+00  0.000000e+00
     vertex  7.102904e+00 -2.646724e+00  0.000000e+00
   endloop
 endfacet
 facet normal  0.000000e+00  0.000000e+00 -1.000000e+00
   outer loop
     vertex  7.350065e+00 -1.852821e+00  0.000000e+00
     vertex  7.102904e+00 -2.646724e+00  0.000000e+00
     vertex  5.865599e+00 -4.801161e+00  0.000000e+00
   endloop
 endfacet
 facet normal  0.000000e+00  0.000000e+00 -1.000000e+00
   outer loop
     vertex  1.293490e+00 -7.468821e+00  0.000000e+00
     vertex  1.701188e+00 -7.386634e+00  0.000000e+00
     vertex  1.497903e+00 -7.430524e+00  0.000000e+00
   endloop
 endfacet
 facet normal  0.000000e+00  0.000000e+00 -1.000000e+00
   outer loop
     vertex  7.477518e+00 -1.242228e+00  0.000000e+00
     vertex  7.440624e+00 -1.446899e+00  0.000000e+00
     vertex  7.398129e+00 -1.650481e+00  0.000000e+00
   endloop
 endfacet
 facet normal  0.000000e+00  0.000000e+00 -1.000000e+00
   outer loop
     vertex  8.818969e-01 -7.528523e+00  0.000000e+00
     vertex  1.701188e+00 -7.386634e+00  0.000000e+00
     vertex  1.293490e+00 -7.468821e+00  0.000000e+00
   endloop
 endfacet
 facet normal  0.000000e+00  0.000000e+00 -1.000000e+00
   outer loop
     vertex  8.818969e-01 -7.528523e+00  0.000000e+00
     vertex  1.293490e+00 -7.468821e+00  0.000000e+00
     vertex  1.088103e+00 -7.501495e+00  0.000000e+00
   endloop
 endfacet
 facet normal  0.000000e+00  0.000000e+00 -1.000000e+00
   outer loop
     vertex  8.818969e-01 -7.528523e+00  0.000000e+00
     vertex  1.903193e+00 -7.337183e+00  0.000000e+00
     vertex  1.701188e+00 -7.386634e+00  0.000000e+00
   endloop
 endfacet
 facet normal  0.000000e+00  0.000000e+00 -1.000000e+00
   outer loop
     vertex  7.534395e+00 -8.302357e-01  0.000000e+00
     vertex  7.477518e+00 -1.242228e+00  0.000000e+00
     vertex  7.398129e+00 -1.650481e+00  0.000000e+00
   endloop
 endfacet
 facet normal  0.000000e+00  0.000000e+00 -1.000000e+00
   outer loop
     vertex  7.534395e+00 -8.302357e-01  0.000000e+00
     vertex  7.398129e+00 -1.650481e+00  0.000000e+00
     vertex  7.350065e+00 -1.852821e+00  0.000000e+00
   endloop
 endfacet
 facet normal  0.000000e+00  0.000000e+00 -1.000000e+00
   outer loop
     vertex  7.534395e+00 -8.302357e-01  0.000000e+00
     vertex  7.508782e+00 -1.036622e+00  0.000000e+00
     vertex  7.477518e+00 -1.242228e+00  0.000000e+00
   endloop
 endfacet
 facet normal  0.000000e+00  0.000000e+00 -1.000000e+00
   outer loop
     vertex  6.750272e-01 -7.549883e+00  0.000000e+00
     vertex  2.500010e+00 -7.155861e+00  0.000000e+00
     vertex  1.903193e+00 -7.337183e+00  0.000000e+00
   endloop
 endfacet
 facet normal  0.000000e+00  0.000000e+00 -1.000000e+00
   outer loop
     vertex  6.750272e-01 -7.549883e+00  0.000000e+00
     vertex  1.903193e+00 -7.337183e+00  0.000000e+00
     vertex  8.818969e-01 -7.528523e+00  0.000000e+00
   endloop
 endfacet
 facet normal  0.000000e+00  0.000000e+00 -1.000000e+00
   outer loop
     vertex  6.750272e-01 -7.549883e+00  0.000000e+00
     vertex  5.865599e+00 -4.801161e+00  0.000000e+00
     vertex  3.268748e+00 -6.838983e+00  0.000000e+00
   endloop
 endfacet
 facet normal  0.000000e+00  0.000000e+00 -1.000000e+00
   outer loop
     vertex  6.750272e-01 -7.549883e+00  0.000000e+00
     vertex  3.268748e+00 -6.838983e+00  0.000000e+00
     vertex  2.500010e+00 -7.155861e+00  0.000000e+00
   endloop
 endfacet
 facet normal  0.000000e+00  0.000000e+00 -1.000000e+00
   outer loop
     vertex  2.599193e-01 -7.575542e+00  0.000000e+00
     vertex  6.750272e-01 -7.549883e+00  0.000000e+00
     vertex  4.676492e-01 -7.565560e+00  0.000000e+00
   endloop
 endfacet
 facet normal  0.000000e+00  0.000000e+00 -1.000000e+00
   outer loop
     vertex  7.580000e+00  0.000000e+00  0.000000e+00
     vertex  7.554336e+00 -6.232242e-01  0.000000e+00
     vertex  7.534395e+00 -8.302357e-01  0.000000e+00
   endloop
 endfacet
 facet normal  0.000000e+00  0.000000e+00 -1.000000e+00
   outer loop
     vertex  7.580000e+00  0.000000e+00  0.000000e+00
     vertex  7.568590e+00 -4.157436e-01  0.000000e+00
     vertex  7.554336e+00 -6.232242e-01  0.000000e+00
   endloop
 endfacet
 facet normal  0.000000e+00  0.000000e+00 -1.000000e+00
   outer loop
     vertex  7.580000e+00  0.000000e+00  0.000000e+00
     vertex  7.577147e+00 -2.079501e-01  0.000000e+00
     vertex  7.568590e+00 -4.157436e-01  0.000000e+00
   endloop
 endfacet
 facet normal  0.000000e+00  0.000000e+00 -1.000000e+00
   outer loop
     vertex -5.713920e-01 -7.558433e+00  0.000000e+00
     vertex -1.559711e-01 -7.578395e+00  0.000000e+00
     vertex -3.638185e-01 -7.571264e+00  0.000000e+00
   endloop
 endfacet
 facet normal  0.000000e+00  0.000000e+00 -1.000000e+00
   outer loop
     vertex -5.713920e-01 -7.558433e+00  0.000000e+00
     vertex  5.199364e-02 -7.579822e+00  0.000000e+00
     vertex -1.559711e-01 -7.578395e+00  0.000000e+00
   endloop
 endfacet
 facet normal  0.000000e+00  0.000000e+00 -1.000000e+00
   outer loop
     vertex -5.713920e-01 -7.558433e+00  0.000000e+00
     vertex  2.599193e-01 -7.575542e+00  0.000000e+00
     vertex  5.199364e-02 -7.579822e+00  0.000000e+00
   endloop
 endfacet
 facet normal  0.000000e+00  0.000000e+00 -1.000000e+00
   outer loop
     vertex  7.554336e+00  6.232242e-01  0.000000e+00
     vertex  7.577147e+00  2.079501e-01  0.000000e+00
     vertex  7.580000e+00  0.000000e+00  0.000000e+00
   endloop
 endfacet
 facet normal  0.000000e+00  0.000000e+00 -1.000000e+00
   outer loop
     vertex  7.554336e+00  6.232242e-01  0.000000e+00
     vertex  7.568590e+00  4.157436e-01  0.000000e+00
     vertex  7.577147e+00  2.079501e-01  0.000000e+00
   endloop
 endfacet
 facet normal  0.000000e+00 -0.000000e+00 -1.000000e+00
   outer loop
     vertex  7.554336e+00  6.232242e-01  0.000000e+00
     vertex  7.580000e+00  0.000000e+00  0.000000e+00
     vertex  7.534395e+00 -8.302357e-01  0.000000e+00
   endloop
 endfacet
 facet normal  0.000000e+00  0.000000e+00 -1.000000e+00
   outer loop
     vertex -7.785353e-01 -7.539913e+00  0.000000e+00
     vertex  6.750272e-01 -7.549883e+00  0.000000e+00
     vertex  2.599193e-01 -7.575542e+00  0.000000e+00
   endloop
 endfacet
 facet normal  0.000000e+00  0.000000e+00 -1.000000e+00
   outer loop
     vertex -7.785353e-01 -7.539913e+00  0.000000e+00
     vertex  2.599193e-01 -7.575542e+00  0.000000e+00
     vertex -5.713920e-01 -7.558433e+00  0.000000e+00
   endloop
 endfacet
 facet normal  0.000000e+00  0.000000e+00 -1.000000e+00
   outer loop
     vertex  7.534395e+00  8.302357e-01  0.000000e+00
     vertex  7.554336e+00  6.232242e-01  0.000000e+00
     vertex  7.534395e+00 -8.302357e-01  0.000000e+00
   endloop
 endfacet
 facet normal  0.000000e+00  0.000000e+00 -1.000000e+00
   outer loop
     vertex -1.190908e+00 -7.485862e+00  0.000000e+00
     vertex  6.750272e-01 -7.549883e+00  0.000000e+00
     vertex -7.785353e-01 -7.539913e+00  0.000000e+00
   endloop
 endfacet
 facet normal  0.000000e+00  0.000000e+00 -1.000000e+00
   outer loop
     vertex -1.190908e+00 -7.485862e+00  0.000000e+00
     vertex -7.785353e-01 -7.539913e+00  0.000000e+00
     vertex -9.850926e-01 -7.515716e+00  0.000000e+00
   endloop
 endfacet
 facet normal  0.000000e+00  0.000000e+00 -1.000000e+00
   outer loop
     vertex  7.477518e+00  1.242228e+00  0.000000e+00
     vertex  7.508782e+00  1.036622e+00  0.000000e+00
     vertex  7.534395e+00  8.302357e-01  0.000000e+00
   endloop
 endfacet
 facet normal  0.000000e+00  0.000000e+00 -1.000000e+00
   outer loop
     vertex  7.440624e+00  1.446899e+00  0.000000e+00
     vertex  7.534395e+00  8.302357e-01  0.000000e+00
     vertex  7.534395e+00 -8.302357e-01  0.000000e+00
   endloop
 endfacet
 facet normal  0.000000e+00  0.000000e+00 -1.000000e+00
   outer loop
     vertex  7.440624e+00  1.446899e+00  0.000000e+00
     vertex  7.477518e+00  1.242228e+00  0.000000e+00
     vertex  7.534395e+00  8.302357e-01  0.000000e+00
   endloop
 endfacet
 facet normal  0.000000e+00  0.000000e+00 -1.000000e+00
   outer loop
     vertex -1.599696e+00 -7.409276e+00  0.000000e+00
     vertex -1.190908e+00 -7.485862e+00  0.000000e+00
     vertex -1.395828e+00 -7.450373e+00  0.000000e+00
   endloop
 endfacet
 facet normal  0.000000e+00  0.000000e+00 -1.000000e+00
   outer loop
     vertex  7.350065e+00  1.852821e+00  0.000000e+00
     vertex  7.398129e+00  1.650481e+00  0.000000e+00
     vertex  7.440624e+00  1.446899e+00  0.000000e+00
   endloop
 endfacet
 facet normal  0.000000e+00  0.000000e+00 -1.000000e+00
   outer loop
     vertex -2.003668e+00 -7.310384e+00  0.000000e+00
     vertex -1.599696e+00 -7.409276e+00  0.000000e+00
     vertex -1.802361e+00 -7.362601e+00  0.000000e+00
   endloop
 endfacet
 facet normal  0.000000e+00  0.000000e+00 -1.000000e+00
   outer loop
     vertex -2.003668e+00 -7.310384e+00  0.000000e+00
     vertex  6.750272e-01 -7.549883e+00  0.000000e+00
     vertex -1.190908e+00 -7.485862e+00  0.000000e+00
   endloop
 endfacet
 facet normal  0.000000e+00  0.000000e+00 -1.000000e+00
   outer loop
     vertex -2.003668e+00 -7.310384e+00  0.000000e+00
     vertex -1.190908e+00 -7.485862e+00  0.000000e+00
     vertex -1.599696e+00 -7.409276e+00  0.000000e+00
   endloop
 endfacet
 facet normal  0.000000e+00  0.000000e+00 -1.000000e+00
   outer loop
     vertex  7.296468e+00  2.053765e+00  0.000000e+00
     vertex  7.350065e+00  1.852821e+00  0.000000e+00
     vertex  7.440624e+00  1.446899e+00  0.000000e+00
   endloop
 endfacet
 facet normal  0.000000e+00  0.000000e+00 -1.000000e+00
   outer loop
     vertex -2.401608e+00 -7.189484e+00  0.000000e+00
     vertex -2.003668e+00 -7.310384e+00  0.000000e+00
     vertex -2.203467e+00 -7.252664e+00  0.000000e+00
   endloop
 endfacet
 facet normal  0.000000e+00  0.000000e+00 -1.000000e+00
   outer loop
     vertex  7.172841e+00  2.450866e+00  0.000000e+00
     vertex  7.237379e+00  2.253164e+00  0.000000e+00
     vertex  7.296468e+00  2.053765e+00  0.000000e+00
   endloop
 endfacet
 facet normal  0.000000e+00  0.000000e+00 -1.000000e+00
   outer loop
     vertex -2.792318e+00 -7.046940e+00  0.000000e+00
     vertex -2.401608e+00 -7.189484e+00  0.000000e+00
     vertex -2.597941e+00 -7.120892e+00  0.000000e+00
   endloop
 endfacet
 facet normal  0.000000e+00  0.000000e+00 -1.000000e+00
   outer loop
     vertex  7.027621e+00  2.840589e+00  0.000000e+00
     vertex  7.102904e+00  2.646724e+00  0.000000e+00
     vertex  7.172841e+00  2.450866e+00  0.000000e+00
   endloop
 endfacet
 facet normal  0.000000e+00  0.000000e+00 -1.000000e+00
   outer loop
     vertex -2.984593e+00 -6.967683e+00  0.000000e+00
     vertex -2.401608e+00 -7.189484e+00  0.000000e+00
     vertex -2.792318e+00 -7.046940e+00  0.000000e+00
   endloop
 endfacet
 facet normal  0.000000e+00  0.000000e+00 -1.000000e+00
   outer loop
     vertex  6.947047e+00  3.032316e+00  0.000000e+00
     vertex  7.027621e+00  2.840589e+00  0.000000e+00
     vertex  7.172841e+00  2.450866e+00  0.000000e+00
   endloop
 endfacet
 facet normal  0.000000e+00  0.000000e+00 -1.000000e+00
   outer loop
     vertex -3.362260e+00 -6.793498e+00  0.000000e+00
     vertex -2.401608e+00 -7.189484e+00  0.000000e+00
     vertex -2.984593e+00 -6.967683e+00  0.000000e+00
   endloop
 endfacet
 facet normal  0.000000e+00  0.000000e+00 -1.000000e+00
   outer loop
     vertex -3.362260e+00 -6.793498e+00  0.000000e+00
     vertex -2.984593e+00 -6.967683e+00  0.000000e+00
     vertex -3.174621e+00 -6.883181e+00  0.000000e+00
   endloop
 endfacet
 facet normal  0.000000e+00  0.000000e+00 -1.000000e+00
   outer loop
     vertex  6.770275e+00  3.408780e+00  0.000000e+00
     vertex  6.947047e+00  3.032316e+00  0.000000e+00
     vertex  7.172841e+00  2.450866e+00  0.000000e+00
   endloop
 endfacet
 facet normal  0.000000e+00  0.000000e+00 -1.000000e+00
   outer loop
     vertex  6.770275e+00  3.408780e+00  0.000000e+00
     vertex  6.861243e+00  3.221760e+00  0.000000e+00
     vertex  6.947047e+00  3.032316e+00  0.000000e+00
   endloop
 endfacet
 facet normal  0.000000e+00  0.000000e+00 -1.000000e+00
   outer loop
     vertex  6.770275e+00  3.408780e+00  0.000000e+00
     vertex  7.296468e+00  2.053765e+00  0.000000e+00
     vertex  7.440624e+00  1.446899e+00  0.000000e+00
   endloop
 endfacet
 facet normal  0.000000e+00  0.000000e+00 -1.000000e+00
   outer loop
     vertex  6.770275e+00  3.408780e+00  0.000000e+00
     vertex  7.172841e+00  2.450866e+00  0.000000e+00
     vertex  7.296468e+00  2.053765e+00  0.000000e+00
   endloop
 endfacet
 facet normal  0.000000e+00  0.000000e+00 -1.000000e+00
   outer loop
     vertex  6.573121e+00  3.774981e+00  0.000000e+00
     vertex  6.674210e+00  3.593233e+00  0.000000e+00
     vertex  6.770275e+00  3.408780e+00  0.000000e+00
   endloop
 endfacet
 facet normal  0.000000e+00  0.000000e+00 -1.000000e+00
   outer loop
     vertex -4.086121e+00 -6.384357e+00  0.000000e+00
     vertex -3.729805e+00 -6.598860e+00  0.000000e+00
     vertex -3.909434e+00 -6.494053e+00  0.000000e+00
   endloop
 endfacet
 facet normal  0.000000e+00  0.000000e+00 -1.000000e+00
   outer loop
     vertex -4.430136e+00 -6.150634e+00  0.000000e+00
     vertex -3.729805e+00 -6.598860e+00  0.000000e+00
     vertex -4.086121e+00 -6.384357e+00  0.000000e+00
   endloop
 endfacet
 facet normal  0.000000e+00  0.000000e+00 -1.000000e+00
   outer loop
     vertex -4.430136e+00 -6.150634e+00  0.000000e+00
     vertex -4.086121e+00 -6.384357e+00  0.000000e+00
     vertex -4.259732e+00 -6.269855e+00  0.000000e+00
   endloop
 endfacet
 facet normal  0.000000e+00  0.000000e+00 -1.000000e+00
   outer loop
     vertex -4.430136e+00 -6.150634e+00  0.000000e+00
     vertex -3.547367e+00 -6.698700e+00  0.000000e+00
     vertex -3.729805e+00 -6.598860e+00  0.000000e+00
   endloop
 endfacet
 facet normal  0.000000e+00 -0.000000e+00 -1.000000e+00
   outer loop
     vertex  5.995107e+00  4.638437e+00  0.000000e+00
     vertex  7.350065e+00 -1.852821e+00  0.000000e+00
     vertex  5.865599e+00 -4.801161e+00  0.000000e+00
   endloop
 endfacet
 facet normal  0.000000e+00  0.000000e+00 -1.000000e+00
   outer loop
     vertex  5.995107e+00  4.638437e+00  0.000000e+00
     vertex  6.573121e+00  3.774981e+00  0.000000e+00
     vertex  6.770275e+00  3.408780e+00  0.000000e+00
   endloop
 endfacet
 facet normal  0.000000e+00  0.000000e+00 -1.000000e+00
   outer loop
     vertex  5.995107e+00  4.638437e+00  0.000000e+00
     vertex  6.467084e+00  3.953887e+00  0.000000e+00
     vertex  6.573121e+00  3.774981e+00  0.000000e+00
   endloop
 endfacet
 facet normal  0.000000e+00  0.000000e+00 -1.000000e+00
   outer loop
     vertex  5.995107e+00  4.638437e+00  0.000000e+00
     vertex  6.356179e+00  4.129817e+00  0.000000e+00
     vertex  6.467084e+00  3.953887e+00  0.000000e+00
   endloop
 endfacet
 facet normal  0.000000e+00  0.000000e+00 -1.000000e+00
   outer loop
     vertex  5.995107e+00  4.638437e+00  0.000000e+00
     vertex  6.240489e+00  4.302639e+00  0.000000e+00
     vertex  6.356179e+00  4.129817e+00  0.000000e+00
   endloop
 endfacet
 facet normal  0.000000e+00  0.000000e+00 -1.000000e+00
   outer loop
     vertex  5.995107e+00  4.638437e+00  0.000000e+00
     vertex  6.120101e+00  4.472221e+00  0.000000e+00
     vertex  6.240489e+00  4.302639e+00  0.000000e+00
   endloop
 endfacet
 facet normal  0.000000e+00  0.000000e+00 -1.000000e+00
   outer loop
     vertex  5.995107e+00  4.638437e+00  0.000000e+00
     vertex  7.534395e+00 -8.302357e-01  0.000000e+00
     vertex  7.350065e+00 -1.852821e+00  0.000000e+00
   endloop
 endfacet
 facet normal  0.000000e+00  0.000000e+00 -1.000000e+00
   outer loop
     vertex  5.995107e+00  4.638437e+00  0.000000e+00
     vertex  6.770275e+00  3.408780e+00  0.000000e+00
     vertex  7.440624e+00  1.446899e+00  0.000000e+00
   endloop
 endfacet
 facet normal  0.000000e+00  0.000000e+00 -1.000000e+00
   outer loop
     vertex  5.995107e+00  4.638437e+00  0.000000e+00
     vertex  7.440624e+00  1.446899e+00  0.000000e+00
     vertex  7.534395e+00 -8.302357e-01  0.000000e+00
   endloop
 endfacet
 facet normal  0.000000e+00  0.000000e+00 -1.000000e+00
   outer loop
     vertex -4.760814e+00 -5.898394e+00  0.000000e+00
     vertex -3.547367e+00 -6.698700e+00  0.000000e+00
     vertex -4.430136e+00 -6.150634e+00  0.000000e+00
   endloop
 endfacet
 facet normal  0.000000e+00  0.000000e+00 -1.000000e+00
   outer loop
     vertex -4.760814e+00 -5.898394e+00  0.000000e+00
     vertex -4.430136e+00 -6.150634e+00  0.000000e+00
     vertex -4.597205e+00 -6.026782e+00  0.000000e+00
   endloop
 endfacet
 facet normal  0.000000e+00  0.000000e+00 -1.000000e+00
   outer loop
     vertex  5.731676e+00  4.960271e+00  0.000000e+00
     vertex  5.865599e+00  4.801161e+00  0.000000e+00
     vertex  5.995107e+00  4.638437e+00  0.000000e+00
   endloop
 endfacet
 facet normal  0.000000e+00  0.000000e+00 -1.000000e+00
   outer loop
     vertex -5.077160e+00 -5.628397e+00  0.000000e+00
     vertex -3.547367e+00 -6.698700e+00  0.000000e+00
     vertex -4.760814e+00 -5.898394e+00  0.000000e+00
   endloop
 endfacet
 facet normal  0.000000e+00  0.000000e+00 -1.000000e+00
   outer loop
     vertex -5.077160e+00 -5.628397e+00  0.000000e+00
     vertex -4.760814e+00 -5.898394e+00  0.000000e+00
     vertex -4.920839e+00 -5.765565e+00  0.000000e+00
   endloop
 endfacet
 facet normal  0.000000e+00  0.000000e+00 -1.000000e+00
   outer loop
     vertex -5.077160e+00 -5.628397e+00  0.000000e+00
     vertex -3.362260e+00 -6.793498e+00  0.000000e+00
     vertex -3.547367e+00 -6.698700e+00  0.000000e+00
   endloop
 endfacet
 facet normal  0.000000e+00  0.000000e+00 -1.000000e+00
   outer loop
     vertex -5.077160e+00 -5.628397e+00  0.000000e+00
     vertex -2.401608e+00 -7.189484e+00  0.000000e+00
     vertex -3.362260e+00 -6.793498e+00  0.000000e+00
   endloop
 endfacet
 facet normal  0.000000e+00  0.000000e+00 -1.000000e+00
   outer loop
     vertex  5.450990e+00  5.267172e+00  0.000000e+00
     vertex  5.593438e+00  5.115647e+00  0.000000e+00
     vertex  5.731676e+00  4.960271e+00  0.000000e+00
   endloop
 endfacet
 facet normal  0.000000e+00  0.000000e+00 -1.000000e+00
   outer loop
     vertex  5.450990e+00  5.267172e+00  0.000000e+00
     vertex  5.731676e+00  4.960271e+00  0.000000e+00
     vertex  5.995107e+00  4.638437e+00  0.000000e+00
   endloop
 endfacet
 facet normal  0.000000e+00  0.000000e+00 -1.000000e+00
   outer loop
     vertex  5.304439e+00  5.414733e+00  0.000000e+00
     vertex  5.450990e+00  5.267172e+00  0.000000e+00
     vertex  5.995107e+00  4.638437e+00  0.000000e+00
   endloop
 endfacet
 facet normal  0.000000e+00  0.000000e+00 -1.000000e+00
   outer loop
     vertex -5.522734e+00 -5.191898e+00  0.000000e+00
     vertex -5.229658e+00 -5.486991e+00  0.000000e+00
     vertex -5.378221e+00 -5.341455e+00  0.000000e+00
   endloop
 endfacet
 facet normal  0.000000e+00  0.000000e+00 -1.000000e+00
   outer loop
     vertex -5.522734e+00 -5.191898e+00  0.000000e+00
     vertex -5.077160e+00 -5.628397e+00  0.000000e+00
     vertex -5.229658e+00 -5.486991e+00  0.000000e+00
   endloop
 endfacet
 facet normal  0.000000e+00  0.000000e+00 -1.000000e+00
   outer loop
     vertex -5.522734e+00 -5.191898e+00  0.000000e+00
     vertex -2.401608e+00 -7.189484e+00  0.000000e+00
     vertex -5.077160e+00 -5.628397e+00  0.000000e+00
   endloop
 endfacet
 facet normal  0.000000e+00  0.000000e+00 -1.000000e+00
   outer loop
     vertex  4.841282e+00  5.832528e+00  0.000000e+00
     vertex  5.153894e+00  5.558217e+00  0.000000e+00
     vertex  5.304439e+00  5.414733e+00  0.000000e+00
   endloop
 endfacet
 facet normal  0.000000e+00  0.000000e+00 -1.000000e+00
   outer loop
     vertex  4.841282e+00  5.832528e+00  0.000000e+00
     vertex  4.999470e+00  5.697517e+00  0.000000e+00
     vertex  5.153894e+00  5.558217e+00  0.000000e+00
   endloop
 endfacet
 facet normal  0.000000e+00  0.000000e+00 -1.000000e+00
   outer loop
     vertex  4.841282e+00  5.832528e+00  0.000000e+00
     vertex  5.304439e+00  5.414733e+00  0.000000e+00
     vertex  5.995107e+00  4.638437e+00  0.000000e+00
   endloop
 endfacet
 facet normal  0.000000e+00  0.000000e+00 -1.000000e+00
   outer loop
     vertex -5.930911e+00 -4.720243e+00  0.000000e+00
     vertex -5.663090e+00 -5.038433e+00  0.000000e+00
     vertex -5.799183e+00 -4.881175e+00  0.000000e+00
   endloop
 endfacet
 facet normal  0.000000e+00  0.000000e+00 -1.000000e+00
   outer loop
     vertex -5.930911e+00 -4.720243e+00  0.000000e+00
     vertex -5.522734e+00 -5.191898e+00  0.000000e+00
     vertex -5.663090e+00 -5.038433e+00  0.000000e+00
   endloop
 endfacet
 facet normal  0.000000e+00  0.000000e+00 -1.000000e+00
   outer loop
     vertex  4.514096e+00  6.089281e+00  0.000000e+00
     vertex  4.679450e+00  5.963149e+00  0.000000e+00
     vertex  4.841282e+00  5.832528e+00  0.000000e+00
   endloop
 endfacet
 facet normal  0.000000e+00  0.000000e+00 -1.000000e+00
   outer loop
     vertex  4.345343e+00  6.210829e+00  0.000000e+00
     vertex  4.841282e+00  5.832528e+00  0.000000e+00
     vertex  5.995107e+00  4.638437e+00  0.000000e+00
   endloop
 endfacet
 facet normal  0.000000e+00  0.000000e+00 -1.000000e+00
   outer loop
     vertex  4.345343e+00  6.210829e+00  0.000000e+00
     vertex  4.514096e+00  6.089281e+00  0.000000e+00
     vertex  4.841282e+00  5.832528e+00  0.000000e+00
   endloop
 endfacet
 facet normal  0.000000e+00  0.000000e+00 -1.000000e+00
   outer loop
     vertex -6.298927e+00 -4.216625e+00  0.000000e+00
     vertex -6.058174e+00 -4.555758e+00  0.000000e+00
     vertex -6.180877e+00 -4.387843e+00  0.000000e+00
   endloop
 endfacet
 facet normal  0.000000e+00  0.000000e+00 -1.000000e+00
   outer loop
     vertex -6.298927e+00 -4.216625e+00  0.000000e+00
     vertex -5.930911e+00 -4.720243e+00  0.000000e+00
     vertex -6.058174e+00 -4.555758e+00  0.000000e+00
   endloop
 endfacet
 facet normal  0.000000e+00  0.000000e+00 -1.000000e+00
   outer loop
     vertex -6.298927e+00 -4.216625e+00  0.000000e+00
     vertex -5.522734e+00 -5.191898e+00  0.000000e+00
     vertex -5.930911e+00 -4.720243e+00  0.000000e+00
   endloop
 endfacet
 facet normal  0.000000e+00 -0.000000e+00 -1.000000e+00
   outer loop
     vertex  4.173319e+00  6.327702e+00  0.000000e+00
     vertex  5.865599e+00 -4.801161e+00  0.000000e+00
     vertex  6.750272e-01 -7.549883e+00  0.000000e+00
   endloop
 endfacet
 facet normal  0.000000e+00  0.000000e+00 -1.000000e+00
   outer loop
     vertex  4.173319e+00  6.327702e+00  0.000000e+00
     vertex  5.995107e+00  4.638437e+00  0.000000e+00
     vertex  5.865599e+00 -4.801161e+00  0.000000e+00
   endloop
 endfacet
 facet normal  0.000000e+00  0.000000e+00 -1.000000e+00
   outer loop
     vertex  4.173319e+00  6.327702e+00  0.000000e+00
     vertex  4.345343e+00  6.210829e+00  0.000000e+00
     vertex  5.995107e+00  4.638437e+00  0.000000e+00
   endloop
 endfacet
 facet normal  0.000000e+00  0.000000e+00 -1.000000e+00
   outer loop
     vertex  4.173319e+00  6.327702e+00  0.000000e+00
     vertex  6.750272e-01 -7.549883e+00  0.000000e+00
     vertex -2.003668e+00 -7.310384e+00  0.000000e+00
   endloop
 endfacet
 facet normal  0.000000e+00  0.000000e+00 -1.000000e+00
   outer loop
     vertex  4.173319e+00  6.327702e+00  0.000000e+00
     vertex -2.003668e+00 -7.310384e+00  0.000000e+00
     vertex -2.401608e+00 -7.189484e+00  0.000000e+00
   endloop
 endfacet
 facet normal  0.000000e+00  0.000000e+00 -1.000000e+00
   outer loop
     vertex -6.412235e+00 -4.042233e+00  0.000000e+00
     vertex -5.522734e+00 -5.191898e+00  0.000000e+00
     vertex -6.298927e+00 -4.216625e+00  0.000000e+00
   endloop
 endfacet
 facet normal  0.000000e+00  0.000000e+00 -1.000000e+00
   outer loop
     vertex -6.520716e+00 -3.864798e+00  0.000000e+00
     vertex -5.522734e+00 -5.191898e+00  0.000000e+00
     vertex -6.412235e+00 -4.042233e+00  0.000000e+00
   endloop
 endfacet
 facet normal  0.000000e+00  0.000000e+00 -1.000000e+00
   outer loop
     vertex  3.819979e+00  6.547073e+00  0.000000e+00
     vertex  3.998154e+00  6.439811e+00  0.000000e+00
     vertex  4.173319e+00  6.327702e+00  0.000000e+00
   endloop
 endfacet
 facet normal  0.000000e+00  0.000000e+00 -1.000000e+00
   outer loop
     vertex  3.638929e+00  6.649406e+00  0.000000e+00
     vertex  3.819979e+00  6.547073e+00  0.000000e+00
     vertex  4.173319e+00  6.327702e+00  0.000000e+00
   endloop
 endfacet
 facet normal  0.000000e+00  0.000000e+00 -1.000000e+00
   outer loop
     vertex -6.722875e+00 -3.501336e+00  0.000000e+00
     vertex -6.520716e+00 -3.864798e+00  0.000000e+00
     vertex -6.624289e+00 -3.684453e+00  0.000000e+00
   endloop
 endfacet
 facet normal  0.000000e+00  0.000000e+00 -1.000000e+00
   outer loop
     vertex -6.722875e+00 -3.501336e+00  0.000000e+00
     vertex -5.522734e+00 -5.191898e+00  0.000000e+00
     vertex -6.520716e+00 -3.864798e+00  0.000000e+00
   endloop
 endfacet
 facet normal  0.000000e+00  0.000000e+00 -1.000000e+00
   outer loop
     vertex  3.455139e+00  6.746734e+00  0.000000e+00
     vertex  3.638929e+00  6.649406e+00  0.000000e+00
     vertex  4.173319e+00  6.327702e+00  0.000000e+00
   endloop
 endfacet
 facet normal  0.000000e+00  0.000000e+00 -1.000000e+00
   outer loop
     vertex -6.816401e+00 -3.315582e+00  0.000000e+00
     vertex -5.522734e+00 -5.191898e+00  0.000000e+00
     vertex -6.722875e+00 -3.501336e+00  0.000000e+00
   endloop
 endfacet
 facet normal  0.000000e+00  0.000000e+00 -1.000000e+00
   outer loop
     vertex -6.816401e+00 -3.315582e+00  0.000000e+00
     vertex -2.401608e+00 -7.189484e+00  0.000000e+00
     vertex -5.522734e+00 -5.191898e+00  0.000000e+00
   endloop
 endfacet
 facet normal  0.000000e+00  0.000000e+00 -1.000000e+00
   outer loop
     vertex -6.987991e+00 -2.936729e+00  0.000000e+00
     vertex -6.816401e+00 -3.315582e+00  0.000000e+00
     vertex -6.904795e+00 -3.127333e+00  0.000000e+00
   endloop
 endfacet
 facet normal  0.000000e+00  0.000000e+00 -1.000000e+00
   outer loop
     vertex  2.888727e+00  7.007971e+00  0.000000e+00
     vertex  3.455139e+00  6.746734e+00  0.000000e+00
     vertex  4.173319e+00  6.327702e+00  0.000000e+00
   endloop
 endfacet
 facet normal  0.000000e+00  0.000000e+00 -1.000000e+00
   outer loop
     vertex  2.888727e+00  7.007971e+00  0.000000e+00
     vertex  3.268748e+00  6.838983e+00  0.000000e+00
     vertex  3.455139e+00  6.746734e+00  0.000000e+00
   endloop
 endfacet
 facet normal  0.000000e+00  0.000000e+00 -1.000000e+00
   outer loop
     vertex  2.888727e+00  7.007971e+00  0.000000e+00
     vertex  3.079897e+00  6.926084e+00  0.000000e+00
     vertex  3.268748e+00  6.838983e+00  0.000000e+00
   endloop
 endfacet
 facet normal  0.000000e+00  0.000000e+00 -1.000000e+00
   outer loop
     vertex  2.500010e+00  7.155861e+00  0.000000e+00
     vertex  2.695383e+00  7.084583e+00  0.000000e+00
     vertex  2.888727e+00  7.007971e+00  0.000000e+00
   endloop
 endfacet
 facet normal  0.000000e+00  0.000000e+00 -1.000000e+00
   outer loop
     vertex -7.205788e+00 -2.352236e+00  0.000000e+00
     vertex -6.816401e+00 -3.315582e+00  0.000000e+00
     vertex -6.987991e+00 -2.936729e+00  0.000000e+00
   endloop
 endfacet
 facet normal  0.000000e+00  0.000000e+00 -1.000000e+00
   outer loop
     vertex -7.205788e+00 -2.352236e+00  0.000000e+00
     vertex -7.065928e+00 -2.743915e+00  0.000000e+00
     vertex -7.138545e+00 -2.549035e+00  0.000000e+00
   endloop
 endfacet
 facet normal  0.000000e+00  0.000000e+00 -1.000000e+00
   outer loop
     vertex -7.205788e+00 -2.352236e+00  0.000000e+00
     vertex -6.987991e+00 -2.936729e+00  0.000000e+00
     vertex -7.065928e+00 -2.743915e+00  0.000000e+00
   endloop
 endfacet
 facet normal  0.000000e+00  0.000000e+00 -1.000000e+00
   outer loop
     vertex  1.903193e+00  7.337183e+00  0.000000e+00
     vertex  2.500010e+00  7.155861e+00  0.000000e+00
     vertex  2.888727e+00  7.007971e+00  0.000000e+00
   endloop
 endfacet
 facet normal  0.000000e+00  0.000000e+00 -1.000000e+00
   outer loop
     vertex  1.903193e+00  7.337183e+00  0.000000e+00
     vertex  2.302754e+00  7.221753e+00  0.000000e+00
     vertex  2.500010e+00  7.155861e+00  0.000000e+00
   endloop
 endfacet
 facet normal  0.000000e+00  0.000000e+00 -1.000000e+00
   outer loop
     vertex  1.903193e+00  7.337183e+00  0.000000e+00
     vertex  2.103766e+00  7.282209e+00  0.000000e+00
     vertex  2.302754e+00  7.221753e+00  0.000000e+00
   endloop
 endfacet
 facet normal  0.000000e+00  0.000000e+00 -1.000000e+00
   outer loop
     vertex -7.374791e+00 -1.751816e+00  0.000000e+00
     vertex -7.267607e+00 -2.153667e+00  0.000000e+00
     vertex -7.323956e+00 -1.953477e+00  0.000000e+00
   endloop
 endfacet
 facet normal  0.000000e+00  0.000000e+00 -1.000000e+00
   outer loop
     vertex  1.497903e+00  7.430524e+00  0.000000e+00
     vertex  1.701188e+00  7.386634e+00  0.000000e+00
     vertex  1.903193e+00  7.337183e+00  0.000000e+00
   endloop
 endfacet
 facet normal  0.000000e+00  0.000000e+00 -1.000000e+00
   outer loop
     vertex -7.459773e+00 -1.344690e+00  0.000000e+00
     vertex -7.374791e+00 -1.751816e+00  0.000000e+00
     vertex -7.420075e+00 -1.548836e+00  0.000000e+00
   endloop
 endfacet
 facet normal  0.000000e+00  0.000000e+00 -1.000000e+00
   outer loop
     vertex  1.293490e+00  7.468821e+00  0.000000e+00
     vertex  1.903193e+00  7.337183e+00  0.000000e+00
     vertex  2.888727e+00  7.007971e+00  0.000000e+00
   endloop
 endfacet
 facet normal  0.000000e+00  0.000000e+00 -1.000000e+00
   outer loop
     vertex  1.293490e+00  7.468821e+00  0.000000e+00
     vertex  1.497903e+00  7.430524e+00  0.000000e+00
     vertex  1.903193e+00  7.337183e+00  0.000000e+00
   endloop
 endfacet
 facet normal  0.000000e+00  0.000000e+00 -1.000000e+00
   outer loop
     vertex  1.293490e+00  7.468821e+00  0.000000e+00
     vertex  2.888727e+00  7.007971e+00  0.000000e+00
     vertex  4.173319e+00  6.327702e+00  0.000000e+00
   endloop
 endfacet
 facet normal  0.000000e+00  0.000000e+00 -1.000000e+00
   outer loop
     vertex -7.493855e+00 -1.139532e+00  0.000000e+00
     vertex -7.374791e+00 -1.751816e+00  0.000000e+00
     vertex -7.459773e+00 -1.344690e+00  0.000000e+00
   endloop
 endfacet
 facet normal  0.000000e+00  0.000000e+00 -1.000000e+00
   outer loop
     vertex  1.088103e+00  7.501495e+00  0.000000e+00
     vertex  1.293490e+00  7.468821e+00  0.000000e+00
     vertex  4.173319e+00  6.327702e+00  0.000000e+00
   endloop
 endfacet
 facet normal  0.000000e+00  0.000000e+00 -1.000000e+00
   outer loop
     vertex  6.750272e-01  7.549883e+00  0.000000e+00
     vertex  8.818969e-01  7.528523e+00  0.000000e+00
     vertex  1.088103e+00  7.501495e+00  0.000000e+00
   endloop
 endfacet
 facet normal  0.000000e+00  0.000000e+00 -1.000000e+00
   outer loop
     vertex -7.562175e+00 -5.195328e-01  0.000000e+00
     vertex -7.522297e+00 -9.335167e-01  0.000000e+00
     vertex -7.545075e+00 -7.267983e-01  0.000000e+00
   endloop
 endfacet
 facet normal  0.000000e+00  0.000000e+00 -1.000000e+00
   outer loop
     vertex -7.562175e+00 -5.195328e-01  0.000000e+00
     vertex -7.493855e+00 -1.139532e+00  0.000000e+00
     vertex -7.522297e+00 -9.335167e-01  0.000000e+00
   endloop
 endfacet
 facet normal  0.000000e+00  0.000000e+00 -1.000000e+00
   outer loop
     vertex -7.562175e+00 -5.195328e-01  0.000000e+00
     vertex -6.816401e+00 -3.315582e+00  0.000000e+00
     vertex -7.205788e+00 -2.352236e+00  0.000000e+00
   endloop
 endfacet
 facet normal  0.000000e+00  0.000000e+00 -1.000000e+00
   outer loop
     vertex -7.562175e+00 -5.195328e-01  0.000000e+00
     vertex -7.267607e+00 -2.153667e+00  0.000000e+00
     vertex -7.374791e+00 -1.751816e+00  0.000000e+00
   endloop
 endfacet
 facet normal  0.000000e+00  0.000000e+00 -1.000000e+00
   outer loop
     vertex -7.562175e+00 -5.195328e-01  0.000000e+00
     vertex -7.205788e+00 -2.352236e+00  0.000000e+00
     vertex -7.267607e+00 -2.153667e+00  0.000000e+00
   endloop
 endfacet
 facet normal  0.000000e+00  0.000000e+00 -1.000000e+00
   outer loop
     vertex -7.562175e+00 -5.195328e-01  0.000000e+00
     vertex -7.374791e+00 -1.751816e+00  0.000000e+00
     vertex -7.493855e+00 -1.139532e+00  0.000000e+00
   endloop
 endfacet
 facet normal  0.000000e+00  0.000000e+00 -1.000000e+00
   outer loop
     vertex  4.676492e-01  7.565560e+00  0.000000e+00
     vertex  1.088103e+00  7.501495e+00  0.000000e+00
     vertex  4.173319e+00  6.327702e+00  0.000000e+00
   endloop
 endfacet
 facet normal  0.000000e+00  0.000000e+00 -1.000000e+00
   outer loop
     vertex  4.676492e-01  7.565560e+00  0.000000e+00
     vertex  6.750272e-01  7.549883e+00  0.000000e+00
     vertex  1.088103e+00  7.501495e+00  0.000000e+00
   endloop
 endfacet
 facet normal  0.000000e+00  0.000000e+00 -1.000000e+00
   outer loop
     vertex -7.579287e+00 -1.039848e-01  0.000000e+00
     vertex -7.562175e+00 -5.195328e-01  0.000000e+00
     vertex -7.573581e+00 -3.118762e-01  0.000000e+00
   endloop
 endfacet
 facet normal  0.000000e+00  0.000000e+00 -1.000000e+00
   outer loop
     vertex -7.579287e+00 -1.039848e-01  0.000000e+00
     vertex -6.816401e+00 -3.315582e+00  0.000000e+00
     vertex -7.562175e+00 -5.195328e-01  0.000000e+00
   endloop
 endfacet
 facet normal  0.000000e+00  0.000000e+00 -1.000000e+00
   outer loop
     vertex -1.559711e-01  7.578395e+00  0.000000e+00
     vertex  5.199364e-02  7.579822e+00  0.000000e+00
     vertex  2.599193e-01  7.575542e+00  0.000000e+00
   endloop
 endfacet
 facet normal  0.000000e+00  0.000000e+00 -1.000000e+00
   outer loop
     vertex -7.573581e+00  3.118762e-01  0.000000e+00
     vertex -7.579287e+00 -1.039848e-01  0.000000e+00
     vertex -7.579287e+00  1.039848e-01  0.000000e+00
   endloop
 endfacet
 facet normal  0.000000e+00 -0.000000e+00 -1.000000e+00
   outer loop
     vertex -7.573581e+00  3.118762e-01  0.000000e+00
     vertex -6.816401e+00 -3.315582e+00  0.000000e+00
     vertex -7.579287e+00 -1.039848e-01  0.000000e+00
   endloop
 endfacet
 facet normal  0.000000e+00  0.000000e+00 -1.000000e+00
   outer loop
     vertex -7.545075e+00  7.267983e-01  0.000000e+00
     vertex -7.573581e+00  3.118762e-01  0.000000e+00
     vertex -7.562175e+00  5.195328e-01  0.000000e+00
   endloop
 endfacet
 facet normal  0.000000e+00  0.000000e+00 -1.000000e+00
   outer loop
     vertex -7.785353e-01  7.539913e+00  0.000000e+00
     vertex -3.638185e-01  7.571264e+00  0.000000e+00
     vertex -1.559711e-01  7.578395e+00  0.000000e+00
   endloop
 endfacet
 facet normal  0.000000e+00  0.000000e+00 -1.000000e+00
   outer loop
     vertex -7.785353e-01  7.539913e+00  0.000000e+00
     vertex -5.713920e-01  7.558433e+00  0.000000e+00
     vertex -3.638185e-01  7.571264e+00  0.000000e+00
   endloop
 endfacet
 facet normal  0.000000e+00  0.000000e+00 -1.000000e+00
   outer loop
     vertex -7.522297e+00  9.335167e-01  0.000000e+00
     vertex -7.573581e+00  3.118762e-01  0.000000e+00
     vertex -7.545075e+00  7.267983e-01  0.000000e+00
   endloop
 endfacet
 facet normal  0.000000e+00  0.000000e+00 -1.000000e+00
   outer loop
     vertex -9.850926e-01  7.515716e+00  0.000000e+00
     vertex  2.599193e-01  7.575542e+00  0.000000e+00
     vertex  4.676492e-01  7.565560e+00  0.000000e+00
   endloop
 endfacet
 facet normal  0.000000e+00  0.000000e+00 -1.000000e+00
   outer loop
     vertex -9.850926e-01  7.515716e+00  0.000000e+00
     vertex  4.676492e-01  7.565560e+00  0.000000e+00
     vertex  4.173319e+00  6.327702e+00  0.000000e+00
   endloop
 endfacet
 facet normal  0.000000e+00  0.000000e+00 -1.000000e+00
   outer loop
     vertex -9.850926e-01  7.515716e+00  0.000000e+00
     vertex -1.559711e-01  7.578395e+00  0.000000e+00
     vertex  2.599193e-01  7.575542e+00  0.000000e+00
   endloop
 endfacet
 facet normal  0.000000e+00  0.000000e+00 -1.000000e+00
   outer loop
     vertex -9.850926e-01  7.515716e+00  0.000000e+00
     vertex -7.785353e-01  7.539913e+00  0.000000e+00
     vertex -1.559711e-01  7.578395e+00  0.000000e+00
   endloop
 endfacet
 facet normal  0.000000e+00  0.000000e+00 -1.000000e+00
   outer loop
     vertex -7.459773e+00  1.344690e+00  0.000000e+00
     vertex -7.522297e+00  9.335167e-01  0.000000e+00
     vertex -7.493855e+00  1.139532e+00  0.000000e+00
   endloop
 endfacet
 facet normal  0.000000e+00  0.000000e+00 -1.000000e+00
   outer loop
     vertex -7.459773e+00  1.344690e+00  0.000000e+00
     vertex -7.573581e+00  3.118762e-01  0.000000e+00
     vertex -7.522297e+00  9.335167e-01  0.000000e+00
   endloop
 endfacet
 facet normal  0.000000e+00  0.000000e+00 -1.000000e+00
   outer loop
     vertex -1.802361e+00  7.362601e+00  0.000000e+00
     vertex -1.395828e+00  7.450373e+00  0.000000e+00
     vertex -1.190908e+00  7.485862e+00  0.000000e+00
   endloop
 endfacet
 facet normal  0.000000e+00  0.000000e+00 -1.000000e+00
   outer loop
     vertex -1.802361e+00  7.362601e+00  0.000000e+00
     vertex -1.599696e+00  7.409276e+00  0.000000e+00
     vertex -1.395828e+00  7.450373e+00  0.000000e+00
   endloop
 endfacet
 facet normal  0.000000e+00  0.000000e+00 -1.000000e+00
   outer loop
     vertex -7.323956e+00  1.953477e+00  0.000000e+00
     vertex -7.420075e+00  1.548836e+00  0.000000e+00
     vertex -7.374791e+00  1.751816e+00  0.000000e+00
   endloop
 endfacet
 facet normal  0.000000e+00  0.000000e+00 -1.000000e+00
   outer loop
     vertex -7.323956e+00  1.953477e+00  0.000000e+00
     vertex -7.459773e+00  1.344690e+00  0.000000e+00
     vertex -7.420075e+00  1.548836e+00  0.000000e+00
   endloop
 endfacet
 facet normal  0.000000e+00  0.000000e+00 -1.000000e+00
   outer loop
     vertex -7.323956e+00  1.953477e+00  0.000000e+00
     vertex -7.573581e+00  3.118762e-01  0.000000e+00
     vertex -7.459773e+00  1.344690e+00  0.000000e+00
   endloop
 endfacet
 facet normal  0.000000e+00  0.000000e+00 -1.000000e+00
   outer loop
     vertex -2.003668e+00  7.310384e+00  0.000000e+00
     vertex -1.190908e+00  7.485862e+00  0.000000e+00
     vertex -9.850926e-01  7.515716e+00  0.000000e+00
   endloop
 endfacet
 facet normal  0.000000e+00  0.000000e+00 -1.000000e+00
   outer loop
     vertex -2.003668e+00  7.310384e+00  0.000000e+00
     vertex -1.802361e+00  7.362601e+00  0.000000e+00
     vertex -1.190908e+00  7.485862e+00  0.000000e+00
   endloop
 endfacet
 facet normal  0.000000e+00 -0.000000e+00 -1.000000e+00
   outer loop
     vertex -7.267607e+00  2.153667e+00  0.000000e+00
     vertex -6.816401e+00 -3.315582e+00  0.000000e+00
     vertex -7.573581e+00  3.118762e-01  0.000000e+00
   endloop
 endfacet
 facet normal  0.000000e+00  0.000000e+00 -1.000000e+00
   outer loop
     vertex -7.267607e+00  2.153667e+00  0.000000e+00
     vertex -7.573581e+00  3.118762e-01  0.000000e+00
     vertex -7.323956e+00  1.953477e+00  0.000000e+00
   endloop
 endfacet
 facet normal  0.000000e+00  0.000000e+00 -1.000000e+00
   outer loop
     vertex -2.203467e+00  7.252664e+00  0.000000e+00
     vertex -2.003668e+00  7.310384e+00  0.000000e+00
     vertex -9.850926e-01  7.515716e+00  0.000000e+00
   endloop
 endfacet
 facet normal  0.000000e+00  0.000000e+00 -1.000000e+00
   outer loop
     vertex -7.138545e+00  2.549035e+00  0.000000e+00
     vertex -7.267607e+00  2.153667e+00  0.000000e+00
     vertex -7.205788e+00  2.352236e+00  0.000000e+00
   endloop
 endfacet
 facet normal  0.000000e+00  0.000000e+00 -1.000000e+00
   outer loop
     vertex -2.792318e+00  7.046940e+00  0.000000e+00
     vertex -2.401608e+00  7.189484e+00  0.000000e+00
     vertex -2.203467e+00  7.252664e+00  0.000000e+00
   endloop
 endfacet
 facet normal  0.000000e+00  0.000000e+00 -1.000000e+00
   outer loop
     vertex -2.792318e+00  7.046940e+00  0.000000e+00
     vertex -2.597941e+00  7.120892e+00  0.000000e+00
     vertex -2.401608e+00  7.189484e+00  0.000000e+00
   endloop
 endfacet
 facet normal  0.000000e+00  0.000000e+00 -1.000000e+00
   outer loop
     vertex -2.984593e+00  6.967683e+00  0.000000e+00
     vertex -2.792318e+00  7.046940e+00  0.000000e+00
     vertex -2.203467e+00  7.252664e+00  0.000000e+00
   endloop
 endfacet
 facet normal  0.000000e+00  0.000000e+00 -1.000000e+00
   outer loop
     vertex -6.816401e+00  3.315582e+00  0.000000e+00
     vertex -7.065928e+00  2.743915e+00  0.000000e+00
     vertex -6.987991e+00  2.936729e+00  0.000000e+00
   endloop
 endfacet
 facet normal  0.000000e+00  0.000000e+00 -1.000000e+00
   outer loop
     vertex -6.816401e+00  3.315582e+00  0.000000e+00
     vertex -7.138545e+00  2.549035e+00  0.000000e+00
     vertex -7.065928e+00  2.743915e+00  0.000000e+00
   endloop
 endfacet
 facet normal  0.000000e+00  0.000000e+00 -1.000000e+00
   outer loop
     vertex -6.816401e+00  3.315582e+00  0.000000e+00
     vertex -7.267607e+00  2.153667e+00  0.000000e+00
     vertex -7.138545e+00  2.549035e+00  0.000000e+00
   endloop
 endfacet
 facet normal  0.000000e+00  0.000000e+00 -1.000000e+00
   outer loop
     vertex -6.816401e+00  3.315582e+00  0.000000e+00
     vertex -6.987991e+00  2.936729e+00  0.000000e+00
     vertex -6.904795e+00  3.127333e+00  0.000000e+00
   endloop
 endfacet
 facet normal  0.000000e+00  0.000000e+00 -1.000000e+00
   outer loop
     vertex -3.547367e+00  6.698700e+00  0.000000e+00
     vertex -2.203467e+00  7.252664e+00  0.000000e+00
     vertex -9.850926e-01  7.515716e+00  0.000000e+00
   endloop
 endfacet
 facet normal  0.000000e+00  0.000000e+00 -1.000000e+00
   outer loop
     vertex -3.547367e+00  6.698700e+00  0.000000e+00
     vertex -2.984593e+00  6.967683e+00  0.000000e+00
     vertex -2.203467e+00  7.252664e+00  0.000000e+00
   endloop
 endfacet
 facet normal  0.000000e+00  0.000000e+00 -1.000000e+00
   outer loop
     vertex -3.547367e+00  6.698700e+00  0.000000e+00
     vertex -3.174621e+00  6.883181e+00  0.000000e+00
     vertex -2.984593e+00  6.967683e+00  0.000000e+00
   endloop
 endfacet
 facet normal  0.000000e+00  0.000000e+00 -1.000000e+00
   outer loop
     vertex -3.547367e+00  6.698700e+00  0.000000e+00
     vertex -3.362260e+00  6.793498e+00  0.000000e+00
     vertex -3.174621e+00  6.883181e+00  0.000000e+00
   endloop
 endfacet
 facet normal  0.000000e+00  0.000000e+00 -1.000000e+00
   outer loop
     vertex -6.624289e+00  3.684453e+00  0.000000e+00
     vertex -7.267607e+00  2.153667e+00  0.000000e+00
     vertex -6.816401e+00  3.315582e+00  0.000000e+00
   endloop
 endfacet
 facet normal  0.000000e+00  0.000000e+00 -1.000000e+00
   outer loop
     vertex -6.624289e+00  3.684453e+00  0.000000e+00
     vertex -6.816401e+00  3.315582e+00  0.000000e+00
     vertex -6.722875e+00  3.501336e+00  0.000000e+00
   endloop
 endfacet
 facet normal  0.000000e+00  0.000000e+00 -1.000000e+00
   outer loop
     vertex -3.729805e+00  6.598860e+00  0.000000e+00
     vertex -3.547367e+00  6.698700e+00  0.000000e+00
     vertex -9.850926e-01  7.515716e+00  0.000000e+00
   endloop
 endfacet
 facet normal  0.000000e+00  0.000000e+00 -1.000000e+00
   outer loop
     vertex -6.520716e+00  3.864798e+00  0.000000e+00
     vertex -7.267607e+00  2.153667e+00  0.000000e+00
     vertex -6.624289e+00  3.684453e+00  0.000000e+00
   endloop
 endfacet
 facet normal  0.000000e+00  0.000000e+00 -1.000000e+00
   outer loop
     vertex -6.412235e+00  4.042233e+00  0.000000e+00
     vertex -7.267607e+00  2.153667e+00  0.000000e+00
     vertex -6.520716e+00  3.864798e+00  0.000000e+00
   endloop
 endfacet
 facet normal  0.000000e+00  0.000000e+00 -1.000000e+00
   outer loop
     vertex -6.298927e+00  4.216625e+00  0.000000e+00
     vertex -7.267607e+00  2.153667e+00  0.000000e+00
     vertex -6.412235e+00  4.042233e+00  0.000000e+00
   endloop
 endfacet
 facet normal  0.000000e+00 -0.000000e+00 -1.000000e+00
   outer loop
     vertex -6.180877e+00  4.387843e+00  0.000000e+00
     vertex -2.401608e+00 -7.189484e+00  0.000000e+00
     vertex -6.816401e+00 -3.315582e+00  0.000000e+00
   endloop
 endfacet
 facet normal  0.000000e+00  0.000000e+00 -1.000000e+00
   outer loop
     vertex -6.180877e+00  4.387843e+00  0.000000e+00
     vertex -6.816401e+00 -3.315582e+00  0.000000e+00
     vertex -7.267607e+00  2.153667e+00  0.000000e+00
   endloop
 endfacet
 facet normal  0.000000e+00  0.000000e+00 -1.000000e+00
   outer loop
     vertex -6.180877e+00  4.387843e+00  0.000000e+00
     vertex -7.267607e+00  2.153667e+00  0.000000e+00
     vertex -6.298927e+00  4.216625e+00  0.000000e+00
   endloop
 endfacet
 facet normal  0.000000e+00  0.000000e+00 -1.000000e+00
   outer loop
     vertex -6.180877e+00  4.387843e+00  0.000000e+00
     vertex  4.173319e+00  6.327702e+00  0.000000e+00
     vertex -2.401608e+00 -7.189484e+00  0.000000e+00
   endloop
 endfacet
 facet normal  0.000000e+00  0.000000e+00 -1.000000e+00
   outer loop
     vertex -4.430136e+00  6.150634e+00  0.000000e+00
     vertex -4.086121e+00  6.384357e+00  0.000000e+00
     vertex -3.909434e+00  6.494053e+00  0.000000e+00
   endloop
 endfacet
 facet normal  0.000000e+00  0.000000e+00 -1.000000e+00
   outer loop
     vertex -4.430136e+00  6.150634e+00  0.000000e+00
     vertex -4.259732e+00  6.269855e+00  0.000000e+00
     vertex -4.086121e+00  6.384357e+00  0.000000e+00
   endloop
 endfacet
 facet normal  0.000000e+00  0.000000e+00 -1.000000e+00
   outer loop
     vertex -4.760814e+00  5.898394e+00  0.000000e+00
     vertex -4.430136e+00  6.150634e+00  0.000000e+00
     vertex -3.909434e+00  6.494053e+00  0.000000e+00
   endloop
 endfacet
 facet normal  0.000000e+00  0.000000e+00 -1.000000e+00
   outer loop
     vertex -4.760814e+00  5.898394e+00  0.000000e+00
     vertex -4.597205e+00  6.026782e+00  0.000000e+00
     vertex -4.430136e+00  6.150634e+00  0.000000e+00
   endloop
 endfacet
 facet normal  0.000000e+00  0.000000e+00 -1.000000e+00
   outer loop
     vertex -4.920839e+00  5.765565e+00  0.000000e+00
     vertex -4.760814e+00  5.898394e+00  0.000000e+00
     vertex -3.909434e+00  6.494053e+00  0.000000e+00
   endloop
 endfacet
 facet normal  0.000000e+00  0.000000e+00 -1.000000e+00
   outer loop
     vertex -5.663090e+00  5.038433e+00  0.000000e+00
     vertex -5.930911e+00  4.720243e+00  0.000000e+00
     vertex -5.799183e+00  4.881175e+00  0.000000e+00
   endloop
 endfacet
 facet normal  0.000000e+00  0.000000e+00 -1.000000e+00
   outer loop
     vertex -5.522734e+00  5.191898e+00  0.000000e+00
     vertex -5.930911e+00  4.720243e+00  0.000000e+00
     vertex -5.663090e+00  5.038433e+00  0.000000e+00
   endloop
 endfacet
 facet normal  0.000000e+00  0.000000e+00 -1.000000e+00
   outer loop
     vertex -5.522734e+00  5.191898e+00  0.000000e+00
     vertex -6.058174e+00  4.555758e+00  0.000000e+00
     vertex -5.930911e+00  4.720243e+00  0.000000e+00
   endloop
 endfacet
 facet normal  0.000000e+00  0.000000e+00 -1.000000e+00
   outer loop
     vertex -5.378221e+00  5.341455e+00  0.000000e+00
     vertex -3.729805e+00  6.598860e+00  0.000000e+00
     vertex -9.850926e-01  7.515716e+00  0.000000e+00
   endloop
 endfacet
 facet normal  0.000000e+00  0.000000e+00 -1.000000e+00
   outer loop
     vertex -5.378221e+00  5.341455e+00  0.000000e+00
     vertex -4.920839e+00  5.765565e+00  0.000000e+00
     vertex -3.909434e+00  6.494053e+00  0.000000e+00
   endloop
 endfacet
 facet normal  0.000000e+00 -0.000000e+00 -1.000000e+00
   outer loop
     vertex -5.378221e+00  5.341455e+00  0.000000e+00
     vertex  4.173319e+00  6.327702e+00  0.000000e+00
     vertex -6.180877e+00  4.387843e+00  0.000000e+00
   endloop
 endfacet
 facet normal  0.000000e+00  0.000000e+00 -1.000000e+00
   outer loop
     vertex -5.378221e+00  5.341455e+00  0.000000e+00
     vertex -3.909434e+00  6.494053e+00  0.000000e+00
     vertex -3.729805e+00  6.598860e+00  0.000000e+00
   endloop
 endfacet
 facet normal  0.000000e+00  0.000000e+00 -1.000000e+00
   outer loop
     vertex -5.378221e+00  5.341455e+00  0.000000e+00
     vertex -6.058174e+00  4.555758e+00  0.000000e+00
     vertex -5.522734e+00  5.191898e+00  0.000000e+00
   endloop
 endfacet
 facet normal  0.000000e+00  0.000000e+00 -1.000000e+00
   outer loop
     vertex -5.378221e+00  5.341455e+00  0.000000e+00
     vertex -5.077160e+00  5.628397e+00  0.000000e+00
     vertex -4.920839e+00  5.765565e+00  0.000000e+00
   endloop
 endfacet
 facet normal  0.000000e+00  0.000000e+00 -1.000000e+00
   outer loop
     vertex -5.378221e+00  5.341455e+00  0.000000e+00
     vertex -5.229658e+00  5.486991e+00  0.000000e+00
     vertex -5.077160e+00  5.628397e+00  0.000000e+00
   endloop
 endfacet
 facet normal  0.000000e+00  0.000000e+00 -1.000000e+00
   outer loop
     vertex -5.378221e+00  5.341455e+00  0.000000e+00
     vertex -9.850926e-01  7.515716e+00  0.000000e+00
     vertex  4.173319e+00  6.327702e+00  0.000000e+00
   endloop
 endfacet
 facet normal  0.000000e+00  0.000000e+00 -1.000000e+00
   outer loop
     vertex -5.378221e+00  5.341455e+00  0.000000e+00
     vertex -6.180877e+00  4.387843e+00  0.000000e+00
     vertex -6.058174e+00  4.555758e+00  0.000000e+00
   endloop
 endfacet
endsolid
