solid OpenSCAD_Model
  facet normal 0.248686 -0.968584 0
    outer loop
      vertex 0.468452 -2.45572 20.5
      vertex 0.5 -2.44762 29.5
      vertex 0.468452 -2.45572 29.5
    endloop
  endfacet
  facet normal 0.248686 -0.968584 0
    outer loop
      vertex 0.5 -2.44762 29.5
      vertex 0.468452 -2.45572 20.5
      vertex 0.5 -2.44762 20.5
    endloop
  endfacet
  facet normal -0.951054 0.309026 0
    outer loop
      vertex -2.42146 0.621724 20.5
      vertex -2.32444 0.920311 29.5
      vertex -2.32444 0.920311 20.5
    endloop
  endfacet
  facet normal -0.951054 0.309026 0
    outer loop
      vertex -2.32444 0.920311 29.5
      vertex -2.42146 0.621724 20.5
      vertex -2.42146 0.621724 29.5
    endloop
  endfacet
  facet normal -0.770522 -0.637414 0
    outer loop
      vertex -1.82242 -1.71137 20.5
      vertex -2.02254 -1.46946 29.5
      vertex -2.02254 -1.46946 20.5
    endloop
  endfacet
  facet normal -0.770522 -0.637414 0
    outer loop
      vertex -2.02254 -1.46946 29.5
      vertex -1.82242 -1.71137 20.5
      vertex -1.82242 -1.71137 29.5
    endloop
  endfacet
  facet normal -0.125338 0.992114 0
    outer loop
      vertex -0.156976 2.49507 20.5
      vertex -0.468452 2.45572 29.5
      vertex -0.156976 2.49507 29.5
    endloop
  endfacet
  facet normal -0.125338 0.992114 0
    outer loop
      vertex -0.468452 2.45572 29.5
      vertex -0.156976 2.49507 20.5
      vertex -0.468452 2.45572 20.5
    endloop
  endfacet
  facet normal 0.125338 0.992114 -0
    outer loop
      vertex 0.468452 2.45572 20.5
      vertex 0.156976 2.49507 29.5
      vertex 0.468452 2.45572 29.5
    endloop
  endfacet
  facet normal 0.125338 0.992114 0
    outer loop
      vertex 0.156976 2.49507 29.5
      vertex 0.468452 2.45572 20.5
      vertex 0.156976 2.49507 20.5
    endloop
  endfacet
  facet normal -0.587797 -0.809009 0
    outer loop
      vertex -1.59356 -1.92628 20.5
      vertex -1.33957 -2.11082 29.5
      vertex -1.59356 -1.92628 29.5
    endloop
  endfacet
  facet normal -0.587797 -0.809009 -0
    outer loop
      vertex -1.33957 -2.11082 29.5
      vertex -1.59356 -1.92628 20.5
      vertex -1.33957 -2.11082 20.5
    endloop
  endfacet
  facet normal -0.684541 0.728975 0
    outer loop
      vertex -1.59356 1.92628 20.5
      vertex -1.82242 1.71137 29.5
      vertex -1.59356 1.92628 29.5
    endloop
  endfacet
  facet normal -0.684541 0.728975 0
    outer loop
      vertex -1.82242 1.71137 29.5
      vertex -1.59356 1.92628 20.5
      vertex -1.82242 1.71137 20.5
    endloop
  endfacet
  facet normal -0.368112 0.929781 0
    outer loop
      vertex -0.772542 2.37764 20.5
      vertex -1.06445 2.26207 29.5
      vertex -0.772542 2.37764 29.5
    endloop
  endfacet
  facet normal -0.368112 0.929781 0
    outer loop
      vertex -1.06445 2.26207 29.5
      vertex -0.772542 2.37764 20.5
      vertex -1.06445 2.26207 20.5
    endloop
  endfacet
  facet normal -0.248699 0.968581 0
    outer loop
      vertex -0.468452 2.45572 20.5
      vertex -0.772542 2.37764 29.5
      vertex -0.468452 2.45572 29.5
    endloop
  endfacet
  facet normal -0.248699 0.968581 0
    outer loop
      vertex -0.772542 2.37764 29.5
      vertex -0.468452 2.45572 20.5
      vertex -0.772542 2.37764 20.5
    endloop
  endfacet
  facet normal -0.248699 -0.968581 0
    outer loop
      vertex -0.772542 -2.37764 20.5
      vertex -0.468452 -2.45572 29.5
      vertex -0.772542 -2.37764 29.5
    endloop
  endfacet
  facet normal -0.248699 -0.968581 -0
    outer loop
      vertex -0.468452 -2.45572 29.5
      vertex -0.772542 -2.37764 20.5
      vertex -0.468452 -2.45572 20.5
    endloop
  endfacet
  facet normal -0.587797 0.809009 0
    outer loop
      vertex -1.33957 2.11082 20.5
      vertex -1.59356 1.92628 29.5
      vertex -1.33957 2.11082 29.5
    endloop
  endfacet
  facet normal -0.587797 0.809009 0
    outer loop
      vertex -1.59356 1.92628 29.5
      vertex -1.33957 2.11082 20.5
      vertex -1.59356 1.92628 20.5
    endloop
  endfacet
  facet normal 0.125338 -0.992114 0
    outer loop
      vertex 0.156976 -2.49507 20.5
      vertex 0.468452 -2.45572 29.5
      vertex 0.156976 -2.49507 29.5
    endloop
  endfacet
  facet normal 0.125338 -0.992114 0
    outer loop
      vertex 0.468452 -2.45572 29.5
      vertex 0.156976 -2.49507 20.5
      vertex 0.468452 -2.45572 20.5
    endloop
  endfacet
  facet normal -0.951054 -0.309026 0
    outer loop
      vertex -2.32444 -0.920311 20.5
      vertex -2.42146 -0.621724 29.5
      vertex -2.42146 -0.621724 20.5
    endloop
  endfacet
  facet normal -0.951054 -0.309026 0
    outer loop
      vertex -2.42146 -0.621724 29.5
      vertex -2.32444 -0.920311 20.5
      vertex -2.32444 -0.920311 29.5
    endloop
  endfacet
  facet normal 0 0 1
    outer loop
      vertex 0.156976 2.49507 29.5
      vertex 0.5 2.44762 29.5
      vertex 0.468452 2.45572 29.5
    endloop
  endfacet
  facet normal 0 0 1
    outer loop
      vertex 0.5 2.44762 29.5
      vertex 0.156976 2.49507 29.5
      vertex 0.5 -2.44762 29.5
    endloop
  endfacet
  facet normal 0 0 1
    outer loop
      vertex 0.156976 -2.49507 29.5
      vertex 0.5 -2.44762 29.5
      vertex 0.156976 2.49507 29.5
    endloop
  endfacet
  facet normal 0 0 1
    outer loop
      vertex 0.5 -2.44762 29.5
      vertex 0.156976 -2.49507 29.5
      vertex 0.468452 -2.45572 29.5
    endloop
  endfacet
  facet normal -0 0 1
    outer loop
      vertex -0.156976 2.49507 29.5
      vertex 0.156976 -2.49507 29.5
      vertex 0.156976 2.49507 29.5
    endloop
  endfacet
  facet normal 0 0 1
    outer loop
      vertex -0.156976 2.49507 29.5
      vertex -0.156976 -2.49507 29.5
      vertex 0.156976 -2.49507 29.5
    endloop
  endfacet
  facet normal -0 0 1
    outer loop
      vertex -0.468452 2.45572 29.5
      vertex -0.156976 -2.49507 29.5
      vertex -0.156976 2.49507 29.5
    endloop
  endfacet
  facet normal 0 0 1
    outer loop
      vertex -0.468452 2.45572 29.5
      vertex -0.468452 -2.45572 29.5
      vertex -0.156976 -2.49507 29.5
    endloop
  endfacet
  facet normal -0 0 1
    outer loop
      vertex -0.772542 2.37764 29.5
      vertex -0.468452 -2.45572 29.5
      vertex -0.468452 2.45572 29.5
    endloop
  endfacet
  facet normal 0 0 1
    outer loop
      vertex -0.772542 2.37764 29.5
      vertex -0.772542 -2.37764 29.5
      vertex -0.468452 -2.45572 29.5
    endloop
  endfacet
  facet normal -0 0 1
    outer loop
      vertex -1.06445 2.26207 29.5
      vertex -0.772542 -2.37764 29.5
      vertex -0.772542 2.37764 29.5
    endloop
  endfacet
  facet normal 0 0 1
    outer loop
      vertex -1.06445 2.26207 29.5
      vertex -1.06445 -2.26207 29.5
      vertex -0.772542 -2.37764 29.5
    endloop
  endfacet
  facet normal -0 0 1
    outer loop
      vertex -1.33957 2.11082 29.5
      vertex -1.06445 -2.26207 29.5
      vertex -1.06445 2.26207 29.5
    endloop
  endfacet
  facet normal 0 0 1
    outer loop
      vertex -1.33957 2.11082 29.5
      vertex -1.33957 -2.11082 29.5
      vertex -1.06445 -2.26207 29.5
    endloop
  endfacet
  facet normal -0 0 1
    outer loop
      vertex -1.59356 1.92628 29.5
      vertex -1.33957 -2.11082 29.5
      vertex -1.33957 2.11082 29.5
    endloop
  endfacet
  facet normal 0 0 1
    outer loop
      vertex -1.59356 1.92628 29.5
      vertex -1.59356 -1.92628 29.5
      vertex -1.33957 -2.11082 29.5
    endloop
  endfacet
  facet normal -0 0 1
    outer loop
      vertex -1.82242 1.71137 29.5
      vertex -1.59356 -1.92628 29.5
      vertex -1.59356 1.92628 29.5
    endloop
  endfacet
  facet normal 0 0 1
    outer loop
      vertex -1.82242 1.71137 29.5
      vertex -1.82242 -1.71137 29.5
      vertex -1.59356 -1.92628 29.5
    endloop
  endfacet
  facet normal -0 0 1
    outer loop
      vertex -2.02254 1.46946 29.5
      vertex -1.82242 -1.71137 29.5
      vertex -1.82242 1.71137 29.5
    endloop
  endfacet
  facet normal 0 0 1
    outer loop
      vertex -2.02254 1.46946 29.5
      vertex -2.02254 -1.46946 29.5
      vertex -1.82242 -1.71137 29.5
    endloop
  endfacet
  facet normal -0 0 1
    outer loop
      vertex -2.19077 1.20438 29.5
      vertex -2.02254 -1.46946 29.5
      vertex -2.02254 1.46946 29.5
    endloop
  endfacet
  facet normal 0 0 1
    outer loop
      vertex -2.19077 1.20438 29.5
      vertex -2.19077 -1.20438 29.5
      vertex -2.02254 -1.46946 29.5
    endloop
  endfacet
  facet normal -0 0 1
    outer loop
      vertex -2.32444 0.920311 29.5
      vertex -2.19077 -1.20438 29.5
      vertex -2.19077 1.20438 29.5
    endloop
  endfacet
  facet normal 0 0 1
    outer loop
      vertex -2.32444 0.920311 29.5
      vertex -2.32444 -0.920311 29.5
      vertex -2.19077 -1.20438 29.5
    endloop
  endfacet
  facet normal -0 0 1
    outer loop
      vertex -2.42146 0.621724 29.5
      vertex -2.32444 -0.920311 29.5
      vertex -2.32444 0.920311 29.5
    endloop
  endfacet
  facet normal 0 0 1
    outer loop
      vertex -2.42146 0.621724 29.5
      vertex -2.42146 -0.621724 29.5
      vertex -2.32444 -0.920311 29.5
    endloop
  endfacet
  facet normal -0 0 1
    outer loop
      vertex -2.48029 0.313333 29.5
      vertex -2.42146 -0.621724 29.5
      vertex -2.42146 0.621724 29.5
    endloop
  endfacet
  facet normal 0 0 1
    outer loop
      vertex -2.48029 0.313333 29.5
      vertex -2.48029 -0.313333 29.5
      vertex -2.42146 -0.621724 29.5
    endloop
  endfacet
  facet normal 0 -0 1
    outer loop
      vertex -2.48029 -0.313333 29.5
      vertex -2.48029 0.313333 29.5
      vertex -2.5 0 29.5
    endloop
  endfacet
  facet normal -0.368112 -0.929781 0
    outer loop
      vertex -1.06445 -2.26207 20.5
      vertex -0.772542 -2.37764 29.5
      vertex -1.06445 -2.26207 29.5
    endloop
  endfacet
  facet normal -0.368112 -0.929781 -0
    outer loop
      vertex -0.772542 -2.37764 29.5
      vertex -1.06445 -2.26207 20.5
      vertex -0.772542 -2.37764 20.5
    endloop
  endfacet
  facet normal -0.481757 -0.876305 0
    outer loop
      vertex -1.33957 -2.11082 20.5
      vertex -1.06445 -2.26207 29.5
      vertex -1.33957 -2.11082 29.5
    endloop
  endfacet
  facet normal -0.481757 -0.876305 -0
    outer loop
      vertex -1.06445 -2.26207 29.5
      vertex -1.33957 -2.11082 20.5
      vertex -1.06445 -2.26207 20.5
    endloop
  endfacet
  facet normal -0.684541 -0.728975 0
    outer loop
      vertex -1.82242 -1.71137 20.5
      vertex -1.59356 -1.92628 29.5
      vertex -1.82242 -1.71137 29.5
    endloop
  endfacet
  facet normal -0.684541 -0.728975 -0
    outer loop
      vertex -1.59356 -1.92628 29.5
      vertex -1.82242 -1.71137 20.5
      vertex -1.59356 -1.92628 20.5
    endloop
  endfacet
  facet normal 0 0 1
    outer loop
      vertex 0.5 2.44762 20.5
      vertex 4.6 0 20.5
      vertex 4.56373 0.576532 20.5
    endloop
  endfacet
  facet normal 0 0 1
    outer loop
      vertex 0.5 2.44762 20.5
      vertex 4.56373 0.576532 20.5
      vertex 4.45548 1.14397 20.5
    endloop
  endfacet
  facet normal 0 0 1
    outer loop
      vertex 0.5 -2.44762 20.5
      vertex 4.6 0 20.5
      vertex 0.5 2.44762 20.5
    endloop
  endfacet
  facet normal 0 0 1
    outer loop
      vertex 0.5 2.44762 20.5
      vertex 4.45548 1.14397 20.5
      vertex 4.27697 1.69337 20.5
    endloop
  endfacet
  facet normal 0 0 1
    outer loop
      vertex 4.6 0 20.5
      vertex 0.5 -2.44762 20.5
      vertex 4.56373 -0.576532 20.5
    endloop
  endfacet
  facet normal 0 0 1
    outer loop
      vertex 0.5 2.44762 20.5
      vertex 4.27697 1.69337 20.5
      vertex 4.03101 2.21607 20.5
    endloop
  endfacet
  facet normal 0 0 1
    outer loop
      vertex 4.56373 -0.576532 20.5
      vertex 0.5 -2.44762 20.5
      vertex 4.45548 -1.14397 20.5
    endloop
  endfacet
  facet normal -0 0 1
    outer loop
      vertex 0.5 2.44762 20.5
      vertex 4.03101 2.21607 20.5
      vertex 3.72148 2.70381 20.5
    endloop
  endfacet
  facet normal 0 0 1
    outer loop
      vertex 4.45548 -1.14397 20.5
      vertex 0.5 -2.44762 20.5
      vertex 4.27697 -1.69337 20.5
    endloop
  endfacet
  facet normal 0 0 1
    outer loop
      vertex 0.5 2.44762 20.5
      vertex 3.72148 2.70381 20.5
      vertex 3.35326 3.14892 20.5
    endloop
  endfacet
  facet normal 0 0 1
    outer loop
      vertex 4.27697 -1.69337 20.5
      vertex 0.5 -2.44762 20.5
      vertex 4.03101 -2.21607 20.5
    endloop
  endfacet
  facet normal 0 0 1
    outer loop
      vertex 0.5 2.44762 20.5
      vertex 3.35326 3.14892 20.5
      vertex 2.93215 3.54436 20.5
    endloop
  endfacet
  facet normal 0 0 1
    outer loop
      vertex 4.03101 -2.21607 20.5
      vertex 0.5 -2.44762 20.5
      vertex 3.72148 -2.70381 20.5
    endloop
  endfacet
  facet normal 0 0 1
    outer loop
      vertex 0.5 2.44762 20.5
      vertex 2.93215 3.54436 20.5
      vertex 2.4648 3.88391 20.5
    endloop
  endfacet
  facet normal 0 0 1
    outer loop
      vertex 3.72148 -2.70381 20.5
      vertex 0.5 -2.44762 20.5
      vertex 3.35326 -3.14892 20.5
    endloop
  endfacet
  facet normal 0 0 1
    outer loop
      vertex 0.5 2.44762 20.5
      vertex 2.4648 3.88391 20.5
      vertex 1.95858 4.1622 20.5
    endloop
  endfacet
  facet normal 0 0 1
    outer loop
      vertex 3.35326 -3.14892 20.5
      vertex 0.5 -2.44762 20.5
      vertex 2.93215 -3.54436 20.5
    endloop
  endfacet
  facet normal 0 0 1
    outer loop
      vertex 0.5 2.44762 20.5
      vertex 1.95858 4.1622 20.5
      vertex 1.42148 4.37486 20.5
    endloop
  endfacet
  facet normal 0 0 1
    outer loop
      vertex 2.93215 -3.54436 20.5
      vertex 0.5 -2.44762 20.5
      vertex 2.4648 -3.88391 20.5
    endloop
  endfacet
  facet normal 0 0 1
    outer loop
      vertex 0.5 2.44762 20.5
      vertex 1.42148 4.37486 20.5
      vertex 0.861954 4.51852 20.5
    endloop
  endfacet
  facet normal 0 0 1
    outer loop
      vertex 2.4648 -3.88391 20.5
      vertex 0.5 -2.44762 20.5
      vertex 1.95858 -4.1622 20.5
    endloop
  endfacet
  facet normal 0 0 1
    outer loop
      vertex 1.95858 -4.1622 20.5
      vertex 0.5 -2.44762 20.5
      vertex 1.42148 -4.37486 20.5
    endloop
  endfacet
  facet normal 0 0 1
    outer loop
      vertex 0.861954 4.51852 20.5
      vertex 0.468452 2.45572 20.5
      vertex 0.5 2.44762 20.5
    endloop
  endfacet
  facet normal 0 0 1
    outer loop
      vertex 0.288836 4.59092 20.5
      vertex 0.468452 2.45572 20.5
      vertex 0.861954 4.51852 20.5
    endloop
  endfacet
  facet normal 0 0 1
    outer loop
      vertex 0.288836 4.59092 20.5
      vertex 0.156976 2.49507 20.5
      vertex 0.468452 2.45572 20.5
    endloop
  endfacet
  facet normal 0 0 1
    outer loop
      vertex 0.288836 4.59092 20.5
      vertex -0.156976 2.49507 20.5
      vertex 0.156976 2.49507 20.5
    endloop
  endfacet
  facet normal -0 0 1
    outer loop
      vertex -0.288836 4.59092 20.5
      vertex -0.156976 2.49507 20.5
      vertex 0.288836 4.59092 20.5
    endloop
  endfacet
  facet normal 0 0 1
    outer loop
      vertex -0.288836 4.59092 20.5
      vertex -0.468452 2.45572 20.5
      vertex -0.156976 2.49507 20.5
    endloop
  endfacet
  facet normal -0 0 1
    outer loop
      vertex -0.861954 4.51852 20.5
      vertex -0.468452 2.45572 20.5
      vertex -0.288836 4.59092 20.5
    endloop
  endfacet
  facet normal 0 0 1
    outer loop
      vertex -0.468452 2.45572 20.5
      vertex -0.861954 4.51852 20.5
      vertex -0.772542 2.37764 20.5
    endloop
  endfacet
  facet normal -0 0 1
    outer loop
      vertex -1.42148 4.37486 20.5
      vertex -0.772542 2.37764 20.5
      vertex -0.861954 4.51852 20.5
    endloop
  endfacet
  facet normal 0 0 1
    outer loop
      vertex -0.772542 2.37764 20.5
      vertex -1.42148 4.37486 20.5
      vertex -1.06445 2.26207 20.5
    endloop
  endfacet
  facet normal -0 0 1
    outer loop
      vertex -1.95858 4.1622 20.5
      vertex -1.06445 2.26207 20.5
      vertex -1.42148 4.37486 20.5
    endloop
  endfacet
  facet normal 0 0 1
    outer loop
      vertex -1.06445 2.26207 20.5
      vertex -1.95858 4.1622 20.5
      vertex -1.33957 2.11082 20.5
    endloop
  endfacet
  facet normal -0 0 1
    outer loop
      vertex -2.4648 3.88391 20.5
      vertex -1.33957 2.11082 20.5
      vertex -1.95858 4.1622 20.5
    endloop
  endfacet
  facet normal 0 0 1
    outer loop
      vertex -1.33957 2.11082 20.5
      vertex -2.4648 3.88391 20.5
      vertex -1.59356 1.92628 20.5
    endloop
  endfacet
  facet normal -0 0 1
    outer loop
      vertex -2.93215 3.54436 20.5
      vertex -1.59356 1.92628 20.5
      vertex -2.4648 3.88391 20.5
    endloop
  endfacet
  facet normal 0 0 1
    outer loop
      vertex -1.59356 1.92628 20.5
      vertex -2.93215 3.54436 20.5
      vertex -1.82242 1.71137 20.5
    endloop
  endfacet
  facet normal -0 0 1
    outer loop
      vertex -3.35326 3.14892 20.5
      vertex -1.82242 1.71137 20.5
      vertex -2.93215 3.54436 20.5
    endloop
  endfacet
  facet normal 0 0 1
    outer loop
      vertex -1.82242 1.71137 20.5
      vertex -3.35326 3.14892 20.5
      vertex -2.02254 1.46946 20.5
    endloop
  endfacet
  facet normal -0 0 1
    outer loop
      vertex -3.72148 2.70381 20.5
      vertex -2.02254 1.46946 20.5
      vertex -3.35326 3.14892 20.5
    endloop
  endfacet
  facet normal 0 0 1
    outer loop
      vertex -2.02254 1.46946 20.5
      vertex -3.72148 2.70381 20.5
      vertex -2.19077 1.20438 20.5
    endloop
  endfacet
  facet normal -0 0 1
    outer loop
      vertex -4.03101 2.21607 20.5
      vertex -2.19077 1.20438 20.5
      vertex -3.72148 2.70381 20.5
    endloop
  endfacet
  facet normal 0 0 1
    outer loop
      vertex -2.19077 1.20438 20.5
      vertex -4.03101 2.21607 20.5
      vertex -2.32444 0.920311 20.5
    endloop
  endfacet
  facet normal 0 0 1
    outer loop
      vertex 1.42148 -4.37486 20.5
      vertex 0.5 -2.44762 20.5
      vertex 0.861954 -4.51852 20.5
    endloop
  endfacet
  facet normal -0 0 1
    outer loop
      vertex 0.468452 -2.45572 20.5
      vertex 0.861954 -4.51852 20.5
      vertex 0.5 -2.44762 20.5
    endloop
  endfacet
  facet normal 0 0 1
    outer loop
      vertex 0.468452 -2.45572 20.5
      vertex 0.288836 -4.59092 20.5
      vertex 0.861954 -4.51852 20.5
    endloop
  endfacet
  facet normal -0 0 1
    outer loop
      vertex 0.156976 -2.49507 20.5
      vertex 0.288836 -4.59092 20.5
      vertex 0.468452 -2.45572 20.5
    endloop
  endfacet
  facet normal -0 0 1
    outer loop
      vertex -0.156976 -2.49507 20.5
      vertex 0.288836 -4.59092 20.5
      vertex 0.156976 -2.49507 20.5
    endloop
  endfacet
  facet normal 0 0 1
    outer loop
      vertex -0.156976 -2.49507 20.5
      vertex -0.288836 -4.59092 20.5
      vertex 0.288836 -4.59092 20.5
    endloop
  endfacet
  facet normal 0 0 1
    outer loop
      vertex -0.468452 -2.45572 20.5
      vertex -0.288836 -4.59092 20.5
      vertex -0.156976 -2.49507 20.5
    endloop
  endfacet
  facet normal 0 0 1
    outer loop
      vertex -0.861954 -4.51852 20.5
      vertex -0.468452 -2.45572 20.5
      vertex -0.772542 -2.37764 20.5
    endloop
  endfacet
  facet normal 0 0 1
    outer loop
      vertex -0.468452 -2.45572 20.5
      vertex -0.861954 -4.51852 20.5
      vertex -0.288836 -4.59092 20.5
    endloop
  endfacet
  facet normal 0 0 1
    outer loop
      vertex -1.42148 -4.37486 20.5
      vertex -0.772542 -2.37764 20.5
      vertex -1.06445 -2.26207 20.5
    endloop
  endfacet
  facet normal 0 0 1
    outer loop
      vertex -1.95858 -4.1622 20.5
      vertex -1.06445 -2.26207 20.5
      vertex -1.33957 -2.11082 20.5
    endloop
  endfacet
  facet normal 0 0 1
    outer loop
      vertex -0.772542 -2.37764 20.5
      vertex -1.42148 -4.37486 20.5
      vertex -0.861954 -4.51852 20.5
    endloop
  endfacet
  facet normal 0 0 1
    outer loop
      vertex -2.4648 -3.88391 20.5
      vertex -1.33957 -2.11082 20.5
      vertex -1.59356 -1.92628 20.5
    endloop
  endfacet
  facet normal 0 0 1
    outer loop
      vertex -2.93215 -3.54436 20.5
      vertex -1.59356 -1.92628 20.5
      vertex -1.82242 -1.71137 20.5
    endloop
  endfacet
  facet normal 0 0 1
    outer loop
      vertex -1.06445 -2.26207 20.5
      vertex -1.95858 -4.1622 20.5
      vertex -1.42148 -4.37486 20.5
    endloop
  endfacet
  facet normal 0 0 1
    outer loop
      vertex -3.35326 -3.14892 20.5
      vertex -1.82242 -1.71137 20.5
      vertex -2.02254 -1.46946 20.5
    endloop
  endfacet
  facet normal 0 0 1
    outer loop
      vertex -3.72148 -2.70381 20.5
      vertex -2.02254 -1.46946 20.5
      vertex -2.19077 -1.20438 20.5
    endloop
  endfacet
  facet normal 0 0 1
    outer loop
      vertex -4.03101 -2.21607 20.5
      vertex -2.19077 -1.20438 20.5
      vertex -2.32444 -0.920311 20.5
    endloop
  endfacet
  facet normal 0 0 1
    outer loop
      vertex -4.27697 -1.69337 20.5
      vertex -2.32444 -0.920311 20.5
      vertex -2.42146 -0.621724 20.5
    endloop
  endfacet
  facet normal 0 0 1
    outer loop
      vertex -1.33957 -2.11082 20.5
      vertex -2.4648 -3.88391 20.5
      vertex -1.95858 -4.1622 20.5
    endloop
  endfacet
  facet normal 0 0 1
    outer loop
      vertex -4.45548 -1.14397 20.5
      vertex -2.42146 -0.621724 20.5
      vertex -2.48029 -0.313333 20.5
    endloop
  endfacet
  facet normal 0 0 1
    outer loop
      vertex -4.56373 -0.576532 20.5
      vertex -2.48029 -0.313333 20.5
      vertex -2.5 0 20.5
    endloop
  endfacet
  facet normal -0 0 1
    outer loop
      vertex -4.27697 1.69337 20.5
      vertex -2.32444 0.920311 20.5
      vertex -4.03101 2.21607 20.5
    endloop
  endfacet
  facet normal 0 0 1
    outer loop
      vertex -1.59356 -1.92628 20.5
      vertex -2.93215 -3.54436 20.5
      vertex -2.4648 -3.88391 20.5
    endloop
  endfacet
  facet normal 0 0 1
    outer loop
      vertex -2.32444 0.920311 20.5
      vertex -4.27697 1.69337 20.5
      vertex -2.42146 0.621724 20.5
    endloop
  endfacet
  facet normal 0 0 1
    outer loop
      vertex -1.82242 -1.71137 20.5
      vertex -3.35326 -3.14892 20.5
      vertex -2.93215 -3.54436 20.5
    endloop
  endfacet
  facet normal -0 0 1
    outer loop
      vertex -4.45548 1.14397 20.5
      vertex -2.42146 0.621724 20.5
      vertex -4.27697 1.69337 20.5
    endloop
  endfacet
  facet normal 0 0 1
    outer loop
      vertex -2.02254 -1.46946 20.5
      vertex -3.72148 -2.70381 20.5
      vertex -3.35326 -3.14892 20.5
    endloop
  endfacet
  facet normal 0 0 1
    outer loop
      vertex -2.42146 0.621724 20.5
      vertex -4.45548 1.14397 20.5
      vertex -2.48029 0.313333 20.5
    endloop
  endfacet
  facet normal 0 0 1
    outer loop
      vertex -2.19077 -1.20438 20.5
      vertex -4.03101 -2.21607 20.5
      vertex -3.72148 -2.70381 20.5
    endloop
  endfacet
  facet normal -0 0 1
    outer loop
      vertex -4.56373 0.576532 20.5
      vertex -2.48029 0.313333 20.5
      vertex -4.45548 1.14397 20.5
    endloop
  endfacet
  facet normal 0 0 1
    outer loop
      vertex -2.32444 -0.920311 20.5
      vertex -4.27697 -1.69337 20.5
      vertex -4.03101 -2.21607 20.5
    endloop
  endfacet
  facet normal 0 0 1
    outer loop
      vertex -2.48029 0.313333 20.5
      vertex -4.56373 0.576532 20.5
      vertex -2.5 0 20.5
    endloop
  endfacet
  facet normal 0 0 1
    outer loop
      vertex -2.42146 -0.621724 20.5
      vertex -4.45548 -1.14397 20.5
      vertex -4.27697 -1.69337 20.5
    endloop
  endfacet
  facet normal 0 0 1
    outer loop
      vertex -4.6 0 20.5
      vertex -2.5 0 20.5
      vertex -4.56373 0.576532 20.5
    endloop
  endfacet
  facet normal 0 0 1
    outer loop
      vertex -2.48029 -0.313333 20.5
      vertex -4.56373 -0.576532 20.5
      vertex -4.45548 -1.14397 20.5
    endloop
  endfacet
  facet normal 0 0 1
    outer loop
      vertex -2.5 0 20.5
      vertex -4.6 0 20.5
      vertex -4.56373 -0.576532 20.5
    endloop
  endfacet
  facet normal -0.998027 -0.0627802 0
    outer loop
      vertex -2.48029 -0.313333 20.5
      vertex -2.5 0 29.5
      vertex -2.5 0 20.5
    endloop
  endfacet
  facet normal -0.998027 -0.0627802 0
    outer loop
      vertex -2.5 0 29.5
      vertex -2.48029 -0.313333 20.5
      vertex -2.48029 -0.313333 29.5
    endloop
  endfacet
  facet normal -0.125338 -0.992114 0
    outer loop
      vertex -0.468452 -2.45572 20.5
      vertex -0.156976 -2.49507 29.5
      vertex -0.468452 -2.45572 29.5
    endloop
  endfacet
  facet normal -0.125338 -0.992114 -0
    outer loop
      vertex -0.156976 -2.49507 29.5
      vertex -0.468452 -2.45572 20.5
      vertex -0.156976 -2.49507 20.5
    endloop
  endfacet
  facet normal -0.90483 -0.425772 0
    outer loop
      vertex -2.19077 -1.20438 20.5
      vertex -2.32444 -0.920311 29.5
      vertex -2.32444 -0.920311 20.5
    endloop
  endfacet
  facet normal -0.90483 -0.425772 0
    outer loop
      vertex -2.32444 -0.920311 29.5
      vertex -2.19077 -1.20438 20.5
      vertex -2.19077 -1.20438 29.5
    endloop
  endfacet
  facet normal -0.982287 -0.187385 0
    outer loop
      vertex -2.42146 -0.621724 20.5
      vertex -2.48029 -0.313333 29.5
      vertex -2.48029 -0.313333 20.5
    endloop
  endfacet
  facet normal -0.982287 -0.187385 0
    outer loop
      vertex -2.48029 -0.313333 29.5
      vertex -2.42146 -0.621724 20.5
      vertex -2.42146 -0.621724 29.5
    endloop
  endfacet
  facet normal 0.248686 0.968584 -0
    outer loop
      vertex 0.5 2.44762 20.5
      vertex 0.468452 2.45572 29.5
      vertex 0.5 2.44762 29.5
    endloop
  endfacet
  facet normal 0.248686 0.968584 0
    outer loop
      vertex 0.468452 2.45572 29.5
      vertex 0.5 2.44762 20.5
      vertex 0.468452 2.45572 20.5
    endloop
  endfacet
  facet normal -0.844321 -0.535838 0
    outer loop
      vertex -2.02254 -1.46946 20.5
      vertex -2.19077 -1.20438 29.5
      vertex -2.19077 -1.20438 20.5
    endloop
  endfacet
  facet normal -0.844321 -0.535838 0
    outer loop
      vertex -2.19077 -1.20438 29.5
      vertex -2.02254 -1.46946 20.5
      vertex -2.02254 -1.46946 29.5
    endloop
  endfacet
  facet normal -0.998027 0.0627802 0
    outer loop
      vertex -2.5 0 20.5
      vertex -2.48029 0.313333 29.5
      vertex -2.48029 0.313333 20.5
    endloop
  endfacet
  facet normal -0.998027 0.0627802 0
    outer loop
      vertex -2.48029 0.313333 29.5
      vertex -2.5 0 20.5
      vertex -2.5 0 29.5
    endloop
  endfacet
  facet normal -0.481757 0.876305 0
    outer loop
      vertex -1.06445 2.26207 20.5
      vertex -1.33957 2.11082 29.5
      vertex -1.06445 2.26207 29.5
    endloop
  endfacet
  facet normal -0.481757 0.876305 0
    outer loop
      vertex -1.33957 2.11082 29.5
      vertex -1.06445 2.26207 20.5
      vertex -1.33957 2.11082 20.5
    endloop
  endfacet
  facet normal 0 -1 0
    outer loop
      vertex -0.156976 -2.49507 20.5
      vertex 0.156976 -2.49507 29.5
      vertex -0.156976 -2.49507 29.5
    endloop
  endfacet
  facet normal 0 -1 -0
    outer loop
      vertex 0.156976 -2.49507 29.5
      vertex -0.156976 -2.49507 20.5
      vertex 0.156976 -2.49507 20.5
    endloop
  endfacet
  facet normal -0.844321 0.535838 0
    outer loop
      vertex -2.19077 1.20438 20.5
      vertex -2.02254 1.46946 29.5
      vertex -2.02254 1.46946 20.5
    endloop
  endfacet
  facet normal -0.844321 0.535838 0
    outer loop
      vertex -2.02254 1.46946 29.5
      vertex -2.19077 1.20438 20.5
      vertex -2.19077 1.20438 29.5
    endloop
  endfacet
  facet normal -0.982287 0.187385 0
    outer loop
      vertex -2.48029 0.313333 20.5
      vertex -2.42146 0.621724 29.5
      vertex -2.42146 0.621724 20.5
    endloop
  endfacet
  facet normal -0.982287 0.187385 0
    outer loop
      vertex -2.42146 0.621724 29.5
      vertex -2.48029 0.313333 20.5
      vertex -2.48029 0.313333 29.5
    endloop
  endfacet
  facet normal 0 1 -0
    outer loop
      vertex 0.156976 2.49507 20.5
      vertex -0.156976 2.49507 29.5
      vertex 0.156976 2.49507 29.5
    endloop
  endfacet
  facet normal 0 1 0
    outer loop
      vertex -0.156976 2.49507 29.5
      vertex 0.156976 2.49507 20.5
      vertex -0.156976 2.49507 20.5
    endloop
  endfacet
  facet normal -0.90483 0.425772 0
    outer loop
      vertex -2.32444 0.920311 20.5
      vertex -2.19077 1.20438 29.5
      vertex -2.19077 1.20438 20.5
    endloop
  endfacet
  facet normal -0.90483 0.425772 0
    outer loop
      vertex -2.19077 1.20438 29.5
      vertex -2.32444 0.920311 20.5
      vertex -2.32444 0.920311 29.5
    endloop
  endfacet
  facet normal -0.770522 0.637414 0
    outer loop
      vertex -2.02254 1.46946 20.5
      vertex -1.82242 1.71137 29.5
      vertex -1.82242 1.71137 20.5
    endloop
  endfacet
  facet normal -0.770522 0.637414 0
    outer loop
      vertex -1.82242 1.71137 29.5
      vertex -2.02254 1.46946 20.5
      vertex -2.02254 1.46946 29.5
    endloop
  endfacet
  facet normal 1 -0 0
    outer loop
      vertex 0.5 -2.44762 29.5
      vertex 0.5 2.44762 20.5
      vertex 0.5 2.44762 29.5
    endloop
  endfacet
  facet normal 1 0 0
    outer loop
      vertex 0.5 2.44762 20.5
      vertex 0.5 -2.44762 29.5
      vertex 0.5 -2.44762 20.5
    endloop
  endfacet
  facet normal 0.982266 0.187493 0
    outer loop
      vertex -14.0613 0.615277 1
      vertex -14.11 0.870414 0
      vertex -14.11 0.870414 1
    endloop
  endfacet
  facet normal 0.982266 0.187493 0
    outer loop
      vertex -14.11 0.870414 0
      vertex -14.0613 0.615277 1
      vertex -14.0613 0.615277 0
    endloop
  endfacet
  facet normal -0.904869 0.42569 0
    outer loop
      vertex -20.7542 1.28843 0
      vertex -20.5671 1.68614 1
      vertex -20.5671 1.68614 0
    endloop
  endfacet
  facet normal -0.904869 0.42569 0
    outer loop
      vertex -20.5671 1.68614 1
      vertex -20.7542 1.28843 0
      vertex -20.7542 1.28843 1
    endloop
  endfacet
  facet normal -0.248633 -0.968598 0
    outer loop
      vertex -18.5816 -3.3287 0
      vertex -18.1558 -3.438 1
      vertex -18.5816 -3.3287 1
    endloop
  endfacet
  facet normal -0.248633 -0.968598 -0
    outer loop
      vertex -18.1558 -3.438 1
      vertex -18.5816 -3.3287 0
      vertex -18.1558 -3.438 0
    endloop
  endfacet
  facet normal 0.368191 -0.92975 0
    outer loop
      vertex -16.4184 -3.3287 0
      vertex -16.0098 -3.16689 1
      vertex -16.4184 -3.3287 1
    endloop
  endfacet
  facet normal 0.368191 -0.92975 0
    outer loop
      vertex -16.0098 -3.16689 1
      vertex -16.4184 -3.3287 0
      vertex -16.0098 -3.16689 0
    endloop
  endfacet
  facet normal 0.844342 0.535805 0
    outer loop
      vertex -14.4329 1.68614 1
      vertex -14.6684 2.05725 0
      vertex -14.6684 2.05725 1
    endloop
  endfacet
  facet normal 0.844342 0.535805 0
    outer loop
      vertex -14.6684 2.05725 0
      vertex -14.4329 1.68614 1
      vertex -14.4329 1.68614 0
    endloop
  endfacet
  facet normal 0.587773 0.809026 -0
    outer loop
      vertex -15.269 2.6968 0
      vertex -15.6246 2.95515 1
      vertex -15.269 2.6968 1
    endloop
  endfacet
  facet normal 0.587773 0.809026 0
    outer loop
      vertex -15.6246 2.95515 1
      vertex -15.269 2.6968 0
      vertex -15.6246 2.95515 0
    endloop
  endfacet
  facet normal 0.248633 -0.968598 0
    outer loop
      vertex -16.8442 -3.438 0
      vertex -16.4184 -3.3287 1
      vertex -16.8442 -3.438 1
    endloop
  endfacet
  facet normal 0.248633 -0.968598 0
    outer loop
      vertex -16.4184 -3.3287 1
      vertex -16.8442 -3.438 0
      vertex -16.4184 -3.3287 0
    endloop
  endfacet
  facet normal 0.951071 -0.308972 0
    outer loop
      vertex -14.2458 -1.28843 1
      vertex -14.11 -0.870414 0
      vertex -14.11 -0.870414 1
    endloop
  endfacet
  facet normal 0.951071 -0.308972 0
    outer loop
      vertex -14.11 -0.870414 0
      vertex -14.2458 -1.28843 1
      vertex -14.2458 -1.28843 0
    endloop
  endfacet
  facet normal 0.368191 0.92975 -0
    outer loop
      vertex -16.0098 3.16689 0
      vertex -16.4184 3.3287 1
      vertex -16.0098 3.16689 1
    endloop
  endfacet
  facet normal 0.368191 0.92975 0
    outer loop
      vertex -16.4184 3.3287 1
      vertex -16.0098 3.16689 0
      vertex -16.4184 3.3287 0
    endloop
  endfacet
  facet normal 0.844342 -0.535805 0
    outer loop
      vertex -14.6684 -2.05725 1
      vertex -14.4329 -1.68614 0
      vertex -14.4329 -1.68614 1
    endloop
  endfacet
  facet normal 0.844342 -0.535805 0
    outer loop
      vertex -14.4329 -1.68614 0
      vertex -14.6684 -2.05725 1
      vertex -14.6684 -2.05725 0
    endloop
  endfacet
  facet normal 0.770473 -0.637473 0
    outer loop
      vertex -14.9486 -2.39591 1
      vertex -14.6684 -2.05725 0
      vertex -14.6684 -2.05725 1
    endloop
  endfacet
  facet normal 0.770473 -0.637473 0
    outer loop
      vertex -14.6684 -2.05725 0
      vertex -14.9486 -2.39591 1
      vertex -14.9486 -2.39591 0
    endloop
  endfacet
  facet normal 0 1 -0
    outer loop
      vertex -17.2802 3.49309 0
      vertex -17.7198 3.49309 1
      vertex -17.2802 3.49309 1
    endloop
  endfacet
  facet normal 0 1 0
    outer loop
      vertex -17.7198 3.49309 1
      vertex -17.2802 3.49309 0
      vertex -17.7198 3.49309 0
    endloop
  endfacet
  facet normal 0.904869 0.42569 0
    outer loop
      vertex -14.2458 1.28843 1
      vertex -14.4329 1.68614 0
      vertex -14.4329 1.68614 1
    endloop
  endfacet
  facet normal 0.904869 0.42569 0
    outer loop
      vertex -14.4329 1.68614 0
      vertex -14.2458 1.28843 1
      vertex -14.2458 1.28843 0
    endloop
  endfacet
  facet normal 0.125357 -0.992112 0
    outer loop
      vertex -17.2802 -3.49309 0
      vertex -16.8442 -3.438 1
      vertex -17.2802 -3.49309 1
    endloop
  endfacet
  facet normal 0.125357 -0.992112 0
    outer loop
      vertex -16.8442 -3.438 1
      vertex -17.2802 -3.49309 0
      vertex -16.8442 -3.438 0
    endloop
  endfacet
  facet normal -0.125357 -0.992112 0
    outer loop
      vertex -18.1558 -3.438 0
      vertex -17.7198 -3.49309 1
      vertex -18.1558 -3.438 1
    endloop
  endfacet
  facet normal -0.125357 -0.992112 -0
    outer loop
      vertex -17.7198 -3.49309 1
      vertex -18.1558 -3.438 0
      vertex -17.7198 -3.49309 0
    endloop
  endfacet
  facet normal -0.770473 -0.637473 0
    outer loop
      vertex -20.0514 -2.39591 0
      vertex -20.3316 -2.05725 1
      vertex -20.3316 -2.05725 0
    endloop
  endfacet
  facet normal -0.770473 -0.637473 0
    outer loop
      vertex -20.3316 -2.05725 1
      vertex -20.0514 -2.39591 0
      vertex -20.0514 -2.39591 1
    endloop
  endfacet
  facet normal -0.684564 0.728952 0
    outer loop
      vertex -19.731 2.6968 0
      vertex -20.0514 2.39591 1
      vertex -19.731 2.6968 1
    endloop
  endfacet
  facet normal -0.684564 0.728952 0
    outer loop
      vertex -20.0514 2.39591 1
      vertex -19.731 2.6968 0
      vertex -20.0514 2.39591 0
    endloop
  endfacet
  facet normal 0 0 1
    outer loop
      vertex -15.9503 0.397903 1
      vertex -14.0613 0.615277 1
      vertex -14.11 0.870414 1
    endloop
  endfacet
  facet normal -0 0 1
    outer loop
      vertex -15.9126 -0.200533 1
      vertex -14.0613 -0.615277 1
      vertex -14.1 0 1
    endloop
  endfacet
  facet normal 0 0 1
    outer loop
      vertex -14.0613 0.615277 1
      vertex -15.9126 0.200533 1
      vertex -14.1 0 1
    endloop
  endfacet
  facet normal 0 0 1
    outer loop
      vertex -15.9503 0.397903 1
      vertex -14.11 0.870414 1
      vertex -14.2458 1.28843 1
    endloop
  endfacet
  facet normal 0 0 1
    outer loop
      vertex -15.9126 -0.200533 1
      vertex -14.1 0 1
      vertex -15.9 0 1
    endloop
  endfacet
  facet normal 0 0 1
    outer loop
      vertex -16.0124 0.588999 1
      vertex -14.2458 1.28843 1
      vertex -14.4329 1.68614 1
    endloop
  endfacet
  facet normal -0 0 1
    outer loop
      vertex -15.9503 -0.397903 1
      vertex -14.0613 -0.615277 1
      vertex -15.9126 -0.200533 1
    endloop
  endfacet
  facet normal 0 0 1
    outer loop
      vertex -16.0979 0.770805 1
      vertex -14.4329 1.68614 1
      vertex -14.6684 2.05725 1
    endloop
  endfacet
  facet normal 0 0 1
    outer loop
      vertex -14.0613 -0.615277 1
      vertex -15.9503 -0.397903 1
      vertex -14.11 -0.870414 1
    endloop
  endfacet
  facet normal 0 0 1
    outer loop
      vertex -16.2056 0.940456 1
      vertex -14.6684 2.05725 1
      vertex -14.9486 2.39591 1
    endloop
  endfacet
  facet normal 0 0 1
    outer loop
      vertex -14.11 -0.870414 1
      vertex -15.9503 -0.397903 1
      vertex -14.2458 -1.28843 1
    endloop
  endfacet
  facet normal 0 0 1
    outer loop
      vertex -16.3337 1.09527 1
      vertex -14.9486 2.39591 1
      vertex -15.269 2.6968 1
    endloop
  endfacet
  facet normal -0 0 1
    outer loop
      vertex -16.0124 -0.588999 1
      vertex -14.2458 -1.28843 1
      vertex -15.9503 -0.397903 1
    endloop
  endfacet
  facet normal 0 0 1
    outer loop
      vertex -16.4801 1.23282 1
      vertex -15.269 2.6968 1
      vertex -15.6246 2.95515 1
    endloop
  endfacet
  facet normal 0 0 1
    outer loop
      vertex -14.2458 -1.28843 1
      vertex -16.0124 -0.588999 1
      vertex -14.4329 -1.68614 1
    endloop
  endfacet
  facet normal -0 0 1
    outer loop
      vertex -16.0979 -0.770805 1
      vertex -14.4329 -1.68614 1
      vertex -16.0124 -0.588999 1
    endloop
  endfacet
  facet normal 0 0 1
    outer loop
      vertex -14.1 0 1
      vertex -15.9126 0.200533 1
      vertex -15.9 0 1
    endloop
  endfacet
  facet normal 0 0 1
    outer loop
      vertex -14.0613 0.615277 1
      vertex -15.9503 0.397903 1
      vertex -15.9126 0.200533 1
    endloop
  endfacet
  facet normal 0 0 1
    outer loop
      vertex -16.6427 1.35092 1
      vertex -15.6246 2.95515 1
      vertex -16.0098 3.16689 1
    endloop
  endfacet
  facet normal 0 0 1
    outer loop
      vertex -14.2458 1.28843 1
      vertex -16.0124 0.588999 1
      vertex -15.9503 0.397903 1
    endloop
  endfacet
  facet normal 0 0 1
    outer loop
      vertex -14.4329 1.68614 1
      vertex -16.0979 0.770805 1
      vertex -16.0124 0.588999 1
    endloop
  endfacet
  facet normal 0 0 1
    outer loop
      vertex -14.6684 2.05725 1
      vertex -16.2056 0.940456 1
      vertex -16.0979 0.770805 1
    endloop
  endfacet
  facet normal 0 0 1
    outer loop
      vertex -14.9486 2.39591 1
      vertex -16.3337 1.09527 1
      vertex -16.2056 0.940456 1
    endloop
  endfacet
  facet normal 0 0 1
    outer loop
      vertex -16.8188 1.44772 1
      vertex -16.0098 3.16689 1
      vertex -16.4184 3.3287 1
    endloop
  endfacet
  facet normal 0 0 1
    outer loop
      vertex -15.269 2.6968 1
      vertex -16.4801 1.23282 1
      vertex -16.3337 1.09527 1
    endloop
  endfacet
  facet normal 0 0 1
    outer loop
      vertex -15.6246 2.95515 1
      vertex -16.6427 1.35092 1
      vertex -16.4801 1.23282 1
    endloop
  endfacet
  facet normal 0 0 1
    outer loop
      vertex -16.0098 3.16689 1
      vertex -16.8188 1.44772 1
      vertex -16.6427 1.35092 1
    endloop
  endfacet
  facet normal 0 0 1
    outer loop
      vertex -17.0056 1.52169 1
      vertex -16.4184 3.3287 1
      vertex -16.8442 3.438 1
    endloop
  endfacet
  facet normal 0 0 1
    outer loop
      vertex -16.4184 3.3287 1
      vertex -17.0056 1.52169 1
      vertex -16.8188 1.44772 1
    endloop
  endfacet
  facet normal 0 0 1
    outer loop
      vertex -16.8442 3.438 1
      vertex -17.2002 1.57166 1
      vertex -17.0056 1.52169 1
    endloop
  endfacet
  facet normal 0 0 1
    outer loop
      vertex -17.2802 3.49309 1
      vertex -17.2002 1.57166 1
      vertex -16.8442 3.438 1
    endloop
  endfacet
  facet normal 0 0 1
    outer loop
      vertex -17.2802 3.49309 1
      vertex -17.3995 1.59684 1
      vertex -17.2002 1.57166 1
    endloop
  endfacet
  facet normal 0 0 1
    outer loop
      vertex -17.2802 3.49309 1
      vertex -17.6005 1.59684 1
      vertex -17.3995 1.59684 1
    endloop
  endfacet
  facet normal -0 0 1
    outer loop
      vertex -17.7198 3.49309 1
      vertex -17.6005 1.59684 1
      vertex -17.2802 3.49309 1
    endloop
  endfacet
  facet normal 0 0 1
    outer loop
      vertex -17.7198 3.49309 1
      vertex -17.7998 1.57166 1
      vertex -17.6005 1.59684 1
    endloop
  endfacet
  facet normal -0 0 1
    outer loop
      vertex -18.1558 3.438 1
      vertex -17.7998 1.57166 1
      vertex -17.7198 3.49309 1
    endloop
  endfacet
  facet normal 0 0 1
    outer loop
      vertex -17.7998 1.57166 1
      vertex -18.1558 3.438 1
      vertex -17.9944 1.52169 1
    endloop
  endfacet
  facet normal -0 0 1
    outer loop
      vertex -18.5816 3.3287 1
      vertex -17.9944 1.52169 1
      vertex -18.1558 3.438 1
    endloop
  endfacet
  facet normal 0 0 1
    outer loop
      vertex -17.9944 1.52169 1
      vertex -18.5816 3.3287 1
      vertex -18.1812 1.44772 1
    endloop
  endfacet
  facet normal -0 0 1
    outer loop
      vertex -18.9902 3.16689 1
      vertex -18.1812 1.44772 1
      vertex -18.5816 3.3287 1
    endloop
  endfacet
  facet normal 0 0 1
    outer loop
      vertex -18.1812 1.44772 1
      vertex -18.9902 3.16689 1
      vertex -18.3573 1.35092 1
    endloop
  endfacet
  facet normal -0 0 1
    outer loop
      vertex -19.3754 2.95515 1
      vertex -18.3573 1.35092 1
      vertex -18.9902 3.16689 1
    endloop
  endfacet
  facet normal 0 0 1
    outer loop
      vertex -18.3573 1.35092 1
      vertex -19.3754 2.95515 1
      vertex -18.5199 1.23282 1
    endloop
  endfacet
  facet normal -0 0 1
    outer loop
      vertex -19.731 2.6968 1
      vertex -18.5199 1.23282 1
      vertex -19.3754 2.95515 1
    endloop
  endfacet
  facet normal 0 0 1
    outer loop
      vertex -18.5199 1.23282 1
      vertex -19.731 2.6968 1
      vertex -18.6663 1.09527 1
    endloop
  endfacet
  facet normal -0 0 1
    outer loop
      vertex -20.0514 2.39591 1
      vertex -18.6663 1.09527 1
      vertex -19.731 2.6968 1
    endloop
  endfacet
  facet normal 0 0 1
    outer loop
      vertex -18.6663 1.09527 1
      vertex -20.0514 2.39591 1
      vertex -18.7944 0.940456 1
    endloop
  endfacet
  facet normal -0 0 1
    outer loop
      vertex -20.3316 2.05725 1
      vertex -18.7944 0.940456 1
      vertex -20.0514 2.39591 1
    endloop
  endfacet
  facet normal 0 0 1
    outer loop
      vertex -18.7944 0.940456 1
      vertex -20.3316 2.05725 1
      vertex -18.9021 0.770805 1
    endloop
  endfacet
  facet normal -0 0 1
    outer loop
      vertex -20.5671 1.68614 1
      vertex -18.9021 0.770805 1
      vertex -20.3316 2.05725 1
    endloop
  endfacet
  facet normal 0 0 1
    outer loop
      vertex -14.4329 -1.68614 1
      vertex -16.0979 -0.770805 1
      vertex -14.6684 -2.05725 1
    endloop
  endfacet
  facet normal -0 0 1
    outer loop
      vertex -16.2056 -0.940456 1
      vertex -14.6684 -2.05725 1
      vertex -16.0979 -0.770805 1
    endloop
  endfacet
  facet normal 0 0 1
    outer loop
      vertex -14.6684 -2.05725 1
      vertex -16.2056 -0.940456 1
      vertex -14.9486 -2.39591 1
    endloop
  endfacet
  facet normal -0 0 1
    outer loop
      vertex -16.3337 -1.09527 1
      vertex -14.9486 -2.39591 1
      vertex -16.2056 -0.940456 1
    endloop
  endfacet
  facet normal 0 0 1
    outer loop
      vertex -14.9486 -2.39591 1
      vertex -16.3337 -1.09527 1
      vertex -15.269 -2.6968 1
    endloop
  endfacet
  facet normal -0 0 1
    outer loop
      vertex -16.4801 -1.23282 1
      vertex -15.269 -2.6968 1
      vertex -16.3337 -1.09527 1
    endloop
  endfacet
  facet normal 0 0 1
    outer loop
      vertex -15.269 -2.6968 1
      vertex -16.4801 -1.23282 1
      vertex -15.6246 -2.95515 1
    endloop
  endfacet
  facet normal -0 0 1
    outer loop
      vertex -16.6427 -1.35092 1
      vertex -15.6246 -2.95515 1
      vertex -16.4801 -1.23282 1
    endloop
  endfacet
  facet normal 0 0 1
    outer loop
      vertex -15.6246 -2.95515 1
      vertex -16.6427 -1.35092 1
      vertex -16.0098 -3.16689 1
    endloop
  endfacet
  facet normal -0 0 1
    outer loop
      vertex -16.8188 -1.44772 1
      vertex -16.0098 -3.16689 1
      vertex -16.6427 -1.35092 1
    endloop
  endfacet
  facet normal 0 0 1
    outer loop
      vertex -16.0098 -3.16689 1
      vertex -16.8188 -1.44772 1
      vertex -16.4184 -3.3287 1
    endloop
  endfacet
  facet normal -0 0 1
    outer loop
      vertex -17.0056 -1.52169 1
      vertex -16.4184 -3.3287 1
      vertex -16.8188 -1.44772 1
    endloop
  endfacet
  facet normal 0 0 1
    outer loop
      vertex -16.4184 -3.3287 1
      vertex -17.0056 -1.52169 1
      vertex -16.8442 -3.438 1
    endloop
  endfacet
  facet normal -0 0 1
    outer loop
      vertex -17.2002 -1.57166 1
      vertex -16.8442 -3.438 1
      vertex -17.0056 -1.52169 1
    endloop
  endfacet
  facet normal 0 0 1
    outer loop
      vertex -17.2002 -1.57166 1
      vertex -17.2802 -3.49309 1
      vertex -16.8442 -3.438 1
    endloop
  endfacet
  facet normal -0 0 1
    outer loop
      vertex -17.3995 -1.59684 1
      vertex -17.2802 -3.49309 1
      vertex -17.2002 -1.57166 1
    endloop
  endfacet
  facet normal -0 0 1
    outer loop
      vertex -17.6005 -1.59684 1
      vertex -17.2802 -3.49309 1
      vertex -17.3995 -1.59684 1
    endloop
  endfacet
  facet normal 0 0 1
    outer loop
      vertex -17.6005 -1.59684 1
      vertex -17.7198 -3.49309 1
      vertex -17.2802 -3.49309 1
    endloop
  endfacet
  facet normal 0 0 1
    outer loop
      vertex -17.7998 -1.57166 1
      vertex -17.7198 -3.49309 1
      vertex -17.6005 -1.59684 1
    endloop
  endfacet
  facet normal 0 0 1
    outer loop
      vertex -18.1558 -3.438 1
      vertex -17.7998 -1.57166 1
      vertex -17.9944 -1.52169 1
    endloop
  endfacet
  facet normal 0 0 1
    outer loop
      vertex -17.7998 -1.57166 1
      vertex -18.1558 -3.438 1
      vertex -17.7198 -3.49309 1
    endloop
  endfacet
  facet normal 0 0 1
    outer loop
      vertex -18.5816 -3.3287 1
      vertex -17.9944 -1.52169 1
      vertex -18.1812 -1.44772 1
    endloop
  endfacet
  facet normal 0 0 1
    outer loop
      vertex -18.9902 -3.16689 1
      vertex -18.1812 -1.44772 1
      vertex -18.3573 -1.35092 1
    endloop
  endfacet
  facet normal 0 0 1
    outer loop
      vertex -19.3754 -2.95515 1
      vertex -18.3573 -1.35092 1
      vertex -18.5199 -1.23282 1
    endloop
  endfacet
  facet normal 0 0 1
    outer loop
      vertex -17.9944 -1.52169 1
      vertex -18.5816 -3.3287 1
      vertex -18.1558 -3.438 1
    endloop
  endfacet
  facet normal 0 0 1
    outer loop
      vertex -19.731 -2.6968 1
      vertex -18.5199 -1.23282 1
      vertex -18.6663 -1.09527 1
    endloop
  endfacet
  facet normal 0 0 1
    outer loop
      vertex -20.0514 -2.39591 1
      vertex -18.6663 -1.09527 1
      vertex -18.7944 -0.940456 1
    endloop
  endfacet
  facet normal 0 0 1
    outer loop
      vertex -20.3316 -2.05725 1
      vertex -18.7944 -0.940456 1
      vertex -18.9021 -0.770805 1
    endloop
  endfacet
  facet normal 0 0 1
    outer loop
      vertex -20.5671 -1.68614 1
      vertex -18.9021 -0.770805 1
      vertex -18.9876 -0.588999 1
    endloop
  endfacet
  facet normal 0 0 1
    outer loop
      vertex -18.1812 -1.44772 1
      vertex -18.9902 -3.16689 1
      vertex -18.5816 -3.3287 1
    endloop
  endfacet
  facet normal 0 0 1
    outer loop
      vertex -20.7542 -1.28843 1
      vertex -18.9876 -0.588999 1
      vertex -19.0497 -0.397903 1
    endloop
  endfacet
  facet normal 0 0 1
    outer loop
      vertex -20.89 -0.870414 1
      vertex -19.0497 -0.397903 1
      vertex -19.0874 -0.200533 1
    endloop
  endfacet
  facet normal 0 0 1
    outer loop
      vertex -20.9724 -0.438665 1
      vertex -19.0874 -0.200533 1
      vertex -19.1 0 1
    endloop
  endfacet
  facet normal 0 0 1
    outer loop
      vertex -18.9021 0.770805 1
      vertex -20.5671 1.68614 1
      vertex -18.9876 0.588999 1
    endloop
  endfacet
  facet normal 0 0 1
    outer loop
      vertex -18.3573 -1.35092 1
      vertex -19.3754 -2.95515 1
      vertex -18.9902 -3.16689 1
    endloop
  endfacet
  facet normal -0 0 1
    outer loop
      vertex -20.7542 1.28843 1
      vertex -18.9876 0.588999 1
      vertex -20.5671 1.68614 1
    endloop
  endfacet
  facet normal 0 0 1
    outer loop
      vertex -18.5199 -1.23282 1
      vertex -19.731 -2.6968 1
      vertex -19.3754 -2.95515 1
    endloop
  endfacet
  facet normal 0 0 1
    outer loop
      vertex -18.9876 0.588999 1
      vertex -20.7542 1.28843 1
      vertex -19.0497 0.397903 1
    endloop
  endfacet
  facet normal 0 0 1
    outer loop
      vertex -18.6663 -1.09527 1
      vertex -20.0514 -2.39591 1
      vertex -19.731 -2.6968 1
    endloop
  endfacet
  facet normal -0 0 1
    outer loop
      vertex -20.89 0.870414 1
      vertex -19.0497 0.397903 1
      vertex -20.7542 1.28843 1
    endloop
  endfacet
  facet normal 0 0 1
    outer loop
      vertex -18.7944 -0.940456 1
      vertex -20.3316 -2.05725 1
      vertex -20.0514 -2.39591 1
    endloop
  endfacet
  facet normal 0 0 1
    outer loop
      vertex -19.0497 0.397903 1
      vertex -20.89 0.870414 1
      vertex -19.0874 0.200533 1
    endloop
  endfacet
  facet normal 0 0 1
    outer loop
      vertex -18.9021 -0.770805 1
      vertex -20.5671 -1.68614 1
      vertex -20.3316 -2.05725 1
    endloop
  endfacet
  facet normal -0 0 1
    outer loop
      vertex -20.9724 0.438665 1
      vertex -19.0874 0.200533 1
      vertex -20.89 0.870414 1
    endloop
  endfacet
  facet normal 0 0 1
    outer loop
      vertex -18.9876 -0.588999 1
      vertex -20.7542 -1.28843 1
      vertex -20.5671 -1.68614 1
    endloop
  endfacet
  facet normal 0 0 1
    outer loop
      vertex -19.0874 0.200533 1
      vertex -20.9724 0.438665 1
      vertex -19.1 0 1
    endloop
  endfacet
  facet normal 0 0 1
    outer loop
      vertex -19.0497 -0.397903 1
      vertex -20.89 -0.870414 1
      vertex -20.7542 -1.28843 1
    endloop
  endfacet
  facet normal 0 0 1
    outer loop
      vertex -21 0 1
      vertex -19.1 0 1
      vertex -20.9724 0.438665 1
    endloop
  endfacet
  facet normal 0 0 1
    outer loop
      vertex -19.0874 -0.200533 1
      vertex -20.9724 -0.438665 1
      vertex -20.89 -0.870414 1
    endloop
  endfacet
  facet normal 0 0 1
    outer loop
      vertex -19.1 0 1
      vertex -21 0 1
      vertex -20.9724 -0.438665 1
    endloop
  endfacet
  facet normal -0.587773 -0.809026 0
    outer loop
      vertex -19.731 -2.6968 0
      vertex -19.3754 -2.95515 1
      vertex -19.731 -2.6968 1
    endloop
  endfacet
  facet normal -0.587773 -0.809026 -0
    outer loop
      vertex -19.3754 -2.95515 1
      vertex -19.731 -2.6968 0
      vertex -19.3754 -2.95515 0
    endloop
  endfacet
  facet normal -0.684564 -0.728952 0
    outer loop
      vertex -20.0514 -2.39591 0
      vertex -19.731 -2.6968 1
      vertex -20.0514 -2.39591 1
    endloop
  endfacet
  facet normal -0.684564 -0.728952 -0
    outer loop
      vertex -19.731 -2.6968 1
      vertex -20.0514 -2.39591 0
      vertex -19.731 -2.6968 0
    endloop
  endfacet
  facet normal 0.481709 -0.876331 0
    outer loop
      vertex -16.0098 -3.16689 0
      vertex -15.6246 -2.95515 1
      vertex -16.0098 -3.16689 1
    endloop
  endfacet
  facet normal 0.481709 -0.876331 0
    outer loop
      vertex -15.6246 -2.95515 1
      vertex -16.0098 -3.16689 0
      vertex -15.6246 -2.95515 0
    endloop
  endfacet
  facet normal 0.248633 0.968598 -0
    outer loop
      vertex -16.4184 3.3287 0
      vertex -16.8442 3.438 1
      vertex -16.4184 3.3287 1
    endloop
  endfacet
  facet normal 0.248633 0.968598 0
    outer loop
      vertex -16.8442 3.438 1
      vertex -16.4184 3.3287 0
      vertex -16.8442 3.438 0
    endloop
  endfacet
  facet normal -0.844342 0.535805 0
    outer loop
      vertex -20.5671 1.68614 0
      vertex -20.3316 2.05725 1
      vertex -20.3316 2.05725 0
    endloop
  endfacet
  facet normal -0.844342 0.535805 0
    outer loop
      vertex -20.3316 2.05725 1
      vertex -20.5671 1.68614 0
      vertex -20.5671 1.68614 1
    endloop
  endfacet
  facet normal -0.125357 0.992112 0
    outer loop
      vertex -17.7198 3.49309 0
      vertex -18.1558 3.438 1
      vertex -17.7198 3.49309 1
    endloop
  endfacet
  facet normal -0.125357 0.992112 0
    outer loop
      vertex -18.1558 3.438 1
      vertex -17.7198 3.49309 0
      vertex -18.1558 3.438 0
    endloop
  endfacet
  facet normal -0.368191 0.92975 0
    outer loop
      vertex -18.5816 3.3287 0
      vertex -18.9902 3.16689 1
      vertex -18.5816 3.3287 1
    endloop
  endfacet
  facet normal -0.368191 0.92975 0
    outer loop
      vertex -18.9902 3.16689 1
      vertex -18.5816 3.3287 0
      vertex -18.9902 3.16689 0
    endloop
  endfacet
  facet normal -0.982271 -0.187468 0
    outer loop
      vertex -20.89 -0.870414 0
      vertex -20.9724 -0.438665 1
      vertex -20.9724 -0.438665 0
    endloop
  endfacet
  facet normal -0.982271 -0.187468 0
    outer loop
      vertex -20.9724 -0.438665 1
      vertex -20.89 -0.870414 0
      vertex -20.89 -0.870414 1
    endloop
  endfacet
  facet normal 0.982266 -0.187493 0
    outer loop
      vertex -14.11 -0.870414 1
      vertex -14.0613 -0.615277 0
      vertex -14.0613 -0.615277 1
    endloop
  endfacet
  facet normal 0.982266 -0.187493 0
    outer loop
      vertex -14.0613 -0.615277 0
      vertex -14.11 -0.870414 1
      vertex -14.11 -0.870414 0
    endloop
  endfacet
  facet normal -0.951071 0.308972 0
    outer loop
      vertex -20.89 0.870414 0
      vertex -20.7542 1.28843 1
      vertex -20.7542 1.28843 0
    endloop
  endfacet
  facet normal -0.951071 0.308972 0
    outer loop
      vertex -20.7542 1.28843 1
      vertex -20.89 0.870414 0
      vertex -20.89 0.870414 1
    endloop
  endfacet
  facet normal -0.248633 0.968598 0
    outer loop
      vertex -18.1558 3.438 0
      vertex -18.5816 3.3287 1
      vertex -18.1558 3.438 1
    endloop
  endfacet
  facet normal -0.248633 0.968598 0
    outer loop
      vertex -18.5816 3.3287 1
      vertex -18.1558 3.438 0
      vertex -18.5816 3.3287 0
    endloop
  endfacet
  facet normal 0 -1 0
    outer loop
      vertex -17.7198 -3.49309 0
      vertex -17.2802 -3.49309 1
      vertex -17.7198 -3.49309 1
    endloop
  endfacet
  facet normal 0 -1 -0
    outer loop
      vertex -17.2802 -3.49309 1
      vertex -17.7198 -3.49309 0
      vertex -17.2802 -3.49309 0
    endloop
  endfacet
  facet normal -0.844342 -0.535805 0
    outer loop
      vertex -20.3316 -2.05725 0
      vertex -20.5671 -1.68614 1
      vertex -20.5671 -1.68614 0
    endloop
  endfacet
  facet normal -0.844342 -0.535805 0
    outer loop
      vertex -20.5671 -1.68614 1
      vertex -20.3316 -2.05725 0
      vertex -20.3316 -2.05725 1
    endloop
  endfacet
  facet normal 0.904869 -0.42569 0
    outer loop
      vertex -14.4329 -1.68614 1
      vertex -14.2458 -1.28843 0
      vertex -14.2458 -1.28843 1
    endloop
  endfacet
  facet normal 0.904869 -0.42569 0
    outer loop
      vertex -14.2458 -1.28843 0
      vertex -14.4329 -1.68614 1
      vertex -14.4329 -1.68614 0
    endloop
  endfacet
  facet normal 0.684564 0.728952 -0
    outer loop
      vertex -14.9486 2.39591 0
      vertex -15.269 2.6968 1
      vertex -14.9486 2.39591 1
    endloop
  endfacet
  facet normal 0.684564 0.728952 0
    outer loop
      vertex -15.269 2.6968 1
      vertex -14.9486 2.39591 0
      vertex -15.269 2.6968 0
    endloop
  endfacet
  facet normal 0.481709 0.876331 -0
    outer loop
      vertex -15.6246 2.95515 0
      vertex -16.0098 3.16689 1
      vertex -15.6246 2.95515 1
    endloop
  endfacet
  facet normal 0.481709 0.876331 0
    outer loop
      vertex -16.0098 3.16689 1
      vertex -15.6246 2.95515 0
      vertex -16.0098 3.16689 0
    endloop
  endfacet
  facet normal 0.951071 0.308972 0
    outer loop
      vertex -14.11 0.870414 1
      vertex -14.2458 1.28843 0
      vertex -14.2458 1.28843 1
    endloop
  endfacet
  facet normal 0.951071 0.308972 0
    outer loop
      vertex -14.2458 1.28843 0
      vertex -14.11 0.870414 1
      vertex -14.11 0.870414 0
    endloop
  endfacet
  facet normal 0.770473 0.637473 0
    outer loop
      vertex -14.6684 2.05725 1
      vertex -14.9486 2.39591 0
      vertex -14.9486 2.39591 1
    endloop
  endfacet
  facet normal 0.770473 0.637473 0
    outer loop
      vertex -14.9486 2.39591 0
      vertex -14.6684 2.05725 1
      vertex -14.6684 2.05725 0
    endloop
  endfacet
  facet normal -0.998027 -0.062794 0
    outer loop
      vertex -20.9724 -0.438665 0
      vertex -21 0 1
      vertex -21 0 0
    endloop
  endfacet
  facet normal -0.998027 -0.062794 0
    outer loop
      vertex -21 0 1
      vertex -20.9724 -0.438665 0
      vertex -20.9724 -0.438665 1
    endloop
  endfacet
  facet normal -0.951071 -0.308972 0
    outer loop
      vertex -20.7542 -1.28843 0
      vertex -20.89 -0.870414 1
      vertex -20.89 -0.870414 0
    endloop
  endfacet
  facet normal -0.951071 -0.308972 0
    outer loop
      vertex -20.89 -0.870414 1
      vertex -20.7542 -1.28843 0
      vertex -20.7542 -1.28843 1
    endloop
  endfacet
  facet normal -0.481709 0.876331 0
    outer loop
      vertex -18.9902 3.16689 0
      vertex -19.3754 2.95515 1
      vertex -18.9902 3.16689 1
    endloop
  endfacet
  facet normal -0.481709 0.876331 0
    outer loop
      vertex -19.3754 2.95515 1
      vertex -18.9902 3.16689 0
      vertex -19.3754 2.95515 0
    endloop
  endfacet
  facet normal -0.998027 0.062794 0
    outer loop
      vertex -21 0 0
      vertex -20.9724 0.438665 1
      vertex -20.9724 0.438665 0
    endloop
  endfacet
  facet normal -0.998027 0.062794 0
    outer loop
      vertex -20.9724 0.438665 1
      vertex -21 0 0
      vertex -21 0 1
    endloop
  endfacet
  facet normal -0.368191 -0.92975 0
    outer loop
      vertex -18.9902 -3.16689 0
      vertex -18.5816 -3.3287 1
      vertex -18.9902 -3.16689 1
    endloop
  endfacet
  facet normal -0.368191 -0.92975 -0
    outer loop
      vertex -18.5816 -3.3287 1
      vertex -18.9902 -3.16689 0
      vertex -18.5816 -3.3287 0
    endloop
  endfacet
  facet normal 0.587773 -0.809026 0
    outer loop
      vertex -15.6246 -2.95515 0
      vertex -15.269 -2.6968 1
      vertex -15.6246 -2.95515 1
    endloop
  endfacet
  facet normal 0.587773 -0.809026 0
    outer loop
      vertex -15.269 -2.6968 1
      vertex -15.6246 -2.95515 0
      vertex -15.269 -2.6968 0
    endloop
  endfacet
  facet normal 0.125357 0.992112 -0
    outer loop
      vertex -16.8442 3.438 0
      vertex -17.2802 3.49309 1
      vertex -16.8442 3.438 1
    endloop
  endfacet
  facet normal 0.125357 0.992112 0
    outer loop
      vertex -17.2802 3.49309 1
      vertex -16.8442 3.438 0
      vertex -17.2802 3.49309 0
    endloop
  endfacet
  facet normal -0.770473 0.637473 0
    outer loop
      vertex -20.3316 2.05725 0
      vertex -20.0514 2.39591 1
      vertex -20.0514 2.39591 0
    endloop
  endfacet
  facet normal -0.770473 0.637473 0
    outer loop
      vertex -20.0514 2.39591 1
      vertex -20.3316 2.05725 0
      vertex -20.3316 2.05725 1
    endloop
  endfacet
  facet normal -0.982271 0.187468 0
    outer loop
      vertex -20.9724 0.438665 0
      vertex -20.89 0.870414 1
      vertex -20.89 0.870414 0
    endloop
  endfacet
  facet normal -0.982271 0.187468 0
    outer loop
      vertex -20.89 0.870414 1
      vertex -20.9724 0.438665 0
      vertex -20.9724 0.438665 1
    endloop
  endfacet
  facet normal 0.684564 -0.728952 0
    outer loop
      vertex -15.269 -2.6968 0
      vertex -14.9486 -2.39591 1
      vertex -15.269 -2.6968 1
    endloop
  endfacet
  facet normal 0.684564 -0.728952 0
    outer loop
      vertex -14.9486 -2.39591 1
      vertex -15.269 -2.6968 0
      vertex -14.9486 -2.39591 0
    endloop
  endfacet
  facet normal -0.587773 0.809026 0
    outer loop
      vertex -19.3754 2.95515 0
      vertex -19.731 2.6968 1
      vertex -19.3754 2.95515 1
    endloop
  endfacet
  facet normal -0.587773 0.809026 0
    outer loop
      vertex -19.731 2.6968 1
      vertex -19.3754 2.95515 0
      vertex -19.731 2.6968 0
    endloop
  endfacet
  facet normal -0.904869 -0.42569 0
    outer loop
      vertex -20.5671 -1.68614 0
      vertex -20.7542 -1.28843 1
      vertex -20.7542 -1.28843 0
    endloop
  endfacet
  facet normal -0.904869 -0.42569 0
    outer loop
      vertex -20.7542 -1.28843 1
      vertex -20.5671 -1.68614 0
      vertex -20.5671 -1.68614 1
    endloop
  endfacet
  facet normal -0.481709 -0.876331 0
    outer loop
      vertex -19.3754 -2.95515 0
      vertex -18.9902 -3.16689 1
      vertex -19.3754 -2.95515 1
    endloop
  endfacet
  facet normal -0.481709 -0.876331 -0
    outer loop
      vertex -18.9902 -3.16689 1
      vertex -19.3754 -2.95515 0
      vertex -18.9902 -3.16689 0
    endloop
  endfacet
  facet normal -0 0 -1
    outer loop
      vertex -14.4329 1.68614 0
      vertex -16.0979 0.770805 0
      vertex -14.6684 2.05725 0
    endloop
  endfacet
  facet normal 0 0 -1
    outer loop
      vertex -16.2056 0.940456 0
      vertex -14.6684 2.05725 0
      vertex -16.0979 0.770805 0
    endloop
  endfacet
  facet normal -0 0 -1
    outer loop
      vertex -14.6684 2.05725 0
      vertex -16.2056 0.940456 0
      vertex -14.9486 2.39591 0
    endloop
  endfacet
  facet normal 0 0 -1
    outer loop
      vertex -16.3337 1.09527 0
      vertex -14.9486 2.39591 0
      vertex -16.2056 0.940456 0
    endloop
  endfacet
  facet normal -0 0 -1
    outer loop
      vertex -14.9486 2.39591 0
      vertex -16.3337 1.09527 0
      vertex -15.269 2.6968 0
    endloop
  endfacet
  facet normal 0 0 -1
    outer loop
      vertex -16.4801 1.23282 0
      vertex -15.269 2.6968 0
      vertex -16.3337 1.09527 0
    endloop
  endfacet
  facet normal -0 0 -1
    outer loop
      vertex -15.269 2.6968 0
      vertex -16.4801 1.23282 0
      vertex -15.6246 2.95515 0
    endloop
  endfacet
  facet normal 0 0 -1
    outer loop
      vertex -16.6427 1.35092 0
      vertex -15.6246 2.95515 0
      vertex -16.4801 1.23282 0
    endloop
  endfacet
  facet normal -0 0 -1
    outer loop
      vertex -15.6246 2.95515 0
      vertex -16.6427 1.35092 0
      vertex -16.0098 3.16689 0
    endloop
  endfacet
  facet normal 0 0 -1
    outer loop
      vertex -16.8188 1.44772 0
      vertex -16.0098 3.16689 0
      vertex -16.6427 1.35092 0
    endloop
  endfacet
  facet normal -0 0 -1
    outer loop
      vertex -16.0098 3.16689 0
      vertex -16.8188 1.44772 0
      vertex -16.4184 3.3287 0
    endloop
  endfacet
  facet normal 0 0 -1
    outer loop
      vertex -17.0056 1.52169 0
      vertex -16.4184 3.3287 0
      vertex -16.8188 1.44772 0
    endloop
  endfacet
  facet normal -0 0 -1
    outer loop
      vertex -16.4184 3.3287 0
      vertex -17.0056 1.52169 0
      vertex -16.8442 3.438 0
    endloop
  endfacet
  facet normal 0 0 -1
    outer loop
      vertex -17.2002 1.57166 0
      vertex -16.8442 3.438 0
      vertex -17.0056 1.52169 0
    endloop
  endfacet
  facet normal 0 0 -1
    outer loop
      vertex -17.2002 1.57166 0
      vertex -17.2802 3.49309 0
      vertex -16.8442 3.438 0
    endloop
  endfacet
  facet normal 0 0 -1
    outer loop
      vertex -17.3995 1.59684 0
      vertex -17.2802 3.49309 0
      vertex -17.2002 1.57166 0
    endloop
  endfacet
  facet normal 0 0 -1
    outer loop
      vertex -17.6005 1.59684 0
      vertex -17.2802 3.49309 0
      vertex -17.3995 1.59684 0
    endloop
  endfacet
  facet normal 0 0 -1
    outer loop
      vertex -17.6005 1.59684 0
      vertex -17.7198 3.49309 0
      vertex -17.2802 3.49309 0
    endloop
  endfacet
  facet normal 0 0 -1
    outer loop
      vertex -17.7998 1.57166 0
      vertex -17.7198 3.49309 0
      vertex -17.6005 1.59684 0
    endloop
  endfacet
  facet normal 0 0 -1
    outer loop
      vertex -18.1558 3.438 0
      vertex -17.7998 1.57166 0
      vertex -17.9944 1.52169 0
    endloop
  endfacet
  facet normal 0 0 -1
    outer loop
      vertex -17.7998 1.57166 0
      vertex -18.1558 3.438 0
      vertex -17.7198 3.49309 0
    endloop
  endfacet
  facet normal 0 0 -1
    outer loop
      vertex -18.5816 3.3287 0
      vertex -17.9944 1.52169 0
      vertex -18.1812 1.44772 0
    endloop
  endfacet
  facet normal 0 0 -1
    outer loop
      vertex -18.9902 3.16689 0
      vertex -18.1812 1.44772 0
      vertex -18.3573 1.35092 0
    endloop
  endfacet
  facet normal 0 0 -1
    outer loop
      vertex -19.3754 2.95515 0
      vertex -18.3573 1.35092 0
      vertex -18.5199 1.23282 0
    endloop
  endfacet
  facet normal 0 0 -1
    outer loop
      vertex -17.9944 1.52169 0
      vertex -18.5816 3.3287 0
      vertex -18.1558 3.438 0
    endloop
  endfacet
  facet normal 0 0 -1
    outer loop
      vertex -19.731 2.6968 0
      vertex -18.5199 1.23282 0
      vertex -18.6663 1.09527 0
    endloop
  endfacet
  facet normal 0 0 -1
    outer loop
      vertex -20.0514 2.39591 0
      vertex -18.6663 1.09527 0
      vertex -18.7944 0.940456 0
    endloop
  endfacet
  facet normal 0 0 -1
    outer loop
      vertex -20.3316 2.05725 0
      vertex -18.7944 0.940456 0
      vertex -18.9021 0.770805 0
    endloop
  endfacet
  facet normal 0 0 -1
    outer loop
      vertex -20.5671 1.68614 0
      vertex -18.9021 0.770805 0
      vertex -18.9876 0.588999 0
    endloop
  endfacet
  facet normal 0 0 -1
    outer loop
      vertex -18.1812 1.44772 0
      vertex -18.9902 3.16689 0
      vertex -18.5816 3.3287 0
    endloop
  endfacet
  facet normal 0 0 -1
    outer loop
      vertex -20.7542 1.28843 0
      vertex -18.9876 0.588999 0
      vertex -19.0497 0.397903 0
    endloop
  endfacet
  facet normal 0 0 -1
    outer loop
      vertex -20.89 0.870414 0
      vertex -19.0497 0.397903 0
      vertex -19.0874 0.200533 0
    endloop
  endfacet
  facet normal 0 0 -1
    outer loop
      vertex -20.9724 0.438665 0
      vertex -19.0874 0.200533 0
      vertex -19.1 0 0
    endloop
  endfacet
  facet normal -0 0 -1
    outer loop
      vertex -18.9021 -0.770805 0
      vertex -20.5671 -1.68614 0
      vertex -18.9876 -0.588999 0
    endloop
  endfacet
  facet normal 0 0 -1
    outer loop
      vertex -18.3573 1.35092 0
      vertex -19.3754 2.95515 0
      vertex -18.9902 3.16689 0
    endloop
  endfacet
  facet normal 0 0 -1
    outer loop
      vertex -20.7542 -1.28843 0
      vertex -18.9876 -0.588999 0
      vertex -20.5671 -1.68614 0
    endloop
  endfacet
  facet normal 0 0 -1
    outer loop
      vertex -18.5199 1.23282 0
      vertex -19.731 2.6968 0
      vertex -19.3754 2.95515 0
    endloop
  endfacet
  facet normal -0 0 -1
    outer loop
      vertex -18.9876 -0.588999 0
      vertex -20.7542 -1.28843 0
      vertex -19.0497 -0.397903 0
    endloop
  endfacet
  facet normal 0 0 -1
    outer loop
      vertex -18.6663 1.09527 0
      vertex -20.0514 2.39591 0
      vertex -19.731 2.6968 0
    endloop
  endfacet
  facet normal 0 0 -1
    outer loop
      vertex -20.89 -0.870414 0
      vertex -19.0497 -0.397903 0
      vertex -20.7542 -1.28843 0
    endloop
  endfacet
  facet normal 0 0 -1
    outer loop
      vertex -18.7944 0.940456 0
      vertex -20.3316 2.05725 0
      vertex -20.0514 2.39591 0
    endloop
  endfacet
  facet normal -0 0 -1
    outer loop
      vertex -19.0497 -0.397903 0
      vertex -20.89 -0.870414 0
      vertex -19.0874 -0.200533 0
    endloop
  endfacet
  facet normal 0 0 -1
    outer loop
      vertex -18.9021 0.770805 0
      vertex -20.5671 1.68614 0
      vertex -20.3316 2.05725 0
    endloop
  endfacet
  facet normal 0 0 -1
    outer loop
      vertex -20.9724 -0.438665 0
      vertex -19.0874 -0.200533 0
      vertex -20.89 -0.870414 0
    endloop
  endfacet
  facet normal 0 0 -1
    outer loop
      vertex -18.9876 0.588999 0
      vertex -20.7542 1.28843 0
      vertex -20.5671 1.68614 0
    endloop
  endfacet
  facet normal -0 0 -1
    outer loop
      vertex -19.0874 -0.200533 0
      vertex -20.9724 -0.438665 0
      vertex -19.1 0 0
    endloop
  endfacet
  facet normal 0 0 -1
    outer loop
      vertex -19.0497 0.397903 0
      vertex -20.89 0.870414 0
      vertex -20.7542 1.28843 0
    endloop
  endfacet
  facet normal 0 0 -1
    outer loop
      vertex -21 0 0
      vertex -19.1 0 0
      vertex -20.9724 -0.438665 0
    endloop
  endfacet
  facet normal 0 0 -1
    outer loop
      vertex -19.0874 0.200533 0
      vertex -20.9724 0.438665 0
      vertex -20.89 0.870414 0
    endloop
  endfacet
  facet normal 0 0 -1
    outer loop
      vertex -19.1 0 0
      vertex -21 0 0
      vertex -20.9724 0.438665 0
    endloop
  endfacet
  facet normal 0 0 -1
    outer loop
      vertex 19.1 0 0
      vertex 21 0 0
      vertex 20.9724 -0.438665 0
    endloop
  endfacet
  facet normal 0 0 -1
    outer loop
      vertex 19.0874 -0.200533 0
      vertex 20.9724 -0.438665 0
      vertex 20.89 -0.870414 0
    endloop
  endfacet
  facet normal 0 0 -1
    outer loop
      vertex 21 0 0
      vertex 19.1 0 0
      vertex 20.9724 0.438665 0
    endloop
  endfacet
  facet normal 0 0 -1
    outer loop
      vertex 19.0497 -0.397903 0
      vertex 20.89 -0.870414 0
      vertex 20.7542 -1.28843 0
    endloop
  endfacet
  facet normal 0 0 -1
    outer loop
      vertex 19.0874 0.200533 0
      vertex 20.9724 0.438665 0
      vertex 19.1 0 0
    endloop
  endfacet
  facet normal 0 0 -1
    outer loop
      vertex 18.9876 -0.588999 0
      vertex 20.7542 -1.28843 0
      vertex 20.5671 -1.68614 0
    endloop
  endfacet
  facet normal -0 0 -1
    outer loop
      vertex 20.9724 0.438665 0
      vertex 19.0874 0.200533 0
      vertex 20.89 0.870414 0
    endloop
  endfacet
  facet normal 0 0 -1
    outer loop
      vertex 18.9021 -0.770805 0
      vertex 20.5671 -1.68614 0
      vertex 20.3316 -2.05725 0
    endloop
  endfacet
  facet normal 0 0 -1
    outer loop
      vertex 19.0497 0.397903 0
      vertex 20.89 0.870414 0
      vertex 19.0874 0.200533 0
    endloop
  endfacet
  facet normal 0 0 -1
    outer loop
      vertex 18.7944 -0.940456 0
      vertex 20.3316 -2.05725 0
      vertex 20.0514 -2.39591 0
    endloop
  endfacet
  facet normal -0 0 -1
    outer loop
      vertex 20.89 0.870414 0
      vertex 19.0497 0.397903 0
      vertex 20.7542 1.28843 0
    endloop
  endfacet
  facet normal 0 0 -1
    outer loop
      vertex 18.6663 -1.09527 0
      vertex 20.0514 -2.39591 0
      vertex 19.731 -2.6968 0
    endloop
  endfacet
  facet normal 0 0 -1
    outer loop
      vertex 18.9876 0.588999 0
      vertex 20.7542 1.28843 0
      vertex 19.0497 0.397903 0
    endloop
  endfacet
  facet normal 0 0 -1
    outer loop
      vertex 18.5199 -1.23282 0
      vertex 19.731 -2.6968 0
      vertex 19.3754 -2.95515 0
    endloop
  endfacet
  facet normal -0 0 -1
    outer loop
      vertex 20.7542 1.28843 0
      vertex 18.9876 0.588999 0
      vertex 20.5671 1.68614 0
    endloop
  endfacet
  facet normal 0 0 -1
    outer loop
      vertex 18.9021 0.770805 0
      vertex 20.5671 1.68614 0
      vertex 18.9876 0.588999 0
    endloop
  endfacet
  facet normal 0 0 -1
    outer loop
      vertex 20.9724 -0.438665 0
      vertex 19.0874 -0.200533 0
      vertex 19.1 0 0
    endloop
  endfacet
  facet normal 0 0 -1
    outer loop
      vertex 20.89 -0.870414 0
      vertex 19.0497 -0.397903 0
      vertex 19.0874 -0.200533 0
    endloop
  endfacet
  facet normal 0 0 -1
    outer loop
      vertex 18.3573 -1.35092 0
      vertex 19.3754 -2.95515 0
      vertex 18.9902 -3.16689 0
    endloop
  endfacet
  facet normal 0 0 -1
    outer loop
      vertex 20.7542 -1.28843 0
      vertex 18.9876 -0.588999 0
      vertex 19.0497 -0.397903 0
    endloop
  endfacet
  facet normal 0 0 -1
    outer loop
      vertex 20.5671 -1.68614 0
      vertex 18.9021 -0.770805 0
      vertex 18.9876 -0.588999 0
    endloop
  endfacet
  facet normal 0 0 -1
    outer loop
      vertex 20.3316 -2.05725 0
      vertex 18.7944 -0.940456 0
      vertex 18.9021 -0.770805 0
    endloop
  endfacet
  facet normal 0 0 -1
    outer loop
      vertex 20.0514 -2.39591 0
      vertex 18.6663 -1.09527 0
      vertex 18.7944 -0.940456 0
    endloop
  endfacet
  facet normal 0 0 -1
    outer loop
      vertex 18.1812 -1.44772 0
      vertex 18.9902 -3.16689 0
      vertex 18.5816 -3.3287 0
    endloop
  endfacet
  facet normal 0 0 -1
    outer loop
      vertex 19.731 -2.6968 0
      vertex 18.5199 -1.23282 0
      vertex 18.6663 -1.09527 0
    endloop
  endfacet
  facet normal 0 0 -1
    outer loop
      vertex 19.3754 -2.95515 0
      vertex 18.3573 -1.35092 0
      vertex 18.5199 -1.23282 0
    endloop
  endfacet
  facet normal 0 0 -1
    outer loop
      vertex 18.9902 -3.16689 0
      vertex 18.1812 -1.44772 0
      vertex 18.3573 -1.35092 0
    endloop
  endfacet
  facet normal 0 0 -1
    outer loop
      vertex 17.9944 -1.52169 0
      vertex 18.5816 -3.3287 0
      vertex 18.1558 -3.438 0
    endloop
  endfacet
  facet normal 0 0 -1
    outer loop
      vertex 18.5816 -3.3287 0
      vertex 17.9944 -1.52169 0
      vertex 18.1812 -1.44772 0
    endloop
  endfacet
  facet normal 0 0 -1
    outer loop
      vertex 18.1558 -3.438 0
      vertex 17.7998 -1.57166 0
      vertex 17.9944 -1.52169 0
    endloop
  endfacet
  facet normal 0 0 -1
    outer loop
      vertex 17.7198 -3.49309 0
      vertex 17.7998 -1.57166 0
      vertex 18.1558 -3.438 0
    endloop
  endfacet
  facet normal 0 0 -1
    outer loop
      vertex 17.7198 -3.49309 0
      vertex 17.6005 -1.59684 0
      vertex 17.7998 -1.57166 0
    endloop
  endfacet
  facet normal 0 0 -1
    outer loop
      vertex 17.7198 -3.49309 0
      vertex 17.3995 -1.59684 0
      vertex 17.6005 -1.59684 0
    endloop
  endfacet
  facet normal 0 0 -1
    outer loop
      vertex 17.2802 -3.49309 0
      vertex 17.3995 -1.59684 0
      vertex 17.7198 -3.49309 0
    endloop
  endfacet
  facet normal 0 0 -1
    outer loop
      vertex 17.2802 -3.49309 0
      vertex 17.2002 -1.57166 0
      vertex 17.3995 -1.59684 0
    endloop
  endfacet
  facet normal 0 0 -1
    outer loop
      vertex 16.8442 -3.438 0
      vertex 17.2002 -1.57166 0
      vertex 17.2802 -3.49309 0
    endloop
  endfacet
  facet normal -0 0 -1
    outer loop
      vertex 17.2002 -1.57166 0
      vertex 16.8442 -3.438 0
      vertex 17.0056 -1.52169 0
    endloop
  endfacet
  facet normal 0 0 -1
    outer loop
      vertex 16.4184 -3.3287 0
      vertex 17.0056 -1.52169 0
      vertex 16.8442 -3.438 0
    endloop
  endfacet
  facet normal -0 0 -1
    outer loop
      vertex 17.0056 -1.52169 0
      vertex 16.4184 -3.3287 0
      vertex 16.8188 -1.44772 0
    endloop
  endfacet
  facet normal 0 0 -1
    outer loop
      vertex 16.0098 -3.16689 0
      vertex 16.8188 -1.44772 0
      vertex 16.4184 -3.3287 0
    endloop
  endfacet
  facet normal -0 0 -1
    outer loop
      vertex 16.8188 -1.44772 0
      vertex 16.0098 -3.16689 0
      vertex 16.6427 -1.35092 0
    endloop
  endfacet
  facet normal 0 0 -1
    outer loop
      vertex 15.6246 -2.95515 0
      vertex 16.6427 -1.35092 0
      vertex 16.0098 -3.16689 0
    endloop
  endfacet
  facet normal -0 0 -1
    outer loop
      vertex 16.6427 -1.35092 0
      vertex 15.6246 -2.95515 0
      vertex 16.4801 -1.23282 0
    endloop
  endfacet
  facet normal 0 0 -1
    outer loop
      vertex 15.269 -2.6968 0
      vertex 16.4801 -1.23282 0
      vertex 15.6246 -2.95515 0
    endloop
  endfacet
  facet normal -0 0 -1
    outer loop
      vertex 16.4801 -1.23282 0
      vertex 15.269 -2.6968 0
      vertex 16.3337 -1.09527 0
    endloop
  endfacet
  facet normal 0 0 -1
    outer loop
      vertex 14.9486 -2.39591 0
      vertex 16.3337 -1.09527 0
      vertex 15.269 -2.6968 0
    endloop
  endfacet
  facet normal -0 0 -1
    outer loop
      vertex 16.3337 -1.09527 0
      vertex 14.9486 -2.39591 0
      vertex 16.2056 -0.940456 0
    endloop
  endfacet
  facet normal 0 0 -1
    outer loop
      vertex 14.6684 -2.05725 0
      vertex 16.2056 -0.940456 0
      vertex 14.9486 -2.39591 0
    endloop
  endfacet
  facet normal -0 0 -1
    outer loop
      vertex 16.2056 -0.940456 0
      vertex 14.6684 -2.05725 0
      vertex 16.0979 -0.770805 0
    endloop
  endfacet
  facet normal 0 0 -1
    outer loop
      vertex 14.4329 -1.68614 0
      vertex 16.0979 -0.770805 0
      vertex 14.6684 -2.05725 0
    endloop
  endfacet
  facet normal -0 0 -1
    outer loop
      vertex 20.5671 1.68614 0
      vertex 18.9021 0.770805 0
      vertex 20.3316 2.05725 0
    endloop
  endfacet
  facet normal 0 0 -1
    outer loop
      vertex 18.7944 0.940456 0
      vertex 20.3316 2.05725 0
      vertex 18.9021 0.770805 0
    endloop
  endfacet
  facet normal -0 0 -1
    outer loop
      vertex 20.3316 2.05725 0
      vertex 18.7944 0.940456 0
      vertex 20.0514 2.39591 0
    endloop
  endfacet
  facet normal 0 0 -1
    outer loop
      vertex 18.6663 1.09527 0
      vertex 20.0514 2.39591 0
      vertex 18.7944 0.940456 0
    endloop
  endfacet
  facet normal -0 0 -1
    outer loop
      vertex 20.0514 2.39591 0
      vertex 18.6663 1.09527 0
      vertex 19.731 2.6968 0
    endloop
  endfacet
  facet normal 0 0 -1
    outer loop
      vertex 18.5199 1.23282 0
      vertex 19.731 2.6968 0
      vertex 18.6663 1.09527 0
    endloop
  endfacet
  facet normal -0 0 -1
    outer loop
      vertex 19.731 2.6968 0
      vertex 18.5199 1.23282 0
      vertex 19.3754 2.95515 0
    endloop
  endfacet
  facet normal 0 0 -1
    outer loop
      vertex 18.3573 1.35092 0
      vertex 19.3754 2.95515 0
      vertex 18.5199 1.23282 0
    endloop
  endfacet
  facet normal -0 0 -1
    outer loop
      vertex 19.3754 2.95515 0
      vertex 18.3573 1.35092 0
      vertex 18.9902 3.16689 0
    endloop
  endfacet
  facet normal 0 0 -1
    outer loop
      vertex 18.1812 1.44772 0
      vertex 18.9902 3.16689 0
      vertex 18.3573 1.35092 0
    endloop
  endfacet
  facet normal -0 0 -1
    outer loop
      vertex 18.9902 3.16689 0
      vertex 18.1812 1.44772 0
      vertex 18.5816 3.3287 0
    endloop
  endfacet
  facet normal 0 0 -1
    outer loop
      vertex 17.9944 1.52169 0
      vertex 18.5816 3.3287 0
      vertex 18.1812 1.44772 0
    endloop
  endfacet
  facet normal -0 0 -1
    outer loop
      vertex 18.5816 3.3287 0
      vertex 17.9944 1.52169 0
      vertex 18.1558 3.438 0
    endloop
  endfacet
  facet normal 0 0 -1
    outer loop
      vertex 17.7998 1.57166 0
      vertex 18.1558 3.438 0
      vertex 17.9944 1.52169 0
    endloop
  endfacet
  facet normal 0 0 -1
    outer loop
      vertex 17.7998 1.57166 0
      vertex 17.7198 3.49309 0
      vertex 18.1558 3.438 0
    endloop
  endfacet
  facet normal 0 0 -1
    outer loop
      vertex 17.6005 1.59684 0
      vertex 17.7198 3.49309 0
      vertex 17.7998 1.57166 0
    endloop
  endfacet
  facet normal 0 0 -1
    outer loop
      vertex 17.3995 1.59684 0
      vertex 17.7198 3.49309 0
      vertex 17.6005 1.59684 0
    endloop
  endfacet
  facet normal 0 0 -1
    outer loop
      vertex 17.3995 1.59684 0
      vertex 17.2802 3.49309 0
      vertex 17.7198 3.49309 0
    endloop
  endfacet
  facet normal 0 0 -1
    outer loop
      vertex 17.2002 1.57166 0
      vertex 17.2802 3.49309 0
      vertex 17.3995 1.59684 0
    endloop
  endfacet
  facet normal 0 0 -1
    outer loop
      vertex 16.8442 3.438 0
      vertex 17.2002 1.57166 0
      vertex 17.0056 1.52169 0
    endloop
  endfacet
  facet normal 0 0 -1
    outer loop
      vertex 17.2002 1.57166 0
      vertex 16.8442 3.438 0
      vertex 17.2802 3.49309 0
    endloop
  endfacet
  facet normal 0 0 -1
    outer loop
      vertex 16.4184 3.3287 0
      vertex 17.0056 1.52169 0
      vertex 16.8188 1.44772 0
    endloop
  endfacet
  facet normal 0 0 -1
    outer loop
      vertex 16.0098 3.16689 0
      vertex 16.8188 1.44772 0
      vertex 16.6427 1.35092 0
    endloop
  endfacet
  facet normal 0 0 -1
    outer loop
      vertex 15.6246 2.95515 0
      vertex 16.6427 1.35092 0
      vertex 16.4801 1.23282 0
    endloop
  endfacet
  facet normal 0 0 -1
    outer loop
      vertex 17.0056 1.52169 0
      vertex 16.4184 3.3287 0
      vertex 16.8442 3.438 0
    endloop
  endfacet
  facet normal 0 0 -1
    outer loop
      vertex 15.269 2.6968 0
      vertex 16.4801 1.23282 0
      vertex 16.3337 1.09527 0
    endloop
  endfacet
  facet normal 0 0 -1
    outer loop
      vertex 14.9486 2.39591 0
      vertex 16.3337 1.09527 0
      vertex 16.2056 0.940456 0
    endloop
  endfacet
  facet normal 0 0 -1
    outer loop
      vertex 14.6684 2.05725 0
      vertex 16.2056 0.940456 0
      vertex 16.0979 0.770805 0
    endloop
  endfacet
  facet normal 0 0 -1
    outer loop
      vertex 14.4329 1.68614 0
      vertex 16.0979 0.770805 0
      vertex 16.0124 0.588999 0
    endloop
  endfacet
  facet normal 0 0 -1
    outer loop
      vertex 16.8188 1.44772 0
      vertex 16.0098 3.16689 0
      vertex 16.4184 3.3287 0
    endloop
  endfacet
  facet normal 0 0 -1
    outer loop
      vertex 14.2458 1.28843 0
      vertex 16.0124 0.588999 0
      vertex 15.9503 0.397903 0
    endloop
  endfacet
  facet normal 0 0 -1
    outer loop
      vertex 14.0613 0.615277 0
      vertex 15.9503 0.397903 0
      vertex 15.9126 0.200533 0
    endloop
  endfacet
  facet normal 0 0 -1
    outer loop
      vertex 14.0613 0.615277 0
      vertex 15.9126 0.200533 0
      vertex 15.9 0 0
    endloop
  endfacet
  facet normal -0 0 -1
    outer loop
      vertex 16.0979 -0.770805 0
      vertex 14.4329 -1.68614 0
      vertex 16.0124 -0.588999 0
    endloop
  endfacet
  facet normal 0 0 -1
    outer loop
      vertex 16.6427 1.35092 0
      vertex 15.6246 2.95515 0
      vertex 16.0098 3.16689 0
    endloop
  endfacet
  facet normal 0 0 -1
    outer loop
      vertex 14.2458 -1.28843 0
      vertex 16.0124 -0.588999 0
      vertex 14.4329 -1.68614 0
    endloop
  endfacet
  facet normal 0 0 -1
    outer loop
      vertex 16.4801 1.23282 0
      vertex 15.269 2.6968 0
      vertex 15.6246 2.95515 0
    endloop
  endfacet
  facet normal -0 0 -1
    outer loop
      vertex 16.0124 -0.588999 0
      vertex 14.2458 -1.28843 0
      vertex 15.9503 -0.397903 0
    endloop
  endfacet
  facet normal 0 0 -1
    outer loop
      vertex 16.3337 1.09527 0
      vertex 14.9486 2.39591 0
      vertex 15.269 2.6968 0
    endloop
  endfacet
  facet normal 0 0 -1
    outer loop
      vertex 14.11 -0.870414 0
      vertex 15.9503 -0.397903 0
      vertex 14.2458 -1.28843 0
    endloop
  endfacet
  facet normal 0 0 -1
    outer loop
      vertex 16.2056 0.940456 0
      vertex 14.6684 2.05725 0
      vertex 14.9486 2.39591 0
    endloop
  endfacet
  facet normal 0 0 -1
    outer loop
      vertex 14.0613 -0.615277 0
      vertex 15.9503 -0.397903 0
      vertex 14.11 -0.870414 0
    endloop
  endfacet
  facet normal 0 0 -1
    outer loop
      vertex 16.0979 0.770805 0
      vertex 14.4329 1.68614 0
      vertex 14.6684 2.05725 0
    endloop
  endfacet
  facet normal -0 0 -1
    outer loop
      vertex 15.9503 -0.397903 0
      vertex 14.0613 -0.615277 0
      vertex 15.9126 -0.200533 0
    endloop
  endfacet
  facet normal 0 0 -1
    outer loop
      vertex 14.0613 0.615277 0
      vertex 15.9 0 0
      vertex 14.0613 -0.615277 0
    endloop
  endfacet
  facet normal -0 0 -1
    outer loop
      vertex 15.9126 -0.200533 0
      vertex 14.0613 -0.615277 0
      vertex 15.9 0 0
    endloop
  endfacet
  facet normal 0 0 -1
    outer loop
      vertex 15.9503 0.397903 0
      vertex 14.0613 0.615277 0
      vertex 14.11 0.870414 0
    endloop
  endfacet
  facet normal 0 0 -1
    outer loop
      vertex 16.0124 0.588999 0
      vertex 14.2458 1.28843 0
      vertex 14.4329 1.68614 0
    endloop
  endfacet
  facet normal 0 0 -1
    outer loop
      vertex 15.9503 0.397903 0
      vertex 14.11 0.870414 0
      vertex 14.2458 1.28843 0
    endloop
  endfacet
  facet normal 0 0 -1
    outer loop
      vertex 13.657 -3.50653 0
      vertex 14.0613 -0.615277 0
      vertex 13.9888 -1.7672 0
    endloop
  endfacet
  facet normal 0 0 -1
    outer loop
      vertex 13.1098 -5.19056 0
      vertex 14.0613 -0.615277 0
      vertex 13.657 -3.50653 0
    endloop
  endfacet
  facet normal -0 0 -1
    outer loop
      vertex 14.0613 -0.615277 0
      vertex 13.1098 -5.19056 0
      vertex 14.0613 0.615277 0
    endloop
  endfacet
  facet normal 0 0 -1
    outer loop
      vertex 14.0613 0.615277 0
      vertex 13.657 3.50653 0
      vertex 13.9888 1.7672 0
    endloop
  endfacet
  facet normal 0 0 -1
    outer loop
      vertex 13.1098 5.19056 0
      vertex 14.0613 0.615277 0
      vertex 13.1098 -5.19056 0
    endloop
  endfacet
  facet normal 0 0 -1
    outer loop
      vertex 14.0613 0.615277 0
      vertex 13.1098 5.19056 0
      vertex 13.657 3.50653 0
    endloop
  endfacet
  facet normal 0 0 -1
    outer loop
      vertex 12.3559 -6.79273 0
      vertex 13.1098 5.19056 0
      vertex 13.1098 -5.19056 0
    endloop
  endfacet
  facet normal 0 0 -1
    outer loop
      vertex 12.3559 -6.79273 0
      vertex 12.3559 6.79273 0
      vertex 13.1098 5.19056 0
    endloop
  endfacet
  facet normal 0 0 -1
    outer loop
      vertex 11.4071 -8.28777 0
      vertex 12.3559 6.79273 0
      vertex 12.3559 -6.79273 0
    endloop
  endfacet
  facet normal 0 0 -1
    outer loop
      vertex 11.4071 -8.28777 0
      vertex 11.4071 8.28777 0
      vertex 12.3559 6.79273 0
    endloop
  endfacet
  facet normal 0 0 -1
    outer loop
      vertex 10.2785 -9.65211 0
      vertex 11.4071 8.28777 0
      vertex 11.4071 -8.28777 0
    endloop
  endfacet
  facet normal 0 0 -1
    outer loop
      vertex 10.2785 -9.65211 0
      vertex 10.2785 9.65211 0
      vertex 11.4071 8.28777 0
    endloop
  endfacet
  facet normal 0 0 -1
    outer loop
      vertex 8.98768 -10.8642 0
      vertex 10.2785 9.65211 0
      vertex 10.2785 -9.65211 0
    endloop
  endfacet
  facet normal 0 0 -1
    outer loop
      vertex 8.98768 -10.8642 0
      vertex 8.98768 10.8642 0
      vertex 10.2785 9.65211 0
    endloop
  endfacet
  facet normal 0 0 -1
    outer loop
      vertex 7.55516 -11.905 0
      vertex 8.98768 10.8642 0
      vertex 8.98768 -10.8642 0
    endloop
  endfacet
  facet normal 0 0 -1
    outer loop
      vertex 7.55516 -11.905 0
      vertex 7.55516 11.905 0
      vertex 8.98768 10.8642 0
    endloop
  endfacet
  facet normal 0 0 -1
    outer loop
      vertex 6.00349 -12.7581 0
      vertex 7.55516 11.905 0
      vertex 7.55516 -11.905 0
    endloop
  endfacet
  facet normal 0 0 -1
    outer loop
      vertex 6.00349 -12.7581 0
      vertex 6.00349 12.7581 0
      vertex 7.55516 11.905 0
    endloop
  endfacet
  facet normal 0 0 -1
    outer loop
      vertex 4.35714 -13.4099 0
      vertex 6.00349 12.7581 0
      vertex 6.00349 -12.7581 0
    endloop
  endfacet
  facet normal 0 0 -1
    outer loop
      vertex 4.35714 -13.4099 0
      vertex 4.35714 13.4099 0
      vertex 6.00349 12.7581 0
    endloop
  endfacet
  facet normal 0 0 -1
    outer loop
      vertex 2.64208 -13.8502 0
      vertex 4.35714 13.4099 0
      vertex 4.35714 -13.4099 0
    endloop
  endfacet
  facet normal 0 0 -1
    outer loop
      vertex 2.64208 -13.8502 0
      vertex 2.64208 13.8502 0
      vertex 4.35714 13.4099 0
    endloop
  endfacet
  facet normal 0 0 -1
    outer loop
      vertex 0.885345 -14.0722 0
      vertex 2.64208 13.8502 0
      vertex 2.64208 -13.8502 0
    endloop
  endfacet
  facet normal 0 0 -1
    outer loop
      vertex 0.885345 -14.0722 0
      vertex 0.885345 14.0722 0
      vertex 2.64208 13.8502 0
    endloop
  endfacet
  facet normal 0 0 -1
    outer loop
      vertex -0.885345 -14.0722 0
      vertex 0.885345 14.0722 0
      vertex 0.885345 -14.0722 0
    endloop
  endfacet
  facet normal 0 0 -1
    outer loop
      vertex -0.885345 -14.0722 0
      vertex -0.885345 14.0722 0
      vertex 0.885345 14.0722 0
    endloop
  endfacet
  facet normal 0 0 -1
    outer loop
      vertex -2.64208 -13.8502 0
      vertex -0.885345 14.0722 0
      vertex -0.885345 -14.0722 0
    endloop
  endfacet
  facet normal 0 0 -1
    outer loop
      vertex -2.64208 -13.8502 0
      vertex -2.64208 13.8502 0
      vertex -0.885345 14.0722 0
    endloop
  endfacet
  facet normal 0 0 -1
    outer loop
      vertex -4.35714 -13.4099 0
      vertex -2.64208 13.8502 0
      vertex -2.64208 -13.8502 0
    endloop
  endfacet
  facet normal 0 0 -1
    outer loop
      vertex -4.35714 -13.4099 0
      vertex -4.35714 13.4099 0
      vertex -2.64208 13.8502 0
    endloop
  endfacet
  facet normal 0 0 -1
    outer loop
      vertex -6.00349 -12.7581 0
      vertex -4.35714 13.4099 0
      vertex -4.35714 -13.4099 0
    endloop
  endfacet
  facet normal 0 0 -1
    outer loop
      vertex -6.00349 -12.7581 0
      vertex -6.00349 12.7581 0
      vertex -4.35714 13.4099 0
    endloop
  endfacet
  facet normal 0 0 -1
    outer loop
      vertex -7.55516 -11.905 0
      vertex -6.00349 12.7581 0
      vertex -6.00349 -12.7581 0
    endloop
  endfacet
  facet normal 0 0 -1
    outer loop
      vertex -7.55516 -11.905 0
      vertex -7.55516 11.905 0
      vertex -6.00349 12.7581 0
    endloop
  endfacet
  facet normal 0 0 -1
    outer loop
      vertex -8.98768 -10.8642 0
      vertex -7.55516 11.905 0
      vertex -7.55516 -11.905 0
    endloop
  endfacet
  facet normal 0 0 -1
    outer loop
      vertex -8.98768 -10.8642 0
      vertex -8.98768 10.8642 0
      vertex -7.55516 11.905 0
    endloop
  endfacet
  facet normal 0 0 -1
    outer loop
      vertex -10.2785 -9.65211 0
      vertex -8.98768 10.8642 0
      vertex -8.98768 -10.8642 0
    endloop
  endfacet
  facet normal 0 0 -1
    outer loop
      vertex -10.2785 -9.65211 0
      vertex -10.2785 9.65211 0
      vertex -8.98768 10.8642 0
    endloop
  endfacet
  facet normal 0 0 -1
    outer loop
      vertex -11.4071 -8.28777 0
      vertex -10.2785 9.65211 0
      vertex -10.2785 -9.65211 0
    endloop
  endfacet
  facet normal 0 0 -1
    outer loop
      vertex -11.4071 -8.28777 0
      vertex -11.4071 8.28777 0
      vertex -10.2785 9.65211 0
    endloop
  endfacet
  facet normal 0 0 -1
    outer loop
      vertex -12.3559 -6.79273 0
      vertex -11.4071 8.28777 0
      vertex -11.4071 -8.28777 0
    endloop
  endfacet
  facet normal 0 0 -1
    outer loop
      vertex -12.3559 -6.79273 0
      vertex -12.3559 6.79273 0
      vertex -11.4071 8.28777 0
    endloop
  endfacet
  facet normal 0 0 -1
    outer loop
      vertex -13.1098 -5.19056 0
      vertex -12.3559 6.79273 0
      vertex -12.3559 -6.79273 0
    endloop
  endfacet
  facet normal 0 0 -1
    outer loop
      vertex -13.1098 -5.19056 0
      vertex -13.1098 5.19056 0
      vertex -12.3559 6.79273 0
    endloop
  endfacet
  facet normal 0 0 -1
    outer loop
      vertex -14.0613 -0.615277 0
      vertex -13.1098 -5.19056 0
      vertex -13.657 -3.50653 0
    endloop
  endfacet
  facet normal 0 0 -1
    outer loop
      vertex -13.1098 -5.19056 0
      vertex -14.0613 -0.615277 0
      vertex -13.1098 5.19056 0
    endloop
  endfacet
  facet normal 0 0 -1
    outer loop
      vertex -14.0613 -0.615277 0
      vertex -13.657 -3.50653 0
      vertex -13.9888 -1.7672 0
    endloop
  endfacet
  facet normal 0 0 -1
    outer loop
      vertex -14.0613 0.615277 0
      vertex -13.1098 5.19056 0
      vertex -14.0613 -0.615277 0
    endloop
  endfacet
  facet normal 0 0 -1
    outer loop
      vertex -13.1098 5.19056 0
      vertex -14.0613 0.615277 0
      vertex -13.657 3.50653 0
    endloop
  endfacet
  facet normal 0 0 -1
    outer loop
      vertex -13.657 3.50653 0
      vertex -14.0613 0.615277 0
      vertex -13.9888 1.7672 0
    endloop
  endfacet
  facet normal 0 0 -1
    outer loop
      vertex -15.9503 -0.397903 0
      vertex -14.0613 -0.615277 0
      vertex -14.11 -0.870414 0
    endloop
  endfacet
  facet normal 0 0 -1
    outer loop
      vertex -14.0613 -0.615277 0
      vertex -15.9 0 0
      vertex -14.0613 0.615277 0
    endloop
  endfacet
  facet normal 0 0 -1
    outer loop
      vertex -15.9503 -0.397903 0
      vertex -14.11 -0.870414 0
      vertex -14.2458 -1.28843 0
    endloop
  endfacet
  facet normal 0 0 -1
    outer loop
      vertex -15.9126 0.200533 0
      vertex -14.0613 0.615277 0
      vertex -15.9 0 0
    endloop
  endfacet
  facet normal 0 0 -1
    outer loop
      vertex -16.0124 -0.588999 0
      vertex -14.2458 -1.28843 0
      vertex -14.4329 -1.68614 0
    endloop
  endfacet
  facet normal 0 0 -1
    outer loop
      vertex -15.9503 0.397903 0
      vertex -14.0613 0.615277 0
      vertex -15.9126 0.200533 0
    endloop
  endfacet
  facet normal 0 0 -1
    outer loop
      vertex -16.0979 -0.770805 0
      vertex -14.4329 -1.68614 0
      vertex -14.6684 -2.05725 0
    endloop
  endfacet
  facet normal -0 0 -1
    outer loop
      vertex -14.0613 0.615277 0
      vertex -15.9503 0.397903 0
      vertex -14.11 0.870414 0
    endloop
  endfacet
  facet normal 0 0 -1
    outer loop
      vertex -16.2056 -0.940456 0
      vertex -14.6684 -2.05725 0
      vertex -14.9486 -2.39591 0
    endloop
  endfacet
  facet normal -0 0 -1
    outer loop
      vertex -14.11 0.870414 0
      vertex -15.9503 0.397903 0
      vertex -14.2458 1.28843 0
    endloop
  endfacet
  facet normal 0 0 -1
    outer loop
      vertex -16.3337 -1.09527 0
      vertex -14.9486 -2.39591 0
      vertex -15.269 -2.6968 0
    endloop
  endfacet
  facet normal 0 0 -1
    outer loop
      vertex -16.0124 0.588999 0
      vertex -14.2458 1.28843 0
      vertex -15.9503 0.397903 0
    endloop
  endfacet
  facet normal 0 0 -1
    outer loop
      vertex -16.4801 -1.23282 0
      vertex -15.269 -2.6968 0
      vertex -15.6246 -2.95515 0
    endloop
  endfacet
  facet normal -0 0 -1
    outer loop
      vertex -14.2458 1.28843 0
      vertex -16.0124 0.588999 0
      vertex -14.4329 1.68614 0
    endloop
  endfacet
  facet normal 0 0 -1
    outer loop
      vertex -16.0979 0.770805 0
      vertex -14.4329 1.68614 0
      vertex -16.0124 0.588999 0
    endloop
  endfacet
  facet normal 0 0 -1
    outer loop
      vertex -14.0613 -0.615277 0
      vertex -15.9126 -0.200533 0
      vertex -15.9 0 0
    endloop
  endfacet
  facet normal 0 0 -1
    outer loop
      vertex -14.0613 -0.615277 0
      vertex -15.9503 -0.397903 0
      vertex -15.9126 -0.200533 0
    endloop
  endfacet
  facet normal 0 0 -1
    outer loop
      vertex -16.6427 -1.35092 0
      vertex -15.6246 -2.95515 0
      vertex -16.0098 -3.16689 0
    endloop
  endfacet
  facet normal 0 0 -1
    outer loop
      vertex -14.2458 -1.28843 0
      vertex -16.0124 -0.588999 0
      vertex -15.9503 -0.397903 0
    endloop
  endfacet
  facet normal 0 0 -1
    outer loop
      vertex -14.4329 -1.68614 0
      vertex -16.0979 -0.770805 0
      vertex -16.0124 -0.588999 0
    endloop
  endfacet
  facet normal 0 0 -1
    outer loop
      vertex -14.6684 -2.05725 0
      vertex -16.2056 -0.940456 0
      vertex -16.0979 -0.770805 0
    endloop
  endfacet
  facet normal 0 0 -1
    outer loop
      vertex -14.9486 -2.39591 0
      vertex -16.3337 -1.09527 0
      vertex -16.2056 -0.940456 0
    endloop
  endfacet
  facet normal 0 0 -1
    outer loop
      vertex -16.8188 -1.44772 0
      vertex -16.0098 -3.16689 0
      vertex -16.4184 -3.3287 0
    endloop
  endfacet
  facet normal 0 0 -1
    outer loop
      vertex -15.269 -2.6968 0
      vertex -16.4801 -1.23282 0
      vertex -16.3337 -1.09527 0
    endloop
  endfacet
  facet normal 0 0 -1
    outer loop
      vertex -15.6246 -2.95515 0
      vertex -16.6427 -1.35092 0
      vertex -16.4801 -1.23282 0
    endloop
  endfacet
  facet normal 0 0 -1
    outer loop
      vertex -16.0098 -3.16689 0
      vertex -16.8188 -1.44772 0
      vertex -16.6427 -1.35092 0
    endloop
  endfacet
  facet normal 0 0 -1
    outer loop
      vertex -17.0056 -1.52169 0
      vertex -16.4184 -3.3287 0
      vertex -16.8442 -3.438 0
    endloop
  endfacet
  facet normal 0 0 -1
    outer loop
      vertex -16.4184 -3.3287 0
      vertex -17.0056 -1.52169 0
      vertex -16.8188 -1.44772 0
    endloop
  endfacet
  facet normal 0 0 -1
    outer loop
      vertex -16.8442 -3.438 0
      vertex -17.2002 -1.57166 0
      vertex -17.0056 -1.52169 0
    endloop
  endfacet
  facet normal 0 0 -1
    outer loop
      vertex -17.2802 -3.49309 0
      vertex -17.2002 -1.57166 0
      vertex -16.8442 -3.438 0
    endloop
  endfacet
  facet normal 0 0 -1
    outer loop
      vertex -17.2802 -3.49309 0
      vertex -17.3995 -1.59684 0
      vertex -17.2002 -1.57166 0
    endloop
  endfacet
  facet normal 0 0 -1
    outer loop
      vertex -17.2802 -3.49309 0
      vertex -17.6005 -1.59684 0
      vertex -17.3995 -1.59684 0
    endloop
  endfacet
  facet normal 0 0 -1
    outer loop
      vertex -17.7198 -3.49309 0
      vertex -17.6005 -1.59684 0
      vertex -17.2802 -3.49309 0
    endloop
  endfacet
  facet normal 0 0 -1
    outer loop
      vertex -17.7198 -3.49309 0
      vertex -17.7998 -1.57166 0
      vertex -17.6005 -1.59684 0
    endloop
  endfacet
  facet normal 0 0 -1
    outer loop
      vertex -18.1558 -3.438 0
      vertex -17.7998 -1.57166 0
      vertex -17.7198 -3.49309 0
    endloop
  endfacet
  facet normal -0 0 -1
    outer loop
      vertex -17.7998 -1.57166 0
      vertex -18.1558 -3.438 0
      vertex -17.9944 -1.52169 0
    endloop
  endfacet
  facet normal 0 0 -1
    outer loop
      vertex -18.5816 -3.3287 0
      vertex -17.9944 -1.52169 0
      vertex -18.1558 -3.438 0
    endloop
  endfacet
  facet normal -0 0 -1
    outer loop
      vertex -17.9944 -1.52169 0
      vertex -18.5816 -3.3287 0
      vertex -18.1812 -1.44772 0
    endloop
  endfacet
  facet normal 0 0 -1
    outer loop
      vertex -18.9902 -3.16689 0
      vertex -18.1812 -1.44772 0
      vertex -18.5816 -3.3287 0
    endloop
  endfacet
  facet normal -0 0 -1
    outer loop
      vertex -18.1812 -1.44772 0
      vertex -18.9902 -3.16689 0
      vertex -18.3573 -1.35092 0
    endloop
  endfacet
  facet normal 0 0 -1
    outer loop
      vertex -19.3754 -2.95515 0
      vertex -18.3573 -1.35092 0
      vertex -18.9902 -3.16689 0
    endloop
  endfacet
  facet normal -0 0 -1
    outer loop
      vertex -18.3573 -1.35092 0
      vertex -19.3754 -2.95515 0
      vertex -18.5199 -1.23282 0
    endloop
  endfacet
  facet normal 0 0 -1
    outer loop
      vertex -19.731 -2.6968 0
      vertex -18.5199 -1.23282 0
      vertex -19.3754 -2.95515 0
    endloop
  endfacet
  facet normal -0 0 -1
    outer loop
      vertex -18.5199 -1.23282 0
      vertex -19.731 -2.6968 0
      vertex -18.6663 -1.09527 0
    endloop
  endfacet
  facet normal 0 0 -1
    outer loop
      vertex -20.0514 -2.39591 0
      vertex -18.6663 -1.09527 0
      vertex -19.731 -2.6968 0
    endloop
  endfacet
  facet normal -0 0 -1
    outer loop
      vertex -18.6663 -1.09527 0
      vertex -20.0514 -2.39591 0
      vertex -18.7944 -0.940456 0
    endloop
  endfacet
  facet normal 0 0 -1
    outer loop
      vertex -20.3316 -2.05725 0
      vertex -18.7944 -0.940456 0
      vertex -20.0514 -2.39591 0
    endloop
  endfacet
  facet normal -0 0 -1
    outer loop
      vertex -18.7944 -0.940456 0
      vertex -20.3316 -2.05725 0
      vertex -18.9021 -0.770805 0
    endloop
  endfacet
  facet normal 0 0 -1
    outer loop
      vertex -20.5671 -1.68614 0
      vertex -18.9021 -0.770805 0
      vertex -20.3316 -2.05725 0
    endloop
  endfacet
  facet normal -0.770448 -0.637503 0
    outer loop
      vertex -16.2056 0.940456 0
      vertex -16.3337 1.09527 1
      vertex -16.3337 1.09527 0
    endloop
  endfacet
  facet normal -0.770448 -0.637503 0
    outer loop
      vertex -16.3337 1.09527 1
      vertex -16.2056 0.940456 0
      vertex -16.2056 0.940456 1
    endloop
  endfacet
  facet normal -0.982242 -0.18762 0
    outer loop
      vertex -15.9126 0.200533 0
      vertex -15.9503 0.397903 1
      vertex -15.9503 0.397903 0
    endloop
  endfacet
  facet normal -0.982242 -0.18762 0
    outer loop
      vertex -15.9503 0.397903 1
      vertex -15.9126 0.200533 0
      vertex -15.9126 0.200533 1
    endloop
  endfacet
  facet normal -0.998032 -0.0627089 0
    outer loop
      vertex -15.9 0 0
      vertex -15.9126 0.200533 1
      vertex -15.9126 0.200533 0
    endloop
  endfacet
  facet normal -0.998032 -0.0627089 0
    outer loop
      vertex -15.9126 0.200533 1
      vertex -15.9 0 0
      vertex -15.9 0 1
    endloop
  endfacet
  facet normal -0.951043 -0.309058 0
    outer loop
      vertex -15.9503 0.397903 0
      vertex -16.0124 0.588999 1
      vertex -16.0124 0.588999 0
    endloop
  endfacet
  facet normal -0.951043 -0.309058 0
    outer loop
      vertex -16.0124 0.588999 1
      vertex -15.9503 0.397903 0
      vertex -15.9503 0.397903 1
    endloop
  endfacet
  facet normal 0.125346 -0.992113 0
    outer loop
      vertex -17.7998 1.57166 0
      vertex -17.6005 1.59684 1
      vertex -17.7998 1.57166 1
    endloop
  endfacet
  facet normal 0.125346 -0.992113 0
    outer loop
      vertex -17.6005 1.59684 1
      vertex -17.7998 1.57166 0
      vertex -17.6005 1.59684 0
    endloop
  endfacet
  facet normal 0.36817 0.929758 -0
    outer loop
      vertex -17.9944 -1.52169 0
      vertex -18.1812 -1.44772 1
      vertex -17.9944 -1.52169 1
    endloop
  endfacet
  facet normal 0.36817 0.929758 0
    outer loop
      vertex -18.1812 -1.44772 1
      vertex -17.9944 -1.52169 0
      vertex -18.1812 -1.44772 0
    endloop
  endfacet
  facet normal 0.248714 0.968577 -0
    outer loop
      vertex -17.7998 -1.57166 0
      vertex -17.9944 -1.52169 1
      vertex -17.7998 -1.57166 1
    endloop
  endfacet
  facet normal 0.248714 0.968577 0
    outer loop
      vertex -17.9944 -1.52169 1
      vertex -17.7998 -1.57166 0
      vertex -17.9944 -1.52169 0
    endloop
  endfacet
  facet normal -0.844246 -0.535955 0
    outer loop
      vertex -16.0979 0.770805 0
      vertex -16.2056 0.940456 1
      vertex -16.2056 0.940456 0
    endloop
  endfacet
  facet normal -0.844246 -0.535955 0
    outer loop
      vertex -16.2056 0.940456 1
      vertex -16.0979 0.770805 0
      vertex -16.0979 0.770805 1
    endloop
  endfacet
  facet normal -0.904926 -0.42557 0
    outer loop
      vertex -16.0124 0.588999 0
      vertex -16.0979 0.770805 1
      vertex -16.0979 0.770805 0
    endloop
  endfacet
  facet normal -0.904926 -0.42557 0
    outer loop
      vertex -16.0979 0.770805 1
      vertex -16.0124 0.588999 0
      vertex -16.0124 0.588999 1
    endloop
  endfacet
  facet normal 0.951043 0.309058 0
    outer loop
      vertex -18.9876 -0.588999 1
      vertex -19.0497 -0.397903 0
      vertex -19.0497 -0.397903 1
    endloop
  endfacet
  facet normal 0.951043 0.309058 0
    outer loop
      vertex -19.0497 -0.397903 0
      vertex -18.9876 -0.588999 1
      vertex -18.9876 -0.588999 0
    endloop
  endfacet
  facet normal 0.998032 -0.0627089 0
    outer loop
      vertex -19.1 0 1
      vertex -19.0874 0.200533 0
      vertex -19.0874 0.200533 1
    endloop
  endfacet
  facet normal 0.998032 -0.0627089 0
    outer loop
      vertex -19.0874 0.200533 0
      vertex -19.1 0 1
      vertex -19.1 0 0
    endloop
  endfacet
  facet normal -0.951043 0.309058 0
    outer loop
      vertex -16.0124 -0.588999 0
      vertex -15.9503 -0.397903 1
      vertex -15.9503 -0.397903 0
    endloop
  endfacet
  facet normal -0.951043 0.309058 0
    outer loop
      vertex -15.9503 -0.397903 1
      vertex -16.0124 -0.588999 0
      vertex -16.0124 -0.588999 1
    endloop
  endfacet
  facet normal -0.770448 0.637503 0
    outer loop
      vertex -16.3337 -1.09527 0
      vertex -16.2056 -0.940456 1
      vertex -16.2056 -0.940456 0
    endloop
  endfacet
  facet normal -0.770448 0.637503 0
    outer loop
      vertex -16.2056 -0.940456 1
      vertex -16.3337 -1.09527 0
      vertex -16.3337 -1.09527 1
    endloop
  endfacet
  facet normal 0.587669 -0.809102 0
    outer loop
      vertex -18.5199 1.23282 0
      vertex -18.3573 1.35092 1
      vertex -18.5199 1.23282 1
    endloop
  endfacet
  facet normal 0.587669 -0.809102 0
    outer loop
      vertex -18.3573 1.35092 1
      vertex -18.5199 1.23282 0
      vertex -18.3573 1.35092 0
    endloop
  endfacet
  facet normal -0.844246 0.535955 0
    outer loop
      vertex -16.2056 -0.940456 0
      vertex -16.0979 -0.770805 1
      vertex -16.0979 -0.770805 0
    endloop
  endfacet
  facet normal -0.844246 0.535955 0
    outer loop
      vertex -16.0979 -0.770805 1
      vertex -16.2056 -0.940456 0
      vertex -16.2056 -0.940456 1
    endloop
  endfacet
  facet normal -0.481709 0.876331 0
    outer loop
      vertex -16.6427 -1.35092 0
      vertex -16.8188 -1.44772 1
      vertex -16.6427 -1.35092 1
    endloop
  endfacet
  facet normal -0.481709 0.876331 0
    outer loop
      vertex -16.8188 -1.44772 1
      vertex -16.6427 -1.35092 0
      vertex -16.8188 -1.44772 0
    endloop
  endfacet
  facet normal 0.248714 -0.968577 0
    outer loop
      vertex -17.9944 1.52169 0
      vertex -17.7998 1.57166 1
      vertex -17.9944 1.52169 1
    endloop
  endfacet
  facet normal 0.248714 -0.968577 0
    outer loop
      vertex -17.7998 1.57166 1
      vertex -17.9944 1.52169 0
      vertex -17.7998 1.57166 0
    endloop
  endfacet
  facet normal -0.587669 -0.809102 0
    outer loop
      vertex -16.6427 1.35092 0
      vertex -16.4801 1.23282 1
      vertex -16.6427 1.35092 1
    endloop
  endfacet
  facet normal -0.587669 -0.809102 -0
    outer loop
      vertex -16.4801 1.23282 1
      vertex -16.6427 1.35092 0
      vertex -16.4801 1.23282 0
    endloop
  endfacet
  facet normal -0.481709 -0.876331 0
    outer loop
      vertex -16.8188 1.44772 0
      vertex -16.6427 1.35092 1
      vertex -16.8188 1.44772 1
    endloop
  endfacet
  facet normal -0.481709 -0.876331 -0
    outer loop
      vertex -16.6427 1.35092 1
      vertex -16.8188 1.44772 0
      vertex -16.6427 1.35092 0
    endloop
  endfacet
  facet normal 0.36817 -0.929758 0
    outer loop
      vertex -18.1812 1.44772 0
      vertex -17.9944 1.52169 1
      vertex -18.1812 1.44772 1
    endloop
  endfacet
  facet normal 0.36817 -0.929758 0
    outer loop
      vertex -17.9944 1.52169 1
      vertex -18.1812 1.44772 0
      vertex -17.9944 1.52169 0
    endloop
  endfacet
  facet normal -0.125346 0.992113 0
    outer loop
      vertex -17.2002 -1.57166 0
      vertex -17.3995 -1.59684 1
      vertex -17.2002 -1.57166 1
    endloop
  endfacet
  facet normal -0.125346 0.992113 0
    outer loop
      vertex -17.3995 -1.59684 1
      vertex -17.2002 -1.57166 0
      vertex -17.3995 -1.59684 0
    endloop
  endfacet
  facet normal -0.998032 0.0627089 0
    outer loop
      vertex -15.9126 -0.200533 0
      vertex -15.9 0 1
      vertex -15.9 0 0
    endloop
  endfacet
  facet normal -0.998032 0.0627089 0
    outer loop
      vertex -15.9 0 1
      vertex -15.9126 -0.200533 0
      vertex -15.9126 -0.200533 1
    endloop
  endfacet
  facet normal 0.982242 -0.18762 0
    outer loop
      vertex -19.0874 0.200533 1
      vertex -19.0497 0.397903 0
      vertex -19.0497 0.397903 1
    endloop
  endfacet
  facet normal 0.982242 -0.18762 0
    outer loop
      vertex -19.0497 0.397903 0
      vertex -19.0874 0.200533 1
      vertex -19.0874 0.200533 0
    endloop
  endfacet
  facet normal 0.481709 -0.876331 0
    outer loop
      vertex -18.3573 1.35092 0
      vertex -18.1812 1.44772 1
      vertex -18.3573 1.35092 1
    endloop
  endfacet
  facet normal 0.481709 -0.876331 0
    outer loop
      vertex -18.1812 1.44772 1
      vertex -18.3573 1.35092 0
      vertex -18.1812 1.44772 0
    endloop
  endfacet
  facet normal 0.125346 0.992113 -0
    outer loop
      vertex -17.6005 -1.59684 0
      vertex -17.7998 -1.57166 1
      vertex -17.6005 -1.59684 1
    endloop
  endfacet
  facet normal 0.125346 0.992113 0
    outer loop
      vertex -17.7998 -1.57166 1
      vertex -17.6005 -1.59684 0
      vertex -17.7998 -1.57166 0
    endloop
  endfacet
  facet normal 0.904926 0.42557 0
    outer loop
      vertex -18.9021 -0.770805 1
      vertex -18.9876 -0.588999 0
      vertex -18.9876 -0.588999 1
    endloop
  endfacet
  facet normal 0.904926 0.42557 0
    outer loop
      vertex -18.9876 -0.588999 0
      vertex -18.9021 -0.770805 1
      vertex -18.9021 -0.770805 0
    endloop
  endfacet
  facet normal -0.684736 -0.728792 0
    outer loop
      vertex -16.4801 1.23282 0
      vertex -16.3337 1.09527 1
      vertex -16.4801 1.23282 1
    endloop
  endfacet
  facet normal -0.684736 -0.728792 -0
    outer loop
      vertex -16.3337 1.09527 1
      vertex -16.4801 1.23282 0
      vertex -16.3337 1.09527 0
    endloop
  endfacet
  facet normal -0.684736 0.728792 0
    outer loop
      vertex -16.3337 -1.09527 0
      vertex -16.4801 -1.23282 1
      vertex -16.3337 -1.09527 1
    endloop
  endfacet
  facet normal -0.684736 0.728792 0
    outer loop
      vertex -16.4801 -1.23282 1
      vertex -16.3337 -1.09527 0
      vertex -16.4801 -1.23282 0
    endloop
  endfacet
  facet normal -0.36817 -0.929758 0
    outer loop
      vertex -17.0056 1.52169 0
      vertex -16.8188 1.44772 1
      vertex -17.0056 1.52169 1
    endloop
  endfacet
  facet normal -0.36817 -0.929758 -0
    outer loop
      vertex -16.8188 1.44772 1
      vertex -17.0056 1.52169 0
      vertex -16.8188 1.44772 0
    endloop
  endfacet
  facet normal -0.248714 -0.968577 0
    outer loop
      vertex -17.2002 1.57166 0
      vertex -17.0056 1.52169 1
      vertex -17.2002 1.57166 1
    endloop
  endfacet
  facet normal -0.248714 -0.968577 -0
    outer loop
      vertex -17.0056 1.52169 1
      vertex -17.2002 1.57166 0
      vertex -17.0056 1.52169 0
    endloop
  endfacet
  facet normal 0.770448 0.637503 0
    outer loop
      vertex -18.6663 -1.09527 1
      vertex -18.7944 -0.940456 0
      vertex -18.7944 -0.940456 1
    endloop
  endfacet
  facet normal 0.770448 0.637503 0
    outer loop
      vertex -18.7944 -0.940456 0
      vertex -18.6663 -1.09527 1
      vertex -18.6663 -1.09527 0
    endloop
  endfacet
  facet normal -0.125346 -0.992113 0
    outer loop
      vertex -17.3995 1.59684 0
      vertex -17.2002 1.57166 1
      vertex -17.3995 1.59684 1
    endloop
  endfacet
  facet normal -0.125346 -0.992113 -0
    outer loop
      vertex -17.2002 1.57166 1
      vertex -17.3995 1.59684 0
      vertex -17.2002 1.57166 0
    endloop
  endfacet
  facet normal -0.982242 0.18762 0
    outer loop
      vertex -15.9503 -0.397903 0
      vertex -15.9126 -0.200533 1
      vertex -15.9126 -0.200533 0
    endloop
  endfacet
  facet normal -0.982242 0.18762 0
    outer loop
      vertex -15.9126 -0.200533 1
      vertex -15.9503 -0.397903 0
      vertex -15.9503 -0.397903 1
    endloop
  endfacet
  facet normal -0.248714 0.968577 0
    outer loop
      vertex -17.0056 -1.52169 0
      vertex -17.2002 -1.57166 1
      vertex -17.0056 -1.52169 1
    endloop
  endfacet
  facet normal -0.248714 0.968577 0
    outer loop
      vertex -17.2002 -1.57166 1
      vertex -17.0056 -1.52169 0
      vertex -17.2002 -1.57166 0
    endloop
  endfacet
  facet normal 0.998032 0.0627089 0
    outer loop
      vertex -19.0874 -0.200533 1
      vertex -19.1 0 0
      vertex -19.1 0 1
    endloop
  endfacet
  facet normal 0.998032 0.0627089 0
    outer loop
      vertex -19.1 0 0
      vertex -19.0874 -0.200533 1
      vertex -19.0874 -0.200533 0
    endloop
  endfacet
  facet normal 0.844246 0.535955 0
    outer loop
      vertex -18.7944 -0.940456 1
      vertex -18.9021 -0.770805 0
      vertex -18.9021 -0.770805 1
    endloop
  endfacet
  facet normal 0.844246 0.535955 0
    outer loop
      vertex -18.9021 -0.770805 0
      vertex -18.7944 -0.940456 1
      vertex -18.7944 -0.940456 0
    endloop
  endfacet
  facet normal 0 -1 0
    outer loop
      vertex -17.6005 1.59684 0
      vertex -17.3995 1.59684 1
      vertex -17.6005 1.59684 1
    endloop
  endfacet
  facet normal 0 -1 -0
    outer loop
      vertex -17.3995 1.59684 1
      vertex -17.6005 1.59684 0
      vertex -17.3995 1.59684 0
    endloop
  endfacet
  facet normal 0.684736 0.728792 -0
    outer loop
      vertex -18.5199 -1.23282 0
      vertex -18.6663 -1.09527 1
      vertex -18.5199 -1.23282 1
    endloop
  endfacet
  facet normal 0.684736 0.728792 0
    outer loop
      vertex -18.6663 -1.09527 1
      vertex -18.5199 -1.23282 0
      vertex -18.6663 -1.09527 0
    endloop
  endfacet
  facet normal -0.587669 0.809102 0
    outer loop
      vertex -16.4801 -1.23282 0
      vertex -16.6427 -1.35092 1
      vertex -16.4801 -1.23282 1
    endloop
  endfacet
  facet normal -0.587669 0.809102 0
    outer loop
      vertex -16.6427 -1.35092 1
      vertex -16.4801 -1.23282 0
      vertex -16.6427 -1.35092 0
    endloop
  endfacet
  facet normal -0.904926 0.42557 0
    outer loop
      vertex -16.0979 -0.770805 0
      vertex -16.0124 -0.588999 1
      vertex -16.0124 -0.588999 0
    endloop
  endfacet
  facet normal -0.904926 0.42557 0
    outer loop
      vertex -16.0124 -0.588999 1
      vertex -16.0979 -0.770805 0
      vertex -16.0979 -0.770805 1
    endloop
  endfacet
  facet normal 0.684736 -0.728792 0
    outer loop
      vertex -18.6663 1.09527 0
      vertex -18.5199 1.23282 1
      vertex -18.6663 1.09527 1
    endloop
  endfacet
  facet normal 0.684736 -0.728792 0
    outer loop
      vertex -18.5199 1.23282 1
      vertex -18.6663 1.09527 0
      vertex -18.5199 1.23282 0
    endloop
  endfacet
  facet normal 0 1 -0
    outer loop
      vertex -17.3995 -1.59684 0
      vertex -17.6005 -1.59684 1
      vertex -17.3995 -1.59684 1
    endloop
  endfacet
  facet normal 0 1 0
    outer loop
      vertex -17.6005 -1.59684 1
      vertex -17.3995 -1.59684 0
      vertex -17.6005 -1.59684 0
    endloop
  endfacet
  facet normal 0.982242 0.18762 0
    outer loop
      vertex -19.0497 -0.397903 1
      vertex -19.0874 -0.200533 0
      vertex -19.0874 -0.200533 1
    endloop
  endfacet
  facet normal 0.982242 0.18762 0
    outer loop
      vertex -19.0874 -0.200533 0
      vertex -19.0497 -0.397903 1
      vertex -19.0497 -0.397903 0
    endloop
  endfacet
  facet normal 0.951043 -0.309058 0
    outer loop
      vertex -19.0497 0.397903 1
      vertex -18.9876 0.588999 0
      vertex -18.9876 0.588999 1
    endloop
  endfacet
  facet normal 0.951043 -0.309058 0
    outer loop
      vertex -18.9876 0.588999 0
      vertex -19.0497 0.397903 1
      vertex -19.0497 0.397903 0
    endloop
  endfacet
  facet normal 0.481709 0.876331 -0
    outer loop
      vertex -18.1812 -1.44772 0
      vertex -18.3573 -1.35092 1
      vertex -18.1812 -1.44772 1
    endloop
  endfacet
  facet normal 0.481709 0.876331 0
    outer loop
      vertex -18.3573 -1.35092 1
      vertex -18.1812 -1.44772 0
      vertex -18.3573 -1.35092 0
    endloop
  endfacet
  facet normal -0.36817 0.929758 0
    outer loop
      vertex -16.8188 -1.44772 0
      vertex -17.0056 -1.52169 1
      vertex -16.8188 -1.44772 1
    endloop
  endfacet
  facet normal -0.36817 0.929758 0
    outer loop
      vertex -17.0056 -1.52169 1
      vertex -16.8188 -1.44772 0
      vertex -17.0056 -1.52169 0
    endloop
  endfacet
  facet normal 0.770448 -0.637503 0
    outer loop
      vertex -18.7944 0.940456 1
      vertex -18.6663 1.09527 0
      vertex -18.6663 1.09527 1
    endloop
  endfacet
  facet normal 0.770448 -0.637503 0
    outer loop
      vertex -18.6663 1.09527 0
      vertex -18.7944 0.940456 1
      vertex -18.7944 0.940456 0
    endloop
  endfacet
  facet normal 0.587669 0.809102 -0
    outer loop
      vertex -18.3573 -1.35092 0
      vertex -18.5199 -1.23282 1
      vertex -18.3573 -1.35092 1
    endloop
  endfacet
  facet normal 0.587669 0.809102 0
    outer loop
      vertex -18.5199 -1.23282 1
      vertex -18.3573 -1.35092 0
      vertex -18.5199 -1.23282 0
    endloop
  endfacet
  facet normal 0.844246 -0.535955 0
    outer loop
      vertex -18.9021 0.770805 1
      vertex -18.7944 0.940456 0
      vertex -18.7944 0.940456 1
    endloop
  endfacet
  facet normal 0.844246 -0.535955 0
    outer loop
      vertex -18.7944 0.940456 0
      vertex -18.9021 0.770805 1
      vertex -18.9021 0.770805 0
    endloop
  endfacet
  facet normal 0.904926 -0.42557 0
    outer loop
      vertex -18.9876 0.588999 1
      vertex -18.9021 0.770805 0
      vertex -18.9021 0.770805 1
    endloop
  endfacet
  facet normal 0.904926 -0.42557 0
    outer loop
      vertex -18.9021 0.770805 0
      vertex -18.9876 0.588999 1
      vertex -18.9876 0.588999 0
    endloop
  endfacet
  facet normal 0.982271 0.187468 0
    outer loop
      vertex 20.9724 0.438665 1
      vertex 20.89 0.870414 0
      vertex 20.89 0.870414 1
    endloop
  endfacet
  facet normal 0.982271 0.187468 0
    outer loop
      vertex 20.89 0.870414 0
      vertex 20.9724 0.438665 1
      vertex 20.9724 0.438665 0
    endloop
  endfacet
  facet normal 0.998027 0.062794 0
    outer loop
      vertex 21 0 1
      vertex 20.9724 0.438665 0
      vertex 20.9724 0.438665 1
    endloop
  endfacet
  facet normal 0.998027 0.062794 0
    outer loop
      vertex 20.9724 0.438665 0
      vertex 21 0 1
      vertex 21 0 0
    endloop
  endfacet
  facet normal -0.904869 0.42569 0
    outer loop
      vertex 14.2458 1.28843 0
      vertex 14.4329 1.68614 1
      vertex 14.4329 1.68614 0
    endloop
  endfacet
  facet normal -0.904869 0.42569 0
    outer loop
      vertex 14.4329 1.68614 1
      vertex 14.2458 1.28843 0
      vertex 14.2458 1.28843 1
    endloop
  endfacet
  facet normal -0.248633 -0.968598 0
    outer loop
      vertex 16.4184 -3.3287 0
      vertex 16.8442 -3.438 1
      vertex 16.4184 -3.3287 1
    endloop
  endfacet
  facet normal -0.248633 -0.968598 -0
    outer loop
      vertex 16.8442 -3.438 1
      vertex 16.4184 -3.3287 0
      vertex 16.8442 -3.438 0
    endloop
  endfacet
  facet normal 0.368191 -0.92975 0
    outer loop
      vertex 18.5816 -3.3287 0
      vertex 18.9902 -3.16689 1
      vertex 18.5816 -3.3287 1
    endloop
  endfacet
  facet normal 0.368191 -0.92975 0
    outer loop
      vertex 18.9902 -3.16689 1
      vertex 18.5816 -3.3287 0
      vertex 18.9902 -3.16689 0
    endloop
  endfacet
  facet normal 0.844342 0.535805 0
    outer loop
      vertex 20.5671 1.68614 1
      vertex 20.3316 2.05725 0
      vertex 20.3316 2.05725 1
    endloop
  endfacet
  facet normal 0.844342 0.535805 0
    outer loop
      vertex 20.3316 2.05725 0
      vertex 20.5671 1.68614 1
      vertex 20.5671 1.68614 0
    endloop
  endfacet
  facet normal 0.587773 0.809026 -0
    outer loop
      vertex 19.731 2.6968 0
      vertex 19.3754 2.95515 1
      vertex 19.731 2.6968 1
    endloop
  endfacet
  facet normal 0.587773 0.809026 0
    outer loop
      vertex 19.3754 2.95515 1
      vertex 19.731 2.6968 0
      vertex 19.3754 2.95515 0
    endloop
  endfacet
  facet normal 0.248633 -0.968598 0
    outer loop
      vertex 18.1558 -3.438 0
      vertex 18.5816 -3.3287 1
      vertex 18.1558 -3.438 1
    endloop
  endfacet
  facet normal 0.248633 -0.968598 0
    outer loop
      vertex 18.5816 -3.3287 1
      vertex 18.1558 -3.438 0
      vertex 18.5816 -3.3287 0
    endloop
  endfacet
  facet normal 0.951071 -0.308972 0
    outer loop
      vertex 20.7542 -1.28843 1
      vertex 20.89 -0.870414 0
      vertex 20.89 -0.870414 1
    endloop
  endfacet
  facet normal 0.951071 -0.308972 0
    outer loop
      vertex 20.89 -0.870414 0
      vertex 20.7542 -1.28843 1
      vertex 20.7542 -1.28843 0
    endloop
  endfacet
  facet normal 0.368191 0.92975 -0
    outer loop
      vertex 18.9902 3.16689 0
      vertex 18.5816 3.3287 1
      vertex 18.9902 3.16689 1
    endloop
  endfacet
  facet normal 0.368191 0.92975 0
    outer loop
      vertex 18.5816 3.3287 1
      vertex 18.9902 3.16689 0
      vertex 18.5816 3.3287 0
    endloop
  endfacet
  facet normal 0.844342 -0.535805 0
    outer loop
      vertex 20.3316 -2.05725 1
      vertex 20.5671 -1.68614 0
      vertex 20.5671 -1.68614 1
    endloop
  endfacet
  facet normal 0.844342 -0.535805 0
    outer loop
      vertex 20.5671 -1.68614 0
      vertex 20.3316 -2.05725 1
      vertex 20.3316 -2.05725 0
    endloop
  endfacet
  facet normal 0.770473 -0.637473 0
    outer loop
      vertex 20.0514 -2.39591 1
      vertex 20.3316 -2.05725 0
      vertex 20.3316 -2.05725 1
    endloop
  endfacet
  facet normal 0.770473 -0.637473 0
    outer loop
      vertex 20.3316 -2.05725 0
      vertex 20.0514 -2.39591 1
      vertex 20.0514 -2.39591 0
    endloop
  endfacet
  facet normal 0 1 -0
    outer loop
      vertex 17.7198 3.49309 0
      vertex 17.2802 3.49309 1
      vertex 17.7198 3.49309 1
    endloop
  endfacet
  facet normal 0 1 0
    outer loop
      vertex 17.2802 3.49309 1
      vertex 17.7198 3.49309 0
      vertex 17.2802 3.49309 0
    endloop
  endfacet
  facet normal 0.904869 0.42569 0
    outer loop
      vertex 20.7542 1.28843 1
      vertex 20.5671 1.68614 0
      vertex 20.5671 1.68614 1
    endloop
  endfacet
  facet normal 0.904869 0.42569 0
    outer loop
      vertex 20.5671 1.68614 0
      vertex 20.7542 1.28843 1
      vertex 20.7542 1.28843 0
    endloop
  endfacet
  facet normal 0.125357 -0.992112 0
    outer loop
      vertex 17.7198 -3.49309 0
      vertex 18.1558 -3.438 1
      vertex 17.7198 -3.49309 1
    endloop
  endfacet
  facet normal 0.125357 -0.992112 0
    outer loop
      vertex 18.1558 -3.438 1
      vertex 17.7198 -3.49309 0
      vertex 18.1558 -3.438 0
    endloop
  endfacet
  facet normal -0.125357 -0.992112 0
    outer loop
      vertex 16.8442 -3.438 0
      vertex 17.2802 -3.49309 1
      vertex 16.8442 -3.438 1
    endloop
  endfacet
  facet normal -0.125357 -0.992112 -0
    outer loop
      vertex 17.2802 -3.49309 1
      vertex 16.8442 -3.438 0
      vertex 17.2802 -3.49309 0
    endloop
  endfacet
  facet normal -0.770473 -0.637473 0
    outer loop
      vertex 14.9486 -2.39591 0
      vertex 14.6684 -2.05725 1
      vertex 14.6684 -2.05725 0
    endloop
  endfacet
  facet normal -0.770473 -0.637473 0
    outer loop
      vertex 14.6684 -2.05725 1
      vertex 14.9486 -2.39591 0
      vertex 14.9486 -2.39591 1
    endloop
  endfacet
  facet normal -0.684564 0.728952 0
    outer loop
      vertex 15.269 2.6968 0
      vertex 14.9486 2.39591 1
      vertex 15.269 2.6968 1
    endloop
  endfacet
  facet normal -0.684564 0.728952 0
    outer loop
      vertex 14.9486 2.39591 1
      vertex 15.269 2.6968 0
      vertex 14.9486 2.39591 0
    endloop
  endfacet
  facet normal 0 0 1
    outer loop
      vertex 15.9503 -0.397903 1
      vertex 14.0613 -0.615277 1
      vertex 14.11 -0.870414 1
    endloop
  endfacet
  facet normal 0 0 1
    outer loop
      vertex 19.1 0 1
      vertex 21 0 1
      vertex 20.9724 0.438665 1
    endloop
  endfacet
  facet normal 0 0 1
    outer loop
      vertex 19.0874 0.200533 1
      vertex 20.9724 0.438665 1
      vertex 20.89 0.870414 1
    endloop
  endfacet
  facet normal 0 0 1
    outer loop
      vertex 21 0 1
      vertex 19.1 0 1
      vertex 20.9724 -0.438665 1
    endloop
  endfacet
  facet normal 0 0 1
    outer loop
      vertex 19.0497 0.397903 1
      vertex 20.89 0.870414 1
      vertex 20.7542 1.28843 1
    endloop
  endfacet
  facet normal -0 0 1
    outer loop
      vertex 19.0874 -0.200533 1
      vertex 20.9724 -0.438665 1
      vertex 19.1 0 1
    endloop
  endfacet
  facet normal 0 0 1
    outer loop
      vertex 18.9876 0.588999 1
      vertex 20.7542 1.28843 1
      vertex 20.5671 1.68614 1
    endloop
  endfacet
  facet normal 0 0 1
    outer loop
      vertex 20.9724 -0.438665 1
      vertex 19.0874 -0.200533 1
      vertex 20.89 -0.870414 1
    endloop
  endfacet
  facet normal 0 0 1
    outer loop
      vertex 18.9021 0.770805 1
      vertex 20.5671 1.68614 1
      vertex 20.3316 2.05725 1
    endloop
  endfacet
  facet normal -0 0 1
    outer loop
      vertex 19.0497 -0.397903 1
      vertex 20.89 -0.870414 1
      vertex 19.0874 -0.200533 1
    endloop
  endfacet
  facet normal 0 0 1
    outer loop
      vertex 18.7944 0.940456 1
      vertex 20.3316 2.05725 1
      vertex 20.0514 2.39591 1
    endloop
  endfacet
  facet normal 0 0 1
    outer loop
      vertex 20.89 -0.870414 1
      vertex 19.0497 -0.397903 1
      vertex 20.7542 -1.28843 1
    endloop
  endfacet
  facet normal 0 0 1
    outer loop
      vertex 18.6663 1.09527 1
      vertex 20.0514 2.39591 1
      vertex 19.731 2.6968 1
    endloop
  endfacet
  facet normal -0 0 1
    outer loop
      vertex 18.9876 -0.588999 1
      vertex 20.7542 -1.28843 1
      vertex 19.0497 -0.397903 1
    endloop
  endfacet
  facet normal 0 0 1
    outer loop
      vertex 18.5199 1.23282 1
      vertex 19.731 2.6968 1
      vertex 19.3754 2.95515 1
    endloop
  endfacet
  facet normal 0 0 1
    outer loop
      vertex 20.7542 -1.28843 1
      vertex 18.9876 -0.588999 1
      vertex 20.5671 -1.68614 1
    endloop
  endfacet
  facet normal -0 0 1
    outer loop
      vertex 18.9021 -0.770805 1
      vertex 20.5671 -1.68614 1
      vertex 18.9876 -0.588999 1
    endloop
  endfacet
  facet normal 0 0 1
    outer loop
      vertex 20.9724 0.438665 1
      vertex 19.0874 0.200533 1
      vertex 19.1 0 1
    endloop
  endfacet
  facet normal 0 0 1
    outer loop
      vertex 20.89 0.870414 1
      vertex 19.0497 0.397903 1
      vertex 19.0874 0.200533 1
    endloop
  endfacet
  facet normal 0 0 1
    outer loop
      vertex 18.3573 1.35092 1
      vertex 19.3754 2.95515 1
      vertex 18.9902 3.16689 1
    endloop
  endfacet
  facet normal 0 0 1
    outer loop
      vertex 20.7542 1.28843 1
      vertex 18.9876 0.588999 1
      vertex 19.0497 0.397903 1
    endloop
  endfacet
  facet normal 0 0 1
    outer loop
      vertex 20.5671 1.68614 1
      vertex 18.9021 0.770805 1
      vertex 18.9876 0.588999 1
    endloop
  endfacet
  facet normal 0 0 1
    outer loop
      vertex 20.3316 2.05725 1
      vertex 18.7944 0.940456 1
      vertex 18.9021 0.770805 1
    endloop
  endfacet
  facet normal 0 0 1
    outer loop
      vertex 20.0514 2.39591 1
      vertex 18.6663 1.09527 1
      vertex 18.7944 0.940456 1
    endloop
  endfacet
  facet normal 0 0 1
    outer loop
      vertex 18.1812 1.44772 1
      vertex 18.9902 3.16689 1
      vertex 18.5816 3.3287 1
    endloop
  endfacet
  facet normal 0 0 1
    outer loop
      vertex 19.731 2.6968 1
      vertex 18.5199 1.23282 1
      vertex 18.6663 1.09527 1
    endloop
  endfacet
  facet normal 0 0 1
    outer loop
      vertex 19.3754 2.95515 1
      vertex 18.3573 1.35092 1
      vertex 18.5199 1.23282 1
    endloop
  endfacet
  facet normal 0 0 1
    outer loop
      vertex 18.9902 3.16689 1
      vertex 18.1812 1.44772 1
      vertex 18.3573 1.35092 1
    endloop
  endfacet
  facet normal 0 0 1
    outer loop
      vertex 17.9944 1.52169 1
      vertex 18.5816 3.3287 1
      vertex 18.1558 3.438 1
    endloop
  endfacet
  facet normal 0 0 1
    outer loop
      vertex 18.5816 3.3287 1
      vertex 17.9944 1.52169 1
      vertex 18.1812 1.44772 1
    endloop
  endfacet
  facet normal 0 0 1
    outer loop
      vertex 18.1558 3.438 1
      vertex 17.7998 1.57166 1
      vertex 17.9944 1.52169 1
    endloop
  endfacet
  facet normal 0 0 1
    outer loop
      vertex 17.7198 3.49309 1
      vertex 17.7998 1.57166 1
      vertex 18.1558 3.438 1
    endloop
  endfacet
  facet normal 0 0 1
    outer loop
      vertex 17.7198 3.49309 1
      vertex 17.6005 1.59684 1
      vertex 17.7998 1.57166 1
    endloop
  endfacet
  facet normal 0 0 1
    outer loop
      vertex 17.7198 3.49309 1
      vertex 17.3995 1.59684 1
      vertex 17.6005 1.59684 1
    endloop
  endfacet
  facet normal -0 0 1
    outer loop
      vertex 17.2802 3.49309 1
      vertex 17.3995 1.59684 1
      vertex 17.7198 3.49309 1
    endloop
  endfacet
  facet normal 0 0 1
    outer loop
      vertex 17.2802 3.49309 1
      vertex 17.2002 1.57166 1
      vertex 17.3995 1.59684 1
    endloop
  endfacet
  facet normal -0 0 1
    outer loop
      vertex 16.8442 3.438 1
      vertex 17.2002 1.57166 1
      vertex 17.2802 3.49309 1
    endloop
  endfacet
  facet normal 0 0 1
    outer loop
      vertex 17.2002 1.57166 1
      vertex 16.8442 3.438 1
      vertex 17.0056 1.52169 1
    endloop
  endfacet
  facet normal -0 0 1
    outer loop
      vertex 16.4184 3.3287 1
      vertex 17.0056 1.52169 1
      vertex 16.8442 3.438 1
    endloop
  endfacet
  facet normal 0 0 1
    outer loop
      vertex 17.0056 1.52169 1
      vertex 16.4184 3.3287 1
      vertex 16.8188 1.44772 1
    endloop
  endfacet
  facet normal -0 0 1
    outer loop
      vertex 16.0098 3.16689 1
      vertex 16.8188 1.44772 1
      vertex 16.4184 3.3287 1
    endloop
  endfacet
  facet normal 0 0 1
    outer loop
      vertex 16.8188 1.44772 1
      vertex 16.0098 3.16689 1
      vertex 16.6427 1.35092 1
    endloop
  endfacet
  facet normal -0 0 1
    outer loop
      vertex 15.6246 2.95515 1
      vertex 16.6427 1.35092 1
      vertex 16.0098 3.16689 1
    endloop
  endfacet
  facet normal 0 0 1
    outer loop
      vertex 16.6427 1.35092 1
      vertex 15.6246 2.95515 1
      vertex 16.4801 1.23282 1
    endloop
  endfacet
  facet normal -0 0 1
    outer loop
      vertex 15.269 2.6968 1
      vertex 16.4801 1.23282 1
      vertex 15.6246 2.95515 1
    endloop
  endfacet
  facet normal 0 0 1
    outer loop
      vertex 16.4801 1.23282 1
      vertex 15.269 2.6968 1
      vertex 16.3337 1.09527 1
    endloop
  endfacet
  facet normal -0 0 1
    outer loop
      vertex 14.9486 2.39591 1
      vertex 16.3337 1.09527 1
      vertex 15.269 2.6968 1
    endloop
  endfacet
  facet normal 0 0 1
    outer loop
      vertex 16.3337 1.09527 1
      vertex 14.9486 2.39591 1
      vertex 16.2056 0.940456 1
    endloop
  endfacet
  facet normal -0 0 1
    outer loop
      vertex 14.6684 2.05725 1
      vertex 16.2056 0.940456 1
      vertex 14.9486 2.39591 1
    endloop
  endfacet
  facet normal 0 0 1
    outer loop
      vertex 16.2056 0.940456 1
      vertex 14.6684 2.05725 1
      vertex 16.0979 0.770805 1
    endloop
  endfacet
  facet normal -0 0 1
    outer loop
      vertex 14.4329 1.68614 1
      vertex 16.0979 0.770805 1
      vertex 14.6684 2.05725 1
    endloop
  endfacet
  facet normal 0 0 1
    outer loop
      vertex 20.5671 -1.68614 1
      vertex 18.9021 -0.770805 1
      vertex 20.3316 -2.05725 1
    endloop
  endfacet
  facet normal -0 0 1
    outer loop
      vertex 18.7944 -0.940456 1
      vertex 20.3316 -2.05725 1
      vertex 18.9021 -0.770805 1
    endloop
  endfacet
  facet normal 0 0 1
    outer loop
      vertex 20.3316 -2.05725 1
      vertex 18.7944 -0.940456 1
      vertex 20.0514 -2.39591 1
    endloop
  endfacet
  facet normal -0 0 1
    outer loop
      vertex 18.6663 -1.09527 1
      vertex 20.0514 -2.39591 1
      vertex 18.7944 -0.940456 1
    endloop
  endfacet
  facet normal 0 0 1
    outer loop
      vertex 20.0514 -2.39591 1
      vertex 18.6663 -1.09527 1
      vertex 19.731 -2.6968 1
    endloop
  endfacet
  facet normal -0 0 1
    outer loop
      vertex 18.5199 -1.23282 1
      vertex 19.731 -2.6968 1
      vertex 18.6663 -1.09527 1
    endloop
  endfacet
  facet normal 0 0 1
    outer loop
      vertex 19.731 -2.6968 1
      vertex 18.5199 -1.23282 1
      vertex 19.3754 -2.95515 1
    endloop
  endfacet
  facet normal -0 0 1
    outer loop
      vertex 18.3573 -1.35092 1
      vertex 19.3754 -2.95515 1
      vertex 18.5199 -1.23282 1
    endloop
  endfacet
  facet normal 0 0 1
    outer loop
      vertex 19.3754 -2.95515 1
      vertex 18.3573 -1.35092 1
      vertex 18.9902 -3.16689 1
    endloop
  endfacet
  facet normal -0 0 1
    outer loop
      vertex 18.1812 -1.44772 1
      vertex 18.9902 -3.16689 1
      vertex 18.3573 -1.35092 1
    endloop
  endfacet
  facet normal 0 0 1
    outer loop
      vertex 18.9902 -3.16689 1
      vertex 18.1812 -1.44772 1
      vertex 18.5816 -3.3287 1
    endloop
  endfacet
  facet normal -0 0 1
    outer loop
      vertex 17.9944 -1.52169 1
      vertex 18.5816 -3.3287 1
      vertex 18.1812 -1.44772 1
    endloop
  endfacet
  facet normal 0 0 1
    outer loop
      vertex 18.5816 -3.3287 1
      vertex 17.9944 -1.52169 1
      vertex 18.1558 -3.438 1
    endloop
  endfacet
  facet normal -0 0 1
    outer loop
      vertex 17.7998 -1.57166 1
      vertex 18.1558 -3.438 1
      vertex 17.9944 -1.52169 1
    endloop
  endfacet
  facet normal 0 0 1
    outer loop
      vertex 17.7998 -1.57166 1
      vertex 17.7198 -3.49309 1
      vertex 18.1558 -3.438 1
    endloop
  endfacet
  facet normal -0 0 1
    outer loop
      vertex 17.6005 -1.59684 1
      vertex 17.7198 -3.49309 1
      vertex 17.7998 -1.57166 1
    endloop
  endfacet
  facet normal -0 0 1
    outer loop
      vertex 17.3995 -1.59684 1
      vertex 17.7198 -3.49309 1
      vertex 17.6005 -1.59684 1
    endloop
  endfacet
  facet normal 0 0 1
    outer loop
      vertex 17.3995 -1.59684 1
      vertex 17.2802 -3.49309 1
      vertex 17.7198 -3.49309 1
    endloop
  endfacet
  facet normal 0 0 1
    outer loop
      vertex 17.2002 -1.57166 1
      vertex 17.2802 -3.49309 1
      vertex 17.3995 -1.59684 1
    endloop
  endfacet
  facet normal 0 0 1
    outer loop
      vertex 16.8442 -3.438 1
      vertex 17.2002 -1.57166 1
      vertex 17.0056 -1.52169 1
    endloop
  endfacet
  facet normal 0 0 1
    outer loop
      vertex 17.2002 -1.57166 1
      vertex 16.8442 -3.438 1
      vertex 17.2802 -3.49309 1
    endloop
  endfacet
  facet normal 0 0 1
    outer loop
      vertex 16.4184 -3.3287 1
      vertex 17.0056 -1.52169 1
      vertex 16.8188 -1.44772 1
    endloop
  endfacet
  facet normal 0 0 1
    outer loop
      vertex 16.0098 -3.16689 1
      vertex 16.8188 -1.44772 1
      vertex 16.6427 -1.35092 1
    endloop
  endfacet
  facet normal 0 0 1
    outer loop
      vertex 15.6246 -2.95515 1
      vertex 16.6427 -1.35092 1
      vertex 16.4801 -1.23282 1
    endloop
  endfacet
  facet normal 0 0 1
    outer loop
      vertex 17.0056 -1.52169 1
      vertex 16.4184 -3.3287 1
      vertex 16.8442 -3.438 1
    endloop
  endfacet
  facet normal 0 0 1
    outer loop
      vertex 15.269 -2.6968 1
      vertex 16.4801 -1.23282 1
      vertex 16.3337 -1.09527 1
    endloop
  endfacet
  facet normal 0 0 1
    outer loop
      vertex 14.9486 -2.39591 1
      vertex 16.3337 -1.09527 1
      vertex 16.2056 -0.940456 1
    endloop
  endfacet
  facet normal 0 0 1
    outer loop
      vertex 14.6684 -2.05725 1
      vertex 16.2056 -0.940456 1
      vertex 16.0979 -0.770805 1
    endloop
  endfacet
  facet normal 0 0 1
    outer loop
      vertex 14.4329 -1.68614 1
      vertex 16.0979 -0.770805 1
      vertex 16.0124 -0.588999 1
    endloop
  endfacet
  facet normal 0 0 1
    outer loop
      vertex 16.8188 -1.44772 1
      vertex 16.0098 -3.16689 1
      vertex 16.4184 -3.3287 1
    endloop
  endfacet
  facet normal 0 0 1
    outer loop
      vertex 14.2458 -1.28843 1
      vertex 16.0124 -0.588999 1
      vertex 15.9503 -0.397903 1
    endloop
  endfacet
  facet normal 0 0 1
    outer loop
      vertex 14.0613 -0.615277 1
      vertex 15.9503 -0.397903 1
      vertex 15.9126 -0.200533 1
    endloop
  endfacet
  facet normal -0 0 1
    outer loop
      vertex 14.1 0 1
      vertex 15.9126 -0.200533 1
      vertex 15.9 0 1
    endloop
  endfacet
  facet normal 0 0 1
    outer loop
      vertex 16.0979 0.770805 1
      vertex 14.4329 1.68614 1
      vertex 16.0124 0.588999 1
    endloop
  endfacet
  facet normal 0 0 1
    outer loop
      vertex 14.0613 -0.615277 1
      vertex 15.9126 -0.200533 1
      vertex 14.1 0 1
    endloop
  endfacet
  facet normal -0 0 1
    outer loop
      vertex 14.2458 1.28843 1
      vertex 16.0124 0.588999 1
      vertex 14.4329 1.68614 1
    endloop
  endfacet
  facet normal 0 0 1
    outer loop
      vertex 16.6427 -1.35092 1
      vertex 15.6246 -2.95515 1
      vertex 16.0098 -3.16689 1
    endloop
  endfacet
  facet normal 0 0 1
    outer loop
      vertex 16.0124 0.588999 1
      vertex 14.2458 1.28843 1
      vertex 15.9503 0.397903 1
    endloop
  endfacet
  facet normal 0 0 1
    outer loop
      vertex 16.4801 -1.23282 1
      vertex 15.269 -2.6968 1
      vertex 15.6246 -2.95515 1
    endloop
  endfacet
  facet normal -0 0 1
    outer loop
      vertex 14.11 0.870414 1
      vertex 15.9503 0.397903 1
      vertex 14.2458 1.28843 1
    endloop
  endfacet
  facet normal 0 0 1
    outer loop
      vertex 16.3337 -1.09527 1
      vertex 14.9486 -2.39591 1
      vertex 15.269 -2.6968 1
    endloop
  endfacet
  facet normal -0 0 1
    outer loop
      vertex 14.0613 0.615277 1
      vertex 15.9503 0.397903 1
      vertex 14.11 0.870414 1
    endloop
  endfacet
  facet normal 0 0 1
    outer loop
      vertex 16.2056 -0.940456 1
      vertex 14.6684 -2.05725 1
      vertex 14.9486 -2.39591 1
    endloop
  endfacet
  facet normal 0 0 1
    outer loop
      vertex 15.9503 0.397903 1
      vertex 14.0613 0.615277 1
      vertex 15.9126 0.200533 1
    endloop
  endfacet
  facet normal 0 0 1
    outer loop
      vertex 16.0979 -0.770805 1
      vertex 14.4329 -1.68614 1
      vertex 14.6684 -2.05725 1
    endloop
  endfacet
  facet normal 0 -0 1
    outer loop
      vertex 14.1 0 1
      vertex 15.9126 0.200533 1
      vertex 14.0613 0.615277 1
    endloop
  endfacet
  facet normal 0 0 1
    outer loop
      vertex 16.0124 -0.588999 1
      vertex 14.2458 -1.28843 1
      vertex 14.4329 -1.68614 1
    endloop
  endfacet
  facet normal 0 0 1
    outer loop
      vertex 15.9503 -0.397903 1
      vertex 14.11 -0.870414 1
      vertex 14.2458 -1.28843 1
    endloop
  endfacet
  facet normal 0 0 1
    outer loop
      vertex 15.9126 0.200533 1
      vertex 14.1 0 1
      vertex 15.9 0 1
    endloop
  endfacet
  facet normal -0.587773 -0.809026 0
    outer loop
      vertex 15.269 -2.6968 0
      vertex 15.6246 -2.95515 1
      vertex 15.269 -2.6968 1
    endloop
  endfacet
  facet normal -0.587773 -0.809026 -0
    outer loop
      vertex 15.6246 -2.95515 1
      vertex 15.269 -2.6968 0
      vertex 15.6246 -2.95515 0
    endloop
  endfacet
  facet normal -0.684564 -0.728952 0
    outer loop
      vertex 14.9486 -2.39591 0
      vertex 15.269 -2.6968 1
      vertex 14.9486 -2.39591 1
    endloop
  endfacet
  facet normal -0.684564 -0.728952 -0
    outer loop
      vertex 15.269 -2.6968 1
      vertex 14.9486 -2.39591 0
      vertex 15.269 -2.6968 0
    endloop
  endfacet
  facet normal 0.481709 -0.876331 0
    outer loop
      vertex 18.9902 -3.16689 0
      vertex 19.3754 -2.95515 1
      vertex 18.9902 -3.16689 1
    endloop
  endfacet
  facet normal 0.481709 -0.876331 0
    outer loop
      vertex 19.3754 -2.95515 1
      vertex 18.9902 -3.16689 0
      vertex 19.3754 -2.95515 0
    endloop
  endfacet
  facet normal 0.248633 0.968598 -0
    outer loop
      vertex 18.5816 3.3287 0
      vertex 18.1558 3.438 1
      vertex 18.5816 3.3287 1
    endloop
  endfacet
  facet normal 0.248633 0.968598 0
    outer loop
      vertex 18.1558 3.438 1
      vertex 18.5816 3.3287 0
      vertex 18.1558 3.438 0
    endloop
  endfacet
  facet normal -0.844342 0.535805 0
    outer loop
      vertex 14.4329 1.68614 0
      vertex 14.6684 2.05725 1
      vertex 14.6684 2.05725 0
    endloop
  endfacet
  facet normal -0.844342 0.535805 0
    outer loop
      vertex 14.6684 2.05725 1
      vertex 14.4329 1.68614 0
      vertex 14.4329 1.68614 1
    endloop
  endfacet
  facet normal -0.125357 0.992112 0
    outer loop
      vertex 17.2802 3.49309 0
      vertex 16.8442 3.438 1
      vertex 17.2802 3.49309 1
    endloop
  endfacet
  facet normal -0.125357 0.992112 0
    outer loop
      vertex 16.8442 3.438 1
      vertex 17.2802 3.49309 0
      vertex 16.8442 3.438 0
    endloop
  endfacet
  facet normal 0.998027 -0.062794 0
    outer loop
      vertex 20.9724 -0.438665 1
      vertex 21 0 0
      vertex 21 0 1
    endloop
  endfacet
  facet normal 0.998027 -0.062794 0
    outer loop
      vertex 21 0 0
      vertex 20.9724 -0.438665 1
      vertex 20.9724 -0.438665 0
    endloop
  endfacet
  facet normal -0.368191 0.92975 0
    outer loop
      vertex 16.4184 3.3287 0
      vertex 16.0098 3.16689 1
      vertex 16.4184 3.3287 1
    endloop
  endfacet
  facet normal -0.368191 0.92975 0
    outer loop
      vertex 16.0098 3.16689 1
      vertex 16.4184 3.3287 0
      vertex 16.0098 3.16689 0
    endloop
  endfacet
  facet normal -0.982266 -0.187493 0
    outer loop
      vertex 14.11 -0.870414 0
      vertex 14.0613 -0.615277 1
      vertex 14.0613 -0.615277 0
    endloop
  endfacet
  facet normal -0.982266 -0.187493 0
    outer loop
      vertex 14.0613 -0.615277 1
      vertex 14.11 -0.870414 0
      vertex 14.11 -0.870414 1
    endloop
  endfacet
  facet normal 0.982271 -0.187468 0
    outer loop
      vertex 20.89 -0.870414 1
      vertex 20.9724 -0.438665 0
      vertex 20.9724 -0.438665 1
    endloop
  endfacet
  facet normal 0.982271 -0.187468 0
    outer loop
      vertex 20.9724 -0.438665 0
      vertex 20.89 -0.870414 1
      vertex 20.89 -0.870414 0
    endloop
  endfacet
  facet normal -0.951071 0.308972 0
    outer loop
      vertex 14.11 0.870414 0
      vertex 14.2458 1.28843 1
      vertex 14.2458 1.28843 0
    endloop
  endfacet
  facet normal -0.951071 0.308972 0
    outer loop
      vertex 14.2458 1.28843 1
      vertex 14.11 0.870414 0
      vertex 14.11 0.870414 1
    endloop
  endfacet
  facet normal -0.248633 0.968598 0
    outer loop
      vertex 16.8442 3.438 0
      vertex 16.4184 3.3287 1
      vertex 16.8442 3.438 1
    endloop
  endfacet
  facet normal -0.248633 0.968598 0
    outer loop
      vertex 16.4184 3.3287 1
      vertex 16.8442 3.438 0
      vertex 16.4184 3.3287 0
    endloop
  endfacet
  facet normal 0 -1 0
    outer loop
      vertex 17.2802 -3.49309 0
      vertex 17.7198 -3.49309 1
      vertex 17.2802 -3.49309 1
    endloop
  endfacet
  facet normal 0 -1 -0
    outer loop
      vertex 17.7198 -3.49309 1
      vertex 17.2802 -3.49309 0
      vertex 17.7198 -3.49309 0
    endloop
  endfacet
  facet normal -0.844342 -0.535805 0
    outer loop
      vertex 14.6684 -2.05725 0
      vertex 14.4329 -1.68614 1
      vertex 14.4329 -1.68614 0
    endloop
  endfacet
  facet normal -0.844342 -0.535805 0
    outer loop
      vertex 14.4329 -1.68614 1
      vertex 14.6684 -2.05725 0
      vertex 14.6684 -2.05725 1
    endloop
  endfacet
  facet normal 0.904869 -0.42569 0
    outer loop
      vertex 20.5671 -1.68614 1
      vertex 20.7542 -1.28843 0
      vertex 20.7542 -1.28843 1
    endloop
  endfacet
  facet normal 0.904869 -0.42569 0
    outer loop
      vertex 20.7542 -1.28843 0
      vertex 20.5671 -1.68614 1
      vertex 20.5671 -1.68614 0
    endloop
  endfacet
  facet normal 0.684564 0.728952 -0
    outer loop
      vertex 20.0514 2.39591 0
      vertex 19.731 2.6968 1
      vertex 20.0514 2.39591 1
    endloop
  endfacet
  facet normal 0.684564 0.728952 0
    outer loop
      vertex 19.731 2.6968 1
      vertex 20.0514 2.39591 0
      vertex 19.731 2.6968 0
    endloop
  endfacet
  facet normal 0.481709 0.876331 -0
    outer loop
      vertex 19.3754 2.95515 0
      vertex 18.9902 3.16689 1
      vertex 19.3754 2.95515 1
    endloop
  endfacet
  facet normal 0.481709 0.876331 0
    outer loop
      vertex 18.9902 3.16689 1
      vertex 19.3754 2.95515 0
      vertex 18.9902 3.16689 0
    endloop
  endfacet
  facet normal 0.951071 0.308972 0
    outer loop
      vertex 20.89 0.870414 1
      vertex 20.7542 1.28843 0
      vertex 20.7542 1.28843 1
    endloop
  endfacet
  facet normal 0.951071 0.308972 0
    outer loop
      vertex 20.7542 1.28843 0
      vertex 20.89 0.870414 1
      vertex 20.89 0.870414 0
    endloop
  endfacet
  facet normal 0.770473 0.637473 0
    outer loop
      vertex 20.3316 2.05725 1
      vertex 20.0514 2.39591 0
      vertex 20.0514 2.39591 1
    endloop
  endfacet
  facet normal 0.770473 0.637473 0
    outer loop
      vertex 20.0514 2.39591 0
      vertex 20.3316 2.05725 1
      vertex 20.3316 2.05725 0
    endloop
  endfacet
  facet normal -0.951071 -0.308972 0
    outer loop
      vertex 14.2458 -1.28843 0
      vertex 14.11 -0.870414 1
      vertex 14.11 -0.870414 0
    endloop
  endfacet
  facet normal -0.951071 -0.308972 0
    outer loop
      vertex 14.11 -0.870414 1
      vertex 14.2458 -1.28843 0
      vertex 14.2458 -1.28843 1
    endloop
  endfacet
  facet normal -0.481709 0.876331 0
    outer loop
      vertex 16.0098 3.16689 0
      vertex 15.6246 2.95515 1
      vertex 16.0098 3.16689 1
    endloop
  endfacet
  facet normal -0.481709 0.876331 0
    outer loop
      vertex 15.6246 2.95515 1
      vertex 16.0098 3.16689 0
      vertex 15.6246 2.95515 0
    endloop
  endfacet
  facet normal -0.368191 -0.92975 0
    outer loop
      vertex 16.0098 -3.16689 0
      vertex 16.4184 -3.3287 1
      vertex 16.0098 -3.16689 1
    endloop
  endfacet
  facet normal -0.368191 -0.92975 -0
    outer loop
      vertex 16.4184 -3.3287 1
      vertex 16.0098 -3.16689 0
      vertex 16.4184 -3.3287 0
    endloop
  endfacet
  facet normal 0.587773 -0.809026 0
    outer loop
      vertex 19.3754 -2.95515 0
      vertex 19.731 -2.6968 1
      vertex 19.3754 -2.95515 1
    endloop
  endfacet
  facet normal 0.587773 -0.809026 0
    outer loop
      vertex 19.731 -2.6968 1
      vertex 19.3754 -2.95515 0
      vertex 19.731 -2.6968 0
    endloop
  endfacet
  facet normal 0.125357 0.992112 -0
    outer loop
      vertex 18.1558 3.438 0
      vertex 17.7198 3.49309 1
      vertex 18.1558 3.438 1
    endloop
  endfacet
  facet normal 0.125357 0.992112 0
    outer loop
      vertex 17.7198 3.49309 1
      vertex 18.1558 3.438 0
      vertex 17.7198 3.49309 0
    endloop
  endfacet
  facet normal -0.770473 0.637473 0
    outer loop
      vertex 14.6684 2.05725 0
      vertex 14.9486 2.39591 1
      vertex 14.9486 2.39591 0
    endloop
  endfacet
  facet normal -0.770473 0.637473 0
    outer loop
      vertex 14.9486 2.39591 1
      vertex 14.6684 2.05725 0
      vertex 14.6684 2.05725 1
    endloop
  endfacet
  facet normal -0.982266 0.187493 0
    outer loop
      vertex 14.0613 0.615277 0
      vertex 14.11 0.870414 1
      vertex 14.11 0.870414 0
    endloop
  endfacet
  facet normal -0.982266 0.187493 0
    outer loop
      vertex 14.11 0.870414 1
      vertex 14.0613 0.615277 0
      vertex 14.0613 0.615277 1
    endloop
  endfacet
  facet normal 0.684564 -0.728952 0
    outer loop
      vertex 19.731 -2.6968 0
      vertex 20.0514 -2.39591 1
      vertex 19.731 -2.6968 1
    endloop
  endfacet
  facet normal 0.684564 -0.728952 0
    outer loop
      vertex 20.0514 -2.39591 1
      vertex 19.731 -2.6968 0
      vertex 20.0514 -2.39591 0
    endloop
  endfacet
  facet normal -0.587773 0.809026 0
    outer loop
      vertex 15.6246 2.95515 0
      vertex 15.269 2.6968 1
      vertex 15.6246 2.95515 1
    endloop
  endfacet
  facet normal -0.587773 0.809026 0
    outer loop
      vertex 15.269 2.6968 1
      vertex 15.6246 2.95515 0
      vertex 15.269 2.6968 0
    endloop
  endfacet
  facet normal -0.904869 -0.42569 0
    outer loop
      vertex 14.4329 -1.68614 0
      vertex 14.2458 -1.28843 1
      vertex 14.2458 -1.28843 0
    endloop
  endfacet
  facet normal -0.904869 -0.42569 0
    outer loop
      vertex 14.2458 -1.28843 1
      vertex 14.4329 -1.68614 0
      vertex 14.4329 -1.68614 1
    endloop
  endfacet
  facet normal -0.481709 -0.876331 0
    outer loop
      vertex 15.6246 -2.95515 0
      vertex 16.0098 -3.16689 1
      vertex 15.6246 -2.95515 1
    endloop
  endfacet
  facet normal -0.481709 -0.876331 -0
    outer loop
      vertex 16.0098 -3.16689 1
      vertex 15.6246 -2.95515 0
      vertex 16.0098 -3.16689 0
    endloop
  endfacet
  facet normal -0.770448 -0.637503 0
    outer loop
      vertex 18.7944 0.940456 0
      vertex 18.6663 1.09527 1
      vertex 18.6663 1.09527 0
    endloop
  endfacet
  facet normal -0.770448 -0.637503 0
    outer loop
      vertex 18.6663 1.09527 1
      vertex 18.7944 0.940456 0
      vertex 18.7944 0.940456 1
    endloop
  endfacet
  facet normal -0.982242 -0.18762 0
    outer loop
      vertex 19.0874 0.200533 0
      vertex 19.0497 0.397903 1
      vertex 19.0497 0.397903 0
    endloop
  endfacet
  facet normal -0.982242 -0.18762 0
    outer loop
      vertex 19.0497 0.397903 1
      vertex 19.0874 0.200533 0
      vertex 19.0874 0.200533 1
    endloop
  endfacet
  facet normal -0.998032 -0.0627089 0
    outer loop
      vertex 19.1 0 0
      vertex 19.0874 0.200533 1
      vertex 19.0874 0.200533 0
    endloop
  endfacet
  facet normal -0.998032 -0.0627089 0
    outer loop
      vertex 19.0874 0.200533 1
      vertex 19.1 0 0
      vertex 19.1 0 1
    endloop
  endfacet
  facet normal -0.951043 -0.309058 0
    outer loop
      vertex 19.0497 0.397903 0
      vertex 18.9876 0.588999 1
      vertex 18.9876 0.588999 0
    endloop
  endfacet
  facet normal -0.951043 -0.309058 0
    outer loop
      vertex 18.9876 0.588999 1
      vertex 19.0497 0.397903 0
      vertex 19.0497 0.397903 1
    endloop
  endfacet
  facet normal 0.125346 -0.992113 0
    outer loop
      vertex 17.2002 1.57166 0
      vertex 17.3995 1.59684 1
      vertex 17.2002 1.57166 1
    endloop
  endfacet
  facet normal 0.125346 -0.992113 0
    outer loop
      vertex 17.3995 1.59684 1
      vertex 17.2002 1.57166 0
      vertex 17.3995 1.59684 0
    endloop
  endfacet
  facet normal 0.36817 0.929758 -0
    outer loop
      vertex 17.0056 -1.52169 0
      vertex 16.8188 -1.44772 1
      vertex 17.0056 -1.52169 1
    endloop
  endfacet
  facet normal 0.36817 0.929758 0
    outer loop
      vertex 16.8188 -1.44772 1
      vertex 17.0056 -1.52169 0
      vertex 16.8188 -1.44772 0
    endloop
  endfacet
  facet normal 0.248714 0.968577 -0
    outer loop
      vertex 17.2002 -1.57166 0
      vertex 17.0056 -1.52169 1
      vertex 17.2002 -1.57166 1
    endloop
  endfacet
  facet normal 0.248714 0.968577 0
    outer loop
      vertex 17.0056 -1.52169 1
      vertex 17.2002 -1.57166 0
      vertex 17.0056 -1.52169 0
    endloop
  endfacet
  facet normal -0.844246 -0.535955 0
    outer loop
      vertex 18.9021 0.770805 0
      vertex 18.7944 0.940456 1
      vertex 18.7944 0.940456 0
    endloop
  endfacet
  facet normal -0.844246 -0.535955 0
    outer loop
      vertex 18.7944 0.940456 1
      vertex 18.9021 0.770805 0
      vertex 18.9021 0.770805 1
    endloop
  endfacet
  facet normal -0.904926 -0.42557 0
    outer loop
      vertex 18.9876 0.588999 0
      vertex 18.9021 0.770805 1
      vertex 18.9021 0.770805 0
    endloop
  endfacet
  facet normal -0.904926 -0.42557 0
    outer loop
      vertex 18.9021 0.770805 1
      vertex 18.9876 0.588999 0
      vertex 18.9876 0.588999 1
    endloop
  endfacet
  facet normal 0.951043 0.309058 0
    outer loop
      vertex 16.0124 -0.588999 1
      vertex 15.9503 -0.397903 0
      vertex 15.9503 -0.397903 1
    endloop
  endfacet
  facet normal 0.951043 0.309058 0
    outer loop
      vertex 15.9503 -0.397903 0
      vertex 16.0124 -0.588999 1
      vertex 16.0124 -0.588999 0
    endloop
  endfacet
  facet normal 0.998032 -0.0627089 0
    outer loop
      vertex 15.9 0 1
      vertex 15.9126 0.200533 0
      vertex 15.9126 0.200533 1
    endloop
  endfacet
  facet normal 0.998032 -0.0627089 0
    outer loop
      vertex 15.9126 0.200533 0
      vertex 15.9 0 1
      vertex 15.9 0 0
    endloop
  endfacet
  facet normal -0.951043 0.309058 0
    outer loop
      vertex 18.9876 -0.588999 0
      vertex 19.0497 -0.397903 1
      vertex 19.0497 -0.397903 0
    endloop
  endfacet
  facet normal -0.951043 0.309058 0
    outer loop
      vertex 19.0497 -0.397903 1
      vertex 18.9876 -0.588999 0
      vertex 18.9876 -0.588999 1
    endloop
  endfacet
  facet normal -0.770448 0.637503 0
    outer loop
      vertex 18.6663 -1.09527 0
      vertex 18.7944 -0.940456 1
      vertex 18.7944 -0.940456 0
    endloop
  endfacet
  facet normal -0.770448 0.637503 0
    outer loop
      vertex 18.7944 -0.940456 1
      vertex 18.6663 -1.09527 0
      vertex 18.6663 -1.09527 1
    endloop
  endfacet
  facet normal 0.587669 -0.809102 0
    outer loop
      vertex 16.4801 1.23282 0
      vertex 16.6427 1.35092 1
      vertex 16.4801 1.23282 1
    endloop
  endfacet
  facet normal 0.587669 -0.809102 0
    outer loop
      vertex 16.6427 1.35092 1
      vertex 16.4801 1.23282 0
      vertex 16.6427 1.35092 0
    endloop
  endfacet
  facet normal -0.844246 0.535955 0
    outer loop
      vertex 18.7944 -0.940456 0
      vertex 18.9021 -0.770805 1
      vertex 18.9021 -0.770805 0
    endloop
  endfacet
  facet normal -0.844246 0.535955 0
    outer loop
      vertex 18.9021 -0.770805 1
      vertex 18.7944 -0.940456 0
      vertex 18.7944 -0.940456 1
    endloop
  endfacet
  facet normal -0.481709 0.876331 0
    outer loop
      vertex 18.3573 -1.35092 0
      vertex 18.1812 -1.44772 1
      vertex 18.3573 -1.35092 1
    endloop
  endfacet
  facet normal -0.481709 0.876331 0
    outer loop
      vertex 18.1812 -1.44772 1
      vertex 18.3573 -1.35092 0
      vertex 18.1812 -1.44772 0
    endloop
  endfacet
  facet normal 0.248714 -0.968577 0
    outer loop
      vertex 17.0056 1.52169 0
      vertex 17.2002 1.57166 1
      vertex 17.0056 1.52169 1
    endloop
  endfacet
  facet normal 0.248714 -0.968577 0
    outer loop
      vertex 17.2002 1.57166 1
      vertex 17.0056 1.52169 0
      vertex 17.2002 1.57166 0
    endloop
  endfacet
  facet normal -0.587669 -0.809102 0
    outer loop
      vertex 18.3573 1.35092 0
      vertex 18.5199 1.23282 1
      vertex 18.3573 1.35092 1
    endloop
  endfacet
  facet normal -0.587669 -0.809102 -0
    outer loop
      vertex 18.5199 1.23282 1
      vertex 18.3573 1.35092 0
      vertex 18.5199 1.23282 0
    endloop
  endfacet
  facet normal -0.481709 -0.876331 0
    outer loop
      vertex 18.1812 1.44772 0
      vertex 18.3573 1.35092 1
      vertex 18.1812 1.44772 1
    endloop
  endfacet
  facet normal -0.481709 -0.876331 -0
    outer loop
      vertex 18.3573 1.35092 1
      vertex 18.1812 1.44772 0
      vertex 18.3573 1.35092 0
    endloop
  endfacet
  facet normal 0.36817 -0.929758 0
    outer loop
      vertex 16.8188 1.44772 0
      vertex 17.0056 1.52169 1
      vertex 16.8188 1.44772 1
    endloop
  endfacet
  facet normal 0.36817 -0.929758 0
    outer loop
      vertex 17.0056 1.52169 1
      vertex 16.8188 1.44772 0
      vertex 17.0056 1.52169 0
    endloop
  endfacet
  facet normal -0.125346 0.992113 0
    outer loop
      vertex 17.7998 -1.57166 0
      vertex 17.6005 -1.59684 1
      vertex 17.7998 -1.57166 1
    endloop
  endfacet
  facet normal -0.125346 0.992113 0
    outer loop
      vertex 17.6005 -1.59684 1
      vertex 17.7998 -1.57166 0
      vertex 17.6005 -1.59684 0
    endloop
  endfacet
  facet normal -0.998032 0.0627089 0
    outer loop
      vertex 19.0874 -0.200533 0
      vertex 19.1 0 1
      vertex 19.1 0 0
    endloop
  endfacet
  facet normal -0.998032 0.0627089 0
    outer loop
      vertex 19.1 0 1
      vertex 19.0874 -0.200533 0
      vertex 19.0874 -0.200533 1
    endloop
  endfacet
  facet normal 0.982242 -0.18762 0
    outer loop
      vertex 15.9126 0.200533 1
      vertex 15.9503 0.397903 0
      vertex 15.9503 0.397903 1
    endloop
  endfacet
  facet normal 0.982242 -0.18762 0
    outer loop
      vertex 15.9503 0.397903 0
      vertex 15.9126 0.200533 1
      vertex 15.9126 0.200533 0
    endloop
  endfacet
  facet normal 0.481709 -0.876331 0
    outer loop
      vertex 16.6427 1.35092 0
      vertex 16.8188 1.44772 1
      vertex 16.6427 1.35092 1
    endloop
  endfacet
  facet normal 0.481709 -0.876331 0
    outer loop
      vertex 16.8188 1.44772 1
      vertex 16.6427 1.35092 0
      vertex 16.8188 1.44772 0
    endloop
  endfacet
  facet normal 0.125346 0.992113 -0
    outer loop
      vertex 17.3995 -1.59684 0
      vertex 17.2002 -1.57166 1
      vertex 17.3995 -1.59684 1
    endloop
  endfacet
  facet normal 0.125346 0.992113 0
    outer loop
      vertex 17.2002 -1.57166 1
      vertex 17.3995 -1.59684 0
      vertex 17.2002 -1.57166 0
    endloop
  endfacet
  facet normal 0.904926 0.42557 0
    outer loop
      vertex 16.0979 -0.770805 1
      vertex 16.0124 -0.588999 0
      vertex 16.0124 -0.588999 1
    endloop
  endfacet
  facet normal 0.904926 0.42557 0
    outer loop
      vertex 16.0124 -0.588999 0
      vertex 16.0979 -0.770805 1
      vertex 16.0979 -0.770805 0
    endloop
  endfacet
  facet normal -0.684736 -0.728792 0
    outer loop
      vertex 18.5199 1.23282 0
      vertex 18.6663 1.09527 1
      vertex 18.5199 1.23282 1
    endloop
  endfacet
  facet normal -0.684736 -0.728792 -0
    outer loop
      vertex 18.6663 1.09527 1
      vertex 18.5199 1.23282 0
      vertex 18.6663 1.09527 0
    endloop
  endfacet
  facet normal -0.684736 0.728792 0
    outer loop
      vertex 18.6663 -1.09527 0
      vertex 18.5199 -1.23282 1
      vertex 18.6663 -1.09527 1
    endloop
  endfacet
  facet normal -0.684736 0.728792 0
    outer loop
      vertex 18.5199 -1.23282 1
      vertex 18.6663 -1.09527 0
      vertex 18.5199 -1.23282 0
    endloop
  endfacet
  facet normal -0.36817 -0.929758 0
    outer loop
      vertex 17.9944 1.52169 0
      vertex 18.1812 1.44772 1
      vertex 17.9944 1.52169 1
    endloop
  endfacet
  facet normal -0.36817 -0.929758 -0
    outer loop
      vertex 18.1812 1.44772 1
      vertex 17.9944 1.52169 0
      vertex 18.1812 1.44772 0
    endloop
  endfacet
  facet normal -0.248714 -0.968577 0
    outer loop
      vertex 17.7998 1.57166 0
      vertex 17.9944 1.52169 1
      vertex 17.7998 1.57166 1
    endloop
  endfacet
  facet normal -0.248714 -0.968577 -0
    outer loop
      vertex 17.9944 1.52169 1
      vertex 17.7998 1.57166 0
      vertex 17.9944 1.52169 0
    endloop
  endfacet
  facet normal 0.770448 0.637503 0
    outer loop
      vertex 16.3337 -1.09527 1
      vertex 16.2056 -0.940456 0
      vertex 16.2056 -0.940456 1
    endloop
  endfacet
  facet normal 0.770448 0.637503 0
    outer loop
      vertex 16.2056 -0.940456 0
      vertex 16.3337 -1.09527 1
      vertex 16.3337 -1.09527 0
    endloop
  endfacet
  facet normal -0.125346 -0.992113 0
    outer loop
      vertex 17.6005 1.59684 0
      vertex 17.7998 1.57166 1
      vertex 17.6005 1.59684 1
    endloop
  endfacet
  facet normal -0.125346 -0.992113 -0
    outer loop
      vertex 17.7998 1.57166 1
      vertex 17.6005 1.59684 0
      vertex 17.7998 1.57166 0
    endloop
  endfacet
  facet normal -0.982242 0.18762 0
    outer loop
      vertex 19.0497 -0.397903 0
      vertex 19.0874 -0.200533 1
      vertex 19.0874 -0.200533 0
    endloop
  endfacet
  facet normal -0.982242 0.18762 0
    outer loop
      vertex 19.0874 -0.200533 1
      vertex 19.0497 -0.397903 0
      vertex 19.0497 -0.397903 1
    endloop
  endfacet
  facet normal -0.248714 0.968577 0
    outer loop
      vertex 17.9944 -1.52169 0
      vertex 17.7998 -1.57166 1
      vertex 17.9944 -1.52169 1
    endloop
  endfacet
  facet normal -0.248714 0.968577 0
    outer loop
      vertex 17.7998 -1.57166 1
      vertex 17.9944 -1.52169 0
      vertex 17.7998 -1.57166 0
    endloop
  endfacet
  facet normal 0.998032 0.0627089 0
    outer loop
      vertex 15.9126 -0.200533 1
      vertex 15.9 0 0
      vertex 15.9 0 1
    endloop
  endfacet
  facet normal 0.998032 0.0627089 0
    outer loop
      vertex 15.9 0 0
      vertex 15.9126 -0.200533 1
      vertex 15.9126 -0.200533 0
    endloop
  endfacet
  facet normal 0.844246 0.535955 0
    outer loop
      vertex 16.2056 -0.940456 1
      vertex 16.0979 -0.770805 0
      vertex 16.0979 -0.770805 1
    endloop
  endfacet
  facet normal 0.844246 0.535955 0
    outer loop
      vertex 16.0979 -0.770805 0
      vertex 16.2056 -0.940456 1
      vertex 16.2056 -0.940456 0
    endloop
  endfacet
  facet normal 0 -1 0
    outer loop
      vertex 17.3995 1.59684 0
      vertex 17.6005 1.59684 1
      vertex 17.3995 1.59684 1
    endloop
  endfacet
  facet normal 0 -1 -0
    outer loop
      vertex 17.6005 1.59684 1
      vertex 17.3995 1.59684 0
      vertex 17.6005 1.59684 0
    endloop
  endfacet
  facet normal 0.684736 0.728792 -0
    outer loop
      vertex 16.4801 -1.23282 0
      vertex 16.3337 -1.09527 1
      vertex 16.4801 -1.23282 1
    endloop
  endfacet
  facet normal 0.684736 0.728792 0
    outer loop
      vertex 16.3337 -1.09527 1
      vertex 16.4801 -1.23282 0
      vertex 16.3337 -1.09527 0
    endloop
  endfacet
  facet normal -0.587669 0.809102 0
    outer loop
      vertex 18.5199 -1.23282 0
      vertex 18.3573 -1.35092 1
      vertex 18.5199 -1.23282 1
    endloop
  endfacet
  facet normal -0.587669 0.809102 0
    outer loop
      vertex 18.3573 -1.35092 1
      vertex 18.5199 -1.23282 0
      vertex 18.3573 -1.35092 0
    endloop
  endfacet
  facet normal -0.904926 0.42557 0
    outer loop
      vertex 18.9021 -0.770805 0
      vertex 18.9876 -0.588999 1
      vertex 18.9876 -0.588999 0
    endloop
  endfacet
  facet normal -0.904926 0.42557 0
    outer loop
      vertex 18.9876 -0.588999 1
      vertex 18.9021 -0.770805 0
      vertex 18.9021 -0.770805 1
    endloop
  endfacet
  facet normal 0.684736 -0.728792 0
    outer loop
      vertex 16.3337 1.09527 0
      vertex 16.4801 1.23282 1
      vertex 16.3337 1.09527 1
    endloop
  endfacet
  facet normal 0.684736 -0.728792 0
    outer loop
      vertex 16.4801 1.23282 1
      vertex 16.3337 1.09527 0
      vertex 16.4801 1.23282 0
    endloop
  endfacet
  facet normal 0 1 -0
    outer loop
      vertex 17.6005 -1.59684 0
      vertex 17.3995 -1.59684 1
      vertex 17.6005 -1.59684 1
    endloop
  endfacet
  facet normal 0 1 0
    outer loop
      vertex 17.3995 -1.59684 1
      vertex 17.6005 -1.59684 0
      vertex 17.3995 -1.59684 0
    endloop
  endfacet
  facet normal 0.982242 0.18762 0
    outer loop
      vertex 15.9503 -0.397903 1
      vertex 15.9126 -0.200533 0
      vertex 15.9126 -0.200533 1
    endloop
  endfacet
  facet normal 0.982242 0.18762 0
    outer loop
      vertex 15.9126 -0.200533 0
      vertex 15.9503 -0.397903 1
      vertex 15.9503 -0.397903 0
    endloop
  endfacet
  facet normal 0.951043 -0.309058 0
    outer loop
      vertex 15.9503 0.397903 1
      vertex 16.0124 0.588999 0
      vertex 16.0124 0.588999 1
    endloop
  endfacet
  facet normal 0.951043 -0.309058 0
    outer loop
      vertex 16.0124 0.588999 0
      vertex 15.9503 0.397903 1
      vertex 15.9503 0.397903 0
    endloop
  endfacet
  facet normal 0.481709 0.876331 -0
    outer loop
      vertex 16.8188 -1.44772 0
      vertex 16.6427 -1.35092 1
      vertex 16.8188 -1.44772 1
    endloop
  endfacet
  facet normal 0.481709 0.876331 0
    outer loop
      vertex 16.6427 -1.35092 1
      vertex 16.8188 -1.44772 0
      vertex 16.6427 -1.35092 0
    endloop
  endfacet
  facet normal -0.36817 0.929758 0
    outer loop
      vertex 18.1812 -1.44772 0
      vertex 17.9944 -1.52169 1
      vertex 18.1812 -1.44772 1
    endloop
  endfacet
  facet normal -0.36817 0.929758 0
    outer loop
      vertex 17.9944 -1.52169 1
      vertex 18.1812 -1.44772 0
      vertex 17.9944 -1.52169 0
    endloop
  endfacet
  facet normal 0.770448 -0.637503 0
    outer loop
      vertex 16.2056 0.940456 1
      vertex 16.3337 1.09527 0
      vertex 16.3337 1.09527 1
    endloop
  endfacet
  facet normal 0.770448 -0.637503 0
    outer loop
      vertex 16.3337 1.09527 0
      vertex 16.2056 0.940456 1
      vertex 16.2056 0.940456 0
    endloop
  endfacet
  facet normal 0.587669 0.809102 -0
    outer loop
      vertex 16.6427 -1.35092 0
      vertex 16.4801 -1.23282 1
      vertex 16.6427 -1.35092 1
    endloop
  endfacet
  facet normal 0.587669 0.809102 0
    outer loop
      vertex 16.4801 -1.23282 1
      vertex 16.6427 -1.35092 0
      vertex 16.4801 -1.23282 0
    endloop
  endfacet
  facet normal 0.844246 -0.535955 0
    outer loop
      vertex 16.0979 0.770805 1
      vertex 16.2056 0.940456 0
      vertex 16.2056 0.940456 1
    endloop
  endfacet
  facet normal 0.844246 -0.535955 0
    outer loop
      vertex 16.2056 0.940456 0
      vertex 16.0979 0.770805 1
      vertex 16.0979 0.770805 0
    endloop
  endfacet
  facet normal 0.904926 -0.42557 0
    outer loop
      vertex 16.0124 0.588999 1
      vertex 16.0979 0.770805 0
      vertex 16.0979 0.770805 1
    endloop
  endfacet
  facet normal 0.904926 -0.42557 0
    outer loop
      vertex 16.0979 0.770805 0
      vertex 16.0124 0.588999 1
      vertex 16.0124 0.588999 0
    endloop
  endfacet
  facet normal 0.982287 0.187384 0
    outer loop
      vertex 13.9888 1.7672 19
      vertex 13.657 3.50653 0
      vertex 13.657 3.50653 19
    endloop
  endfacet
  facet normal 0.982287 0.187384 0
    outer loop
      vertex 13.657 3.50653 0
      vertex 13.9888 1.7672 19
      vertex 13.9888 1.7672 0
    endloop
  endfacet
  facet normal 0.998025 0.0628139 0
    outer loop
      vertex 13.9888 1.7672 19
      vertex 14.0613 0.615277 1
      vertex 13.9888 1.7672 0
    endloop
  endfacet
  facet normal 0.998026 0.0628002 8.83595e-07
    outer loop
      vertex 14.1 0 19
      vertex 14.0613 0.615277 1
      vertex 13.9888 1.7672 19
    endloop
  endfacet
  facet normal 0.998028 0.0627744 0
    outer loop
      vertex 14.0613 0.615277 1
      vertex 14.1 0 19
      vertex 14.1 0 1
    endloop
  endfacet
  facet normal 0.998025 0.0628139 0
    outer loop
      vertex 13.9888 1.7672 0
      vertex 14.0613 0.615277 1
      vertex 14.0613 0.615277 0
    endloop
  endfacet
  facet normal 0.844323 -0.535834 0
    outer loop
      vertex 11.4071 -8.28777 19
      vertex 12.3559 -6.79273 0
      vertex 12.3559 -6.79273 19
    endloop
  endfacet
  facet normal 0.844323 -0.535834 0
    outer loop
      vertex 12.3559 -6.79273 0
      vertex 11.4071 -8.28777 19
      vertex 11.4071 -8.28777 0
    endloop
  endfacet
  facet normal -0.248662 0.96859 0
    outer loop
      vertex -2.64208 13.8502 0
      vertex -4.35714 13.4099 19
      vertex -2.64208 13.8502 19
    endloop
  endfacet
  facet normal -0.248662 0.96859 0
    outer loop
      vertex -4.35714 13.4099 19
      vertex -2.64208 13.8502 0
      vertex -4.35714 13.4099 0
    endloop
  endfacet
  facet normal 0.684526 0.728989 -0
    outer loop
      vertex 10.2785 9.65211 0
      vertex 8.98768 10.8642 19
      vertex 10.2785 9.65211 19
    endloop
  endfacet
  facet normal 0.684526 0.728989 0
    outer loop
      vertex 8.98768 10.8642 19
      vertex 10.2785 9.65211 0
      vertex 8.98768 10.8642 0
    endloop
  endfacet
  facet normal -0.982287 -0.187384 0
    outer loop
      vertex -13.657 -3.50653 0
      vertex -13.9888 -1.7672 19
      vertex -13.9888 -1.7672 0
    endloop
  endfacet
  facet normal -0.982287 -0.187384 0
    outer loop
      vertex -13.9888 -1.7672 19
      vertex -13.657 -3.50653 0
      vertex -13.657 -3.50653 19
    endloop
  endfacet
  facet normal -0.58779 0.809013 0
    outer loop
      vertex -7.55516 11.905 0
      vertex -8.98768 10.8642 19
      vertex -7.55516 11.905 19
    endloop
  endfacet
  facet normal -0.58779 0.809013 0
    outer loop
      vertex -8.98768 10.8642 19
      vertex -7.55516 11.905 0
      vertex -8.98768 10.8642 0
    endloop
  endfacet
  facet normal -0.684526 -0.728989 0
    outer loop
      vertex -10.2785 -9.65211 0
      vertex -8.98768 -10.8642 19
      vertex -10.2785 -9.65211 19
    endloop
  endfacet
  facet normal -0.684526 -0.728989 -0
    outer loop
      vertex -8.98768 -10.8642 19
      vertex -10.2785 -9.65211 0
      vertex -8.98768 -10.8642 0
    endloop
  endfacet
  facet normal -0.951052 0.30903 0
    outer loop
      vertex -13.657 3.50653 0
      vertex -13.1098 5.19056 19
      vertex -13.1098 5.19056 0
    endloop
  endfacet
  facet normal -0.951052 0.30903 0
    outer loop
      vertex -13.1098 5.19056 19
      vertex -13.657 3.50653 0
      vertex -13.657 3.50653 19
    endloop
  endfacet
  facet normal 0.481781 0.876292 -0
    outer loop
      vertex 7.55516 11.905 0
      vertex 6.00349 12.7581 19
      vertex 7.55516 11.905 19
    endloop
  endfacet
  facet normal 0.481781 0.876292 0
    outer loop
      vertex 6.00349 12.7581 19
      vertex 7.55516 11.905 0
      vertex 6.00349 12.7581 0
    endloop
  endfacet
  facet normal 0.248662 -0.96859 0
    outer loop
      vertex 2.64208 -13.8502 0
      vertex 4.35714 -13.4099 19
      vertex 2.64208 -13.8502 19
    endloop
  endfacet
  facet normal 0.248662 -0.96859 0
    outer loop
      vertex 4.35714 -13.4099 19
      vertex 2.64208 -13.8502 0
      vertex 4.35714 -13.4099 0
    endloop
  endfacet
  facet normal 0.998028 -0.0627744 0
    outer loop
      vertex 14.1 0 19
      vertex 14.0613 -0.615277 1
      vertex 14.1 0 1
    endloop
  endfacet
  facet normal 0.998026 -0.0628002 8.83595e-07
    outer loop
      vertex 13.9888 -1.7672 19
      vertex 14.0613 -0.615277 1
      vertex 14.1 0 19
    endloop
  endfacet
  facet normal 0.998025 -0.0628139 0
    outer loop
      vertex 13.9888 -1.7672 0
      vertex 14.0613 -0.615277 1
      vertex 13.9888 -1.7672 19
    endloop
  endfacet
  facet normal 0.998025 -0.0628139 0
    outer loop
      vertex 14.0613 -0.615277 1
      vertex 13.9888 -1.7672 0
      vertex 14.0613 -0.615277 0
    endloop
  endfacet
  facet normal -0.904832 -0.425768 0
    outer loop
      vertex -12.3559 -6.79273 0
      vertex -13.1098 -5.19056 19
      vertex -13.1098 -5.19056 0
    endloop
  endfacet
  facet normal -0.904832 -0.425768 0
    outer loop
      vertex -13.1098 -5.19056 19
      vertex -12.3559 -6.79273 0
      vertex -12.3559 -6.79273 19
    endloop
  endfacet
  facet normal 0.844323 0.535834 0
    outer loop
      vertex 12.3559 6.79273 19
      vertex 11.4071 8.28777 0
      vertex 11.4071 8.28777 19
    endloop
  endfacet
  facet normal 0.844323 0.535834 0
    outer loop
      vertex 11.4071 8.28777 0
      vertex 12.3559 6.79273 19
      vertex 12.3559 6.79273 0
    endloop
  endfacet
  facet normal 0.982287 -0.187384 0
    outer loop
      vertex 13.657 -3.50653 19
      vertex 13.9888 -1.7672 0
      vertex 13.9888 -1.7672 19
    endloop
  endfacet
  facet normal 0.982287 -0.187384 0
    outer loop
      vertex 13.9888 -1.7672 0
      vertex 13.657 -3.50653 19
      vertex 13.657 -3.50653 0
    endloop
  endfacet
  facet normal 0.368107 -0.929783 0
    outer loop
      vertex 4.35714 -13.4099 0
      vertex 6.00349 -12.7581 19
      vertex 4.35714 -13.4099 19
    endloop
  endfacet
  facet normal 0.368107 -0.929783 0
    outer loop
      vertex 6.00349 -12.7581 19
      vertex 4.35714 -13.4099 0
      vertex 6.00349 -12.7581 0
    endloop
  endfacet
  facet normal 0.248662 0.96859 -0
    outer loop
      vertex 4.35714 13.4099 0
      vertex 2.64208 13.8502 19
      vertex 4.35714 13.4099 19
    endloop
  endfacet
  facet normal 0.248662 0.96859 0
    outer loop
      vertex 2.64208 13.8502 19
      vertex 4.35714 13.4099 0
      vertex 2.64208 13.8502 0
    endloop
  endfacet
  facet normal -0.844323 -0.535834 0
    outer loop
      vertex -11.4071 -8.28777 0
      vertex -12.3559 -6.79273 19
      vertex -12.3559 -6.79273 0
    endloop
  endfacet
  facet normal -0.844323 -0.535834 0
    outer loop
      vertex -12.3559 -6.79273 19
      vertex -11.4071 -8.28777 0
      vertex -11.4071 -8.28777 19
    endloop
  endfacet
  facet normal -0.481781 0.876292 0
    outer loop
      vertex -6.00349 12.7581 0
      vertex -7.55516 11.905 19
      vertex -6.00349 12.7581 19
    endloop
  endfacet
  facet normal -0.481781 0.876292 0
    outer loop
      vertex -7.55516 11.905 19
      vertex -6.00349 12.7581 0
      vertex -7.55516 11.905 0
    endloop
  endfacet
  facet normal 0.770535 -0.637397 0
    outer loop
      vertex 10.2785 -9.65211 19
      vertex 11.4071 -8.28777 0
      vertex 11.4071 -8.28777 19
    endloop
  endfacet
  facet normal 0.770535 -0.637397 0
    outer loop
      vertex 11.4071 -8.28777 0
      vertex 10.2785 -9.65211 19
      vertex 10.2785 -9.65211 0
    endloop
  endfacet
  facet normal 0.125374 -0.99211 0
    outer loop
      vertex 0.885345 -14.0722 0
      vertex 2.64208 -13.8502 19
      vertex 0.885345 -14.0722 19
    endloop
  endfacet
  facet normal 0.125374 -0.99211 0
    outer loop
      vertex 2.64208 -13.8502 19
      vertex 0.885345 -14.0722 0
      vertex 2.64208 -13.8502 0
    endloop
  endfacet
  facet normal -0.770535 -0.637397 0
    outer loop
      vertex -10.2785 -9.65211 0
      vertex -11.4071 -8.28777 19
      vertex -11.4071 -8.28777 0
    endloop
  endfacet
  facet normal -0.770535 -0.637397 0
    outer loop
      vertex -11.4071 -8.28777 19
      vertex -10.2785 -9.65211 0
      vertex -10.2785 -9.65211 19
    endloop
  endfacet
  facet normal 0.58779 0.809013 -0
    outer loop
      vertex 8.98768 10.8642 0
      vertex 7.55516 11.905 19
      vertex 8.98768 10.8642 19
    endloop
  endfacet
  facet normal 0.58779 0.809013 0
    outer loop
      vertex 7.55516 11.905 19
      vertex 8.98768 10.8642 0
      vertex 7.55516 11.905 0
    endloop
  endfacet
  facet normal 0.481781 -0.876292 0
    outer loop
      vertex 6.00349 -12.7581 0
      vertex 7.55516 -11.905 19
      vertex 6.00349 -12.7581 19
    endloop
  endfacet
  facet normal 0.481781 -0.876292 0
    outer loop
      vertex 7.55516 -11.905 19
      vertex 6.00349 -12.7581 0
      vertex 7.55516 -11.905 0
    endloop
  endfacet
  facet normal -0.368107 0.929783 0
    outer loop
      vertex -4.35714 13.4099 0
      vertex -6.00349 12.7581 19
      vertex -4.35714 13.4099 19
    endloop
  endfacet
  facet normal -0.368107 0.929783 0
    outer loop
      vertex -6.00349 12.7581 19
      vertex -4.35714 13.4099 0
      vertex -6.00349 12.7581 0
    endloop
  endfacet
  facet normal 0 0 1
    outer loop
      vertex 4.6 0 19
      vertex 14.1 0 19
      vertex 13.9888 1.7672 19
    endloop
  endfacet
  facet normal 0 0 1
    outer loop
      vertex 4.56373 0.576532 19
      vertex 13.9888 1.7672 19
      vertex 13.657 3.50653 19
    endloop
  endfacet
  facet normal 0 0 1
    outer loop
      vertex 14.1 0 19
      vertex 4.6 0 19
      vertex 13.9888 -1.7672 19
    endloop
  endfacet
  facet normal 0 0 1
    outer loop
      vertex 4.45548 1.14397 19
      vertex 13.657 3.50653 19
      vertex 13.1098 5.19056 19
    endloop
  endfacet
  facet normal -0 0 1
    outer loop
      vertex 4.56373 -0.576532 19
      vertex 13.9888 -1.7672 19
      vertex 4.6 0 19
    endloop
  endfacet
  facet normal 0 0 1
    outer loop
      vertex 4.27697 1.69337 19
      vertex 13.1098 5.19056 19
      vertex 12.3559 6.79273 19
    endloop
  endfacet
  facet normal 0 0 1
    outer loop
      vertex 13.9888 -1.7672 19
      vertex 4.56373 -0.576532 19
      vertex 13.657 -3.50653 19
    endloop
  endfacet
  facet normal 0 0 1
    outer loop
      vertex 4.03101 2.21607 19
      vertex 12.3559 6.79273 19
      vertex 11.4071 8.28777 19
    endloop
  endfacet
  facet normal -0 0 1
    outer loop
      vertex 4.45548 -1.14397 19
      vertex 13.657 -3.50653 19
      vertex 4.56373 -0.576532 19
    endloop
  endfacet
  facet normal 0 0 1
    outer loop
      vertex 3.72148 2.70381 19
      vertex 11.4071 8.28777 19
      vertex 10.2785 9.65211 19
    endloop
  endfacet
  facet normal 0 0 1
    outer loop
      vertex 13.657 -3.50653 19
      vertex 4.45548 -1.14397 19
      vertex 13.1098 -5.19056 19
    endloop
  endfacet
  facet normal 0 0 1
    outer loop
      vertex 3.35326 3.14892 19
      vertex 10.2785 9.65211 19
      vertex 8.98768 10.8642 19
    endloop
  endfacet
  facet normal -0 0 1
    outer loop
      vertex 4.27697 -1.69337 19
      vertex 13.1098 -5.19056 19
      vertex 4.45548 -1.14397 19
    endloop
  endfacet
  facet normal 0 0 1
    outer loop
      vertex 2.93215 3.54436 19
      vertex 8.98768 10.8642 19
      vertex 7.55516 11.905 19
    endloop
  endfacet
  facet normal 0 0 1
    outer loop
      vertex 13.1098 -5.19056 19
      vertex 4.27697 -1.69337 19
      vertex 12.3559 -6.79273 19
    endloop
  endfacet
  facet normal 0 0 1
    outer loop
      vertex 2.4648 3.88391 19
      vertex 7.55516 11.905 19
      vertex 6.00349 12.7581 19
    endloop
  endfacet
  facet normal -0 0 1
    outer loop
      vertex 4.03101 -2.21607 19
      vertex 12.3559 -6.79273 19
      vertex 4.27697 -1.69337 19
    endloop
  endfacet
  facet normal 0 0 1
    outer loop
      vertex 12.3559 -6.79273 19
      vertex 4.03101 -2.21607 19
      vertex 11.4071 -8.28777 19
    endloop
  endfacet
  facet normal 0 0 1
    outer loop
      vertex 13.9888 1.7672 19
      vertex 4.56373 0.576532 19
      vertex 4.6 0 19
    endloop
  endfacet
  facet normal 0 0 1
    outer loop
      vertex 13.657 3.50653 19
      vertex 4.45548 1.14397 19
      vertex 4.56373 0.576532 19
    endloop
  endfacet
  facet normal 0 0 1
    outer loop
      vertex 1.95858 4.1622 19
      vertex 6.00349 12.7581 19
      vertex 4.35714 13.4099 19
    endloop
  endfacet
  facet normal 0 0 1
    outer loop
      vertex 13.1098 5.19056 19
      vertex 4.27697 1.69337 19
      vertex 4.45548 1.14397 19
    endloop
  endfacet
  facet normal 0 0 1
    outer loop
      vertex 12.3559 6.79273 19
      vertex 4.03101 2.21607 19
      vertex 4.27697 1.69337 19
    endloop
  endfacet
  facet normal 0 0 1
    outer loop
      vertex 11.4071 8.28777 19
      vertex 3.72148 2.70381 19
      vertex 4.03101 2.21607 19
    endloop
  endfacet
  facet normal 0 0 1
    outer loop
      vertex 10.2785 9.65211 19
      vertex 3.35326 3.14892 19
      vertex 3.72148 2.70381 19
    endloop
  endfacet
  facet normal 0 0 1
    outer loop
      vertex 8.98768 10.8642 19
      vertex 2.93215 3.54436 19
      vertex 3.35326 3.14892 19
    endloop
  endfacet
  facet normal 0 0 1
    outer loop
      vertex 1.42148 4.37486 19
      vertex 4.35714 13.4099 19
      vertex 2.64208 13.8502 19
    endloop
  endfacet
  facet normal 0 0 1
    outer loop
      vertex 7.55516 11.905 19
      vertex 2.4648 3.88391 19
      vertex 2.93215 3.54436 19
    endloop
  endfacet
  facet normal 0 0 1
    outer loop
      vertex 6.00349 12.7581 19
      vertex 1.95858 4.1622 19
      vertex 2.4648 3.88391 19
    endloop
  endfacet
  facet normal 0 0 1
    outer loop
      vertex 4.35714 13.4099 19
      vertex 1.42148 4.37486 19
      vertex 1.95858 4.1622 19
    endloop
  endfacet
  facet normal 0 0 1
    outer loop
      vertex 0.861954 4.51852 19
      vertex 2.64208 13.8502 19
      vertex 0.885345 14.0722 19
    endloop
  endfacet
  facet normal 0 0 1
    outer loop
      vertex 2.64208 13.8502 19
      vertex 0.861954 4.51852 19
      vertex 1.42148 4.37486 19
    endloop
  endfacet
  facet normal 0 0 1
    outer loop
      vertex 0.885345 14.0722 19
      vertex 0.288836 4.59092 19
      vertex 0.861954 4.51852 19
    endloop
  endfacet
  facet normal 0 0 1
    outer loop
      vertex 0.885345 14.0722 19
      vertex -0.288836 4.59092 19
      vertex 0.288836 4.59092 19
    endloop
  endfacet
  facet normal -0 0 1
    outer loop
      vertex -0.885345 14.0722 19
      vertex -0.288836 4.59092 19
      vertex 0.885345 14.0722 19
    endloop
  endfacet
  facet normal 0 0 1
    outer loop
      vertex -0.288836 4.59092 19
      vertex -0.885345 14.0722 19
      vertex -0.861954 4.51852 19
    endloop
  endfacet
  facet normal -0 0 1
    outer loop
      vertex -2.64208 13.8502 19
      vertex -0.861954 4.51852 19
      vertex -0.885345 14.0722 19
    endloop
  endfacet
  facet normal 0 0 1
    outer loop
      vertex -0.861954 4.51852 19
      vertex -2.64208 13.8502 19
      vertex -1.42148 4.37486 19
    endloop
  endfacet
  facet normal -0 0 1
    outer loop
      vertex -4.35714 13.4099 19
      vertex -1.42148 4.37486 19
      vertex -2.64208 13.8502 19
    endloop
  endfacet
  facet normal 0 0 1
    outer loop
      vertex -1.42148 4.37486 19
      vertex -4.35714 13.4099 19
      vertex -1.95858 4.1622 19
    endloop
  endfacet
  facet normal -0 0 1
    outer loop
      vertex -6.00349 12.7581 19
      vertex -1.95858 4.1622 19
      vertex -4.35714 13.4099 19
    endloop
  endfacet
  facet normal 0 0 1
    outer loop
      vertex -1.95858 4.1622 19
      vertex -6.00349 12.7581 19
      vertex -2.4648 3.88391 19
    endloop
  endfacet
  facet normal -0 0 1
    outer loop
      vertex -7.55516 11.905 19
      vertex -2.4648 3.88391 19
      vertex -6.00349 12.7581 19
    endloop
  endfacet
  facet normal 0 0 1
    outer loop
      vertex -2.4648 3.88391 19
      vertex -7.55516 11.905 19
      vertex -2.93215 3.54436 19
    endloop
  endfacet
  facet normal -0 0 1
    outer loop
      vertex -8.98768 10.8642 19
      vertex -2.93215 3.54436 19
      vertex -7.55516 11.905 19
    endloop
  endfacet
  facet normal 0 0 1
    outer loop
      vertex -2.93215 3.54436 19
      vertex -8.98768 10.8642 19
      vertex -3.35326 3.14892 19
    endloop
  endfacet
  facet normal -0 0 1
    outer loop
      vertex -10.2785 9.65211 19
      vertex -3.35326 3.14892 19
      vertex -8.98768 10.8642 19
    endloop
  endfacet
  facet normal 0 0 1
    outer loop
      vertex -3.35326 3.14892 19
      vertex -10.2785 9.65211 19
      vertex -3.72148 2.70381 19
    endloop
  endfacet
  facet normal -0 0 1
    outer loop
      vertex -11.4071 8.28777 19
      vertex -3.72148 2.70381 19
      vertex -10.2785 9.65211 19
    endloop
  endfacet
  facet normal 0 0 1
    outer loop
      vertex -3.72148 2.70381 19
      vertex -11.4071 8.28777 19
      vertex -4.03101 2.21607 19
    endloop
  endfacet
  facet normal -0 0 1
    outer loop
      vertex 3.72148 -2.70381 19
      vertex 11.4071 -8.28777 19
      vertex 4.03101 -2.21607 19
    endloop
  endfacet
  facet normal 0 0 1
    outer loop
      vertex 11.4071 -8.28777 19
      vertex 3.72148 -2.70381 19
      vertex 10.2785 -9.65211 19
    endloop
  endfacet
  facet normal -0 0 1
    outer loop
      vertex 3.35326 -3.14892 19
      vertex 10.2785 -9.65211 19
      vertex 3.72148 -2.70381 19
    endloop
  endfacet
  facet normal 0 0 1
    outer loop
      vertex 10.2785 -9.65211 19
      vertex 3.35326 -3.14892 19
      vertex 8.98768 -10.8642 19
    endloop
  endfacet
  facet normal -0 0 1
    outer loop
      vertex 2.93215 -3.54436 19
      vertex 8.98768 -10.8642 19
      vertex 3.35326 -3.14892 19
    endloop
  endfacet
  facet normal 0 0 1
    outer loop
      vertex 8.98768 -10.8642 19
      vertex 2.93215 -3.54436 19
      vertex 7.55516 -11.905 19
    endloop
  endfacet
  facet normal -0 0 1
    outer loop
      vertex 2.4648 -3.88391 19
      vertex 7.55516 -11.905 19
      vertex 2.93215 -3.54436 19
    endloop
  endfacet
  facet normal 0 0 1
    outer loop
      vertex 7.55516 -11.905 19
      vertex 2.4648 -3.88391 19
      vertex 6.00349 -12.7581 19
    endloop
  endfacet
  facet normal -0 0 1
    outer loop
      vertex 1.95858 -4.1622 19
      vertex 6.00349 -12.7581 19
      vertex 2.4648 -3.88391 19
    endloop
  endfacet
  facet normal 0 0 1
    outer loop
      vertex 6.00349 -12.7581 19
      vertex 1.95858 -4.1622 19
      vertex 4.35714 -13.4099 19
    endloop
  endfacet
  facet normal -0 0 1
    outer loop
      vertex 1.42148 -4.37486 19
      vertex 4.35714 -13.4099 19
      vertex 1.95858 -4.1622 19
    endloop
  endfacet
  facet normal 0 0 1
    outer loop
      vertex 4.35714 -13.4099 19
      vertex 1.42148 -4.37486 19
      vertex 2.64208 -13.8502 19
    endloop
  endfacet
  facet normal -0 0 1
    outer loop
      vertex 0.861954 -4.51852 19
      vertex 2.64208 -13.8502 19
      vertex 1.42148 -4.37486 19
    endloop
  endfacet
  facet normal 0 0 1
    outer loop
      vertex 2.64208 -13.8502 19
      vertex 0.861954 -4.51852 19
      vertex 0.885345 -14.0722 19
    endloop
  endfacet
  facet normal -0 0 1
    outer loop
      vertex 0.288836 -4.59092 19
      vertex 0.885345 -14.0722 19
      vertex 0.861954 -4.51852 19
    endloop
  endfacet
  facet normal -0 0 1
    outer loop
      vertex -0.288836 -4.59092 19
      vertex 0.885345 -14.0722 19
      vertex 0.288836 -4.59092 19
    endloop
  endfacet
  facet normal 0 0 1
    outer loop
      vertex -0.885345 -14.0722 19
      vertex -0.288836 -4.59092 19
      vertex -0.861954 -4.51852 19
    endloop
  endfacet
  facet normal 0 0 1
    outer loop
      vertex -0.288836 -4.59092 19
      vertex -0.885345 -14.0722 19
      vertex 0.885345 -14.0722 19
    endloop
  endfacet
  facet normal 0 0 1
    outer loop
      vertex -2.64208 -13.8502 19
      vertex -0.861954 -4.51852 19
      vertex -1.42148 -4.37486 19
    endloop
  endfacet
  facet normal 0 0 1
    outer loop
      vertex -4.35714 -13.4099 19
      vertex -1.42148 -4.37486 19
      vertex -1.95858 -4.1622 19
    endloop
  endfacet
  facet normal 0 0 1
    outer loop
      vertex -6.00349 -12.7581 19
      vertex -1.95858 -4.1622 19
      vertex -2.4648 -3.88391 19
    endloop
  endfacet
  facet normal 0 0 1
    outer loop
      vertex -0.861954 -4.51852 19
      vertex -2.64208 -13.8502 19
      vertex -0.885345 -14.0722 19
    endloop
  endfacet
  facet normal 0 0 1
    outer loop
      vertex -7.55516 -11.905 19
      vertex -2.4648 -3.88391 19
      vertex -2.93215 -3.54436 19
    endloop
  endfacet
  facet normal 0 0 1
    outer loop
      vertex -8.98768 -10.8642 19
      vertex -2.93215 -3.54436 19
      vertex -3.35326 -3.14892 19
    endloop
  endfacet
  facet normal 0 0 1
    outer loop
      vertex -10.2785 -9.65211 19
      vertex -3.35326 -3.14892 19
      vertex -3.72148 -2.70381 19
    endloop
  endfacet
  facet normal 0 0 1
    outer loop
      vertex -11.4071 -8.28777 19
      vertex -3.72148 -2.70381 19
      vertex -4.03101 -2.21607 19
    endloop
  endfacet
  facet normal 0 0 1
    outer loop
      vertex -12.3559 -6.79273 19
      vertex -4.03101 -2.21607 19
      vertex -4.27697 -1.69337 19
    endloop
  endfacet
  facet normal 0 0 1
    outer loop
      vertex -1.42148 -4.37486 19
      vertex -4.35714 -13.4099 19
      vertex -2.64208 -13.8502 19
    endloop
  endfacet
  facet normal 0 0 1
    outer loop
      vertex -13.1098 -5.19056 19
      vertex -4.27697 -1.69337 19
      vertex -4.45548 -1.14397 19
    endloop
  endfacet
  facet normal 0 0 1
    outer loop
      vertex -13.657 -3.50653 19
      vertex -4.45548 -1.14397 19
      vertex -4.56373 -0.576532 19
    endloop
  endfacet
  facet normal 0 0 1
    outer loop
      vertex -13.9888 -1.7672 19
      vertex -4.56373 -0.576532 19
      vertex -4.6 0 19
    endloop
  endfacet
  facet normal -0 0 1
    outer loop
      vertex -12.3559 6.79273 19
      vertex -4.03101 2.21607 19
      vertex -11.4071 8.28777 19
    endloop
  endfacet
  facet normal 0 0 1
    outer loop
      vertex -1.95858 -4.1622 19
      vertex -6.00349 -12.7581 19
      vertex -4.35714 -13.4099 19
    endloop
  endfacet
  facet normal 0 0 1
    outer loop
      vertex -4.03101 2.21607 19
      vertex -12.3559 6.79273 19
      vertex -4.27697 1.69337 19
    endloop
  endfacet
  facet normal 0 0 1
    outer loop
      vertex -2.4648 -3.88391 19
      vertex -7.55516 -11.905 19
      vertex -6.00349 -12.7581 19
    endloop
  endfacet
  facet normal -0 0 1
    outer loop
      vertex -13.1098 5.19056 19
      vertex -4.27697 1.69337 19
      vertex -12.3559 6.79273 19
    endloop
  endfacet
  facet normal 0 0 1
    outer loop
      vertex -2.93215 -3.54436 19
      vertex -8.98768 -10.8642 19
      vertex -7.55516 -11.905 19
    endloop
  endfacet
  facet normal 0 0 1
    outer loop
      vertex -4.27697 1.69337 19
      vertex -13.1098 5.19056 19
      vertex -4.45548 1.14397 19
    endloop
  endfacet
  facet normal 0 0 1
    outer loop
      vertex -3.35326 -3.14892 19
      vertex -10.2785 -9.65211 19
      vertex -8.98768 -10.8642 19
    endloop
  endfacet
  facet normal -0 0 1
    outer loop
      vertex -13.657 3.50653 19
      vertex -4.45548 1.14397 19
      vertex -13.1098 5.19056 19
    endloop
  endfacet
  facet normal 0 0 1
    outer loop
      vertex -3.72148 -2.70381 19
      vertex -11.4071 -8.28777 19
      vertex -10.2785 -9.65211 19
    endloop
  endfacet
  facet normal 0 0 1
    outer loop
      vertex -4.45548 1.14397 19
      vertex -13.657 3.50653 19
      vertex -4.56373 0.576532 19
    endloop
  endfacet
  facet normal 0 0 1
    outer loop
      vertex -4.03101 -2.21607 19
      vertex -12.3559 -6.79273 19
      vertex -11.4071 -8.28777 19
    endloop
  endfacet
  facet normal -0 0 1
    outer loop
      vertex -13.9888 1.7672 19
      vertex -4.56373 0.576532 19
      vertex -13.657 3.50653 19
    endloop
  endfacet
  facet normal 0 0 1
    outer loop
      vertex -4.27697 -1.69337 19
      vertex -13.1098 -5.19056 19
      vertex -12.3559 -6.79273 19
    endloop
  endfacet
  facet normal 0 0 1
    outer loop
      vertex -4.56373 0.576532 19
      vertex -13.9888 1.7672 19
      vertex -4.6 0 19
    endloop
  endfacet
  facet normal 0 0 1
    outer loop
      vertex -4.45548 -1.14397 19
      vertex -13.657 -3.50653 19
      vertex -13.1098 -5.19056 19
    endloop
  endfacet
  facet normal 0 0 1
    outer loop
      vertex -14.1 0 19
      vertex -4.6 0 19
      vertex -13.9888 1.7672 19
    endloop
  endfacet
  facet normal 0 0 1
    outer loop
      vertex -4.56373 -0.576532 19
      vertex -13.9888 -1.7672 19
      vertex -13.657 -3.50653 19
    endloop
  endfacet
  facet normal 0 0 1
    outer loop
      vertex -4.6 0 19
      vertex -14.1 0 19
      vertex -13.9888 -1.7672 19
    endloop
  endfacet
  facet normal 0.904832 0.425768 0
    outer loop
      vertex 13.1098 5.19056 19
      vertex 12.3559 6.79273 0
      vertex 12.3559 6.79273 19
    endloop
  endfacet
  facet normal 0.904832 0.425768 0
    outer loop
      vertex 12.3559 6.79273 0
      vertex 13.1098 5.19056 19
      vertex 13.1098 5.19056 0
    endloop
  endfacet
  facet normal 0.951052 -0.30903 0
    outer loop
      vertex 13.1098 -5.19056 19
      vertex 13.657 -3.50653 0
      vertex 13.657 -3.50653 19
    endloop
  endfacet
  facet normal 0.951052 -0.30903 0
    outer loop
      vertex 13.657 -3.50653 0
      vertex 13.1098 -5.19056 19
      vertex 13.1098 -5.19056 0
    endloop
  endfacet
  facet normal -0.125374 -0.99211 0
    outer loop
      vertex -2.64208 -13.8502 0
      vertex -0.885345 -14.0722 19
      vertex -2.64208 -13.8502 19
    endloop
  endfacet
  facet normal -0.125374 -0.99211 -0
    outer loop
      vertex -0.885345 -14.0722 19
      vertex -2.64208 -13.8502 0
      vertex -0.885345 -14.0722 0
    endloop
  endfacet
  facet normal 0 -1 0
    outer loop
      vertex -0.885345 -14.0722 0
      vertex 0.885345 -14.0722 19
      vertex -0.885345 -14.0722 19
    endloop
  endfacet
  facet normal 0 -1 -0
    outer loop
      vertex 0.885345 -14.0722 19
      vertex -0.885345 -14.0722 0
      vertex 0.885345 -14.0722 0
    endloop
  endfacet
  facet normal 0 1 -0
    outer loop
      vertex 0.885345 14.0722 0
      vertex -0.885345 14.0722 19
      vertex 0.885345 14.0722 19
    endloop
  endfacet
  facet normal 0 1 0
    outer loop
      vertex -0.885345 14.0722 19
      vertex 0.885345 14.0722 0
      vertex -0.885345 14.0722 0
    endloop
  endfacet
  facet normal -0.684526 0.728989 0
    outer loop
      vertex -8.98768 10.8642 0
      vertex -10.2785 9.65211 19
      vertex -8.98768 10.8642 19
    endloop
  endfacet
  facet normal -0.684526 0.728989 0
    outer loop
      vertex -10.2785 9.65211 19
      vertex -8.98768 10.8642 0
      vertex -10.2785 9.65211 0
    endloop
  endfacet
  facet normal -0.770535 0.637397 0
    outer loop
      vertex -11.4071 8.28777 0
      vertex -10.2785 9.65211 19
      vertex -10.2785 9.65211 0
    endloop
  endfacet
  facet normal -0.770535 0.637397 0
    outer loop
      vertex -10.2785 9.65211 19
      vertex -11.4071 8.28777 0
      vertex -11.4071 8.28777 19
    endloop
  endfacet
  facet normal -0.982287 0.187384 0
    outer loop
      vertex -13.9888 1.7672 0
      vertex -13.657 3.50653 19
      vertex -13.657 3.50653 0
    endloop
  endfacet
  facet normal -0.982287 0.187384 0
    outer loop
      vertex -13.657 3.50653 19
      vertex -13.9888 1.7672 0
      vertex -13.9888 1.7672 19
    endloop
  endfacet
  facet normal -0.998025 -0.0628139 0
    outer loop
      vertex -14.0613 -0.615277 0
      vertex -13.9888 -1.7672 0
      vertex -14.0613 -0.615277 1
    endloop
  endfacet
  facet normal -0.998028 -0.0627744 0
    outer loop
      vertex -14.0613 -0.615277 1
      vertex -14.1 0 19
      vertex -14.1 0 1
    endloop
  endfacet
  facet normal -0.998025 -0.0628139 -0
    outer loop
      vertex -13.9888 -1.7672 19
      vertex -14.0613 -0.615277 1
      vertex -13.9888 -1.7672 0
    endloop
  endfacet
  facet normal -0.998026 -0.0628002 8.83595e-07
    outer loop
      vertex -14.0613 -0.615277 1
      vertex -13.9888 -1.7672 19
      vertex -14.1 0 19
    endloop
  endfacet
  facet normal -0.481781 -0.876292 0
    outer loop
      vertex -7.55516 -11.905 0
      vertex -6.00349 -12.7581 19
      vertex -7.55516 -11.905 19
    endloop
  endfacet
  facet normal -0.481781 -0.876292 -0
    outer loop
      vertex -6.00349 -12.7581 19
      vertex -7.55516 -11.905 0
      vertex -6.00349 -12.7581 0
    endloop
  endfacet
  facet normal -0.951052 -0.30903 0
    outer loop
      vertex -13.1098 -5.19056 0
      vertex -13.657 -3.50653 19
      vertex -13.657 -3.50653 0
    endloop
  endfacet
  facet normal -0.951052 -0.30903 0
    outer loop
      vertex -13.657 -3.50653 19
      vertex -13.1098 -5.19056 0
      vertex -13.1098 -5.19056 19
    endloop
  endfacet
  facet normal 0.368107 0.929783 -0
    outer loop
      vertex 6.00349 12.7581 0
      vertex 4.35714 13.4099 19
      vertex 6.00349 12.7581 19
    endloop
  endfacet
  facet normal 0.368107 0.929783 0
    outer loop
      vertex 4.35714 13.4099 19
      vertex 6.00349 12.7581 0
      vertex 4.35714 13.4099 0
    endloop
  endfacet
  facet normal 0.770535 0.637397 0
    outer loop
      vertex 11.4071 8.28777 19
      vertex 10.2785 9.65211 0
      vertex 10.2785 9.65211 19
    endloop
  endfacet
  facet normal 0.770535 0.637397 0
    outer loop
      vertex 10.2785 9.65211 0
      vertex 11.4071 8.28777 19
      vertex 11.4071 8.28777 0
    endloop
  endfacet
  facet normal 0.951052 0.30903 0
    outer loop
      vertex 13.657 3.50653 19
      vertex 13.1098 5.19056 0
      vertex 13.1098 5.19056 19
    endloop
  endfacet
  facet normal 0.951052 0.30903 0
    outer loop
      vertex 13.1098 5.19056 0
      vertex 13.657 3.50653 19
      vertex 13.657 3.50653 0
    endloop
  endfacet
  facet normal -0.125374 0.99211 0
    outer loop
      vertex -0.885345 14.0722 0
      vertex -2.64208 13.8502 19
      vertex -0.885345 14.0722 19
    endloop
  endfacet
  facet normal -0.125374 0.99211 0
    outer loop
      vertex -2.64208 13.8502 19
      vertex -0.885345 14.0722 0
      vertex -2.64208 13.8502 0
    endloop
  endfacet
  facet normal -0.998025 0.0628139 0
    outer loop
      vertex -14.0613 0.615277 1
      vertex -13.9888 1.7672 0
      vertex -14.0613 0.615277 0
    endloop
  endfacet
  facet normal -0.998025 0.0628139 0
    outer loop
      vertex -13.9888 1.7672 0
      vertex -14.0613 0.615277 1
      vertex -13.9888 1.7672 19
    endloop
  endfacet
  facet normal -0.998028 0.0627744 0
    outer loop
      vertex -14.1 0 19
      vertex -14.0613 0.615277 1
      vertex -14.1 0 1
    endloop
  endfacet
  facet normal -0.998026 0.0628002 8.83595e-07
    outer loop
      vertex -14.0613 0.615277 1
      vertex -14.1 0 19
      vertex -13.9888 1.7672 19
    endloop
  endfacet
  facet normal 0.125374 0.99211 -0
    outer loop
      vertex 2.64208 13.8502 0
      vertex 0.885345 14.0722 19
      vertex 2.64208 13.8502 19
    endloop
  endfacet
  facet normal 0.125374 0.99211 0
    outer loop
      vertex 0.885345 14.0722 19
      vertex 2.64208 13.8502 0
      vertex 0.885345 14.0722 0
    endloop
  endfacet
  facet normal -0.844323 0.535834 0
    outer loop
      vertex -12.3559 6.79273 0
      vertex -11.4071 8.28777 19
      vertex -11.4071 8.28777 0
    endloop
  endfacet
  facet normal -0.844323 0.535834 0
    outer loop
      vertex -11.4071 8.28777 19
      vertex -12.3559 6.79273 0
      vertex -12.3559 6.79273 19
    endloop
  endfacet
  facet normal 0.684526 -0.728989 0
    outer loop
      vertex 8.98768 -10.8642 0
      vertex 10.2785 -9.65211 19
      vertex 8.98768 -10.8642 19
    endloop
  endfacet
  facet normal 0.684526 -0.728989 0
    outer loop
      vertex 10.2785 -9.65211 19
      vertex 8.98768 -10.8642 0
      vertex 10.2785 -9.65211 0
    endloop
  endfacet
  facet normal -0.248662 -0.96859 0
    outer loop
      vertex -4.35714 -13.4099 0
      vertex -2.64208 -13.8502 19
      vertex -4.35714 -13.4099 19
    endloop
  endfacet
  facet normal -0.248662 -0.96859 -0
    outer loop
      vertex -2.64208 -13.8502 19
      vertex -4.35714 -13.4099 0
      vertex -2.64208 -13.8502 0
    endloop
  endfacet
  facet normal -0.58779 -0.809013 0
    outer loop
      vertex -8.98768 -10.8642 0
      vertex -7.55516 -11.905 19
      vertex -8.98768 -10.8642 19
    endloop
  endfacet
  facet normal -0.58779 -0.809013 -0
    outer loop
      vertex -7.55516 -11.905 19
      vertex -8.98768 -10.8642 0
      vertex -7.55516 -11.905 0
    endloop
  endfacet
  facet normal 0.58779 -0.809013 0
    outer loop
      vertex 7.55516 -11.905 0
      vertex 8.98768 -10.8642 19
      vertex 7.55516 -11.905 19
    endloop
  endfacet
  facet normal 0.58779 -0.809013 0
    outer loop
      vertex 8.98768 -10.8642 19
      vertex 7.55516 -11.905 0
      vertex 8.98768 -10.8642 0
    endloop
  endfacet
  facet normal 0.904832 -0.425768 0
    outer loop
      vertex 12.3559 -6.79273 19
      vertex 13.1098 -5.19056 0
      vertex 13.1098 -5.19056 19
    endloop
  endfacet
  facet normal 0.904832 -0.425768 0
    outer loop
      vertex 13.1098 -5.19056 0
      vertex 12.3559 -6.79273 19
      vertex 12.3559 -6.79273 0
    endloop
  endfacet
  facet normal -0.904832 0.425768 0
    outer loop
      vertex -13.1098 5.19056 0
      vertex -12.3559 6.79273 19
      vertex -12.3559 6.79273 0
    endloop
  endfacet
  facet normal -0.904832 0.425768 0
    outer loop
      vertex -12.3559 6.79273 19
      vertex -13.1098 5.19056 0
      vertex -13.1098 5.19056 19
    endloop
  endfacet
  facet normal -0.368107 -0.929783 0
    outer loop
      vertex -6.00349 -12.7581 0
      vertex -4.35714 -13.4099 19
      vertex -6.00349 -12.7581 19
    endloop
  endfacet
  facet normal -0.368107 -0.929783 -0
    outer loop
      vertex -4.35714 -13.4099 19
      vertex -6.00349 -12.7581 0
      vertex -4.35714 -13.4099 0
    endloop
  endfacet
  facet normal 0.982286 0.18739 0
    outer loop
      vertex 4.56373 0.576532 20.5
      vertex 4.45548 1.14397 19
      vertex 4.45548 1.14397 20.5
    endloop
  endfacet
  facet normal 0.982286 0.18739 0
    outer loop
      vertex 4.45548 1.14397 19
      vertex 4.56373 0.576532 20.5
      vertex 4.56373 0.576532 19
    endloop
  endfacet
  facet normal 0.998027 0.0627865 0
    outer loop
      vertex 4.6 0 20.5
      vertex 4.56373 0.576532 19
      vertex 4.56373 0.576532 20.5
    endloop
  endfacet
  facet normal 0.998027 0.0627865 0
    outer loop
      vertex 4.56373 0.576532 19
      vertex 4.6 0 20.5
      vertex 4.6 0 19
    endloop
  endfacet
  facet normal 0.770519 -0.637417 0
    outer loop
      vertex 3.35326 -3.14892 20.5
      vertex 3.72148 -2.70381 19
      vertex 3.72148 -2.70381 20.5
    endloop
  endfacet
  facet normal 0.770519 -0.637417 0
    outer loop
      vertex 3.72148 -2.70381 19
      vertex 3.35326 -3.14892 20.5
      vertex 3.35326 -3.14892 19
    endloop
  endfacet
  facet normal -0.770519 -0.637417 0
    outer loop
      vertex -3.35326 -3.14892 19
      vertex -3.72148 -2.70381 20.5
      vertex -3.72148 -2.70381 19
    endloop
  endfacet
  facet normal -0.770519 -0.637417 0
    outer loop
      vertex -3.72148 -2.70381 20.5
      vertex -3.35326 -3.14892 19
      vertex -3.35326 -3.14892 20.5
    endloop
  endfacet
  facet normal 0.481745 -0.876312 0
    outer loop
      vertex 1.95858 -4.1622 19
      vertex 2.4648 -3.88391 20.5
      vertex 1.95858 -4.1622 20.5
    endloop
  endfacet
  facet normal 0.481745 -0.876312 0
    outer loop
      vertex 2.4648 -3.88391 20.5
      vertex 1.95858 -4.1622 19
      vertex 2.4648 -3.88391 19
    endloop
  endfacet
  facet normal 0.998027 -0.0627865 0
    outer loop
      vertex 4.56373 -0.576532 20.5
      vertex 4.6 0 19
      vertex 4.6 0 20.5
    endloop
  endfacet
  facet normal 0.998027 -0.0627865 0
    outer loop
      vertex 4.6 0 19
      vertex 4.56373 -0.576532 20.5
      vertex 4.56373 -0.576532 19
    endloop
  endfacet
  facet normal -0.481745 0.876312 0
    outer loop
      vertex -1.95858 4.1622 19
      vertex -2.4648 3.88391 20.5
      vertex -1.95858 4.1622 20.5
    endloop
  endfacet
  facet normal -0.481745 0.876312 0
    outer loop
      vertex -2.4648 3.88391 20.5
      vertex -1.95858 4.1622 19
      vertex -2.4648 3.88391 19
    endloop
  endfacet
  facet normal 0.248687 -0.968584 0
    outer loop
      vertex 0.861954 -4.51852 19
      vertex 1.42148 -4.37486 20.5
      vertex 0.861954 -4.51852 20.5
    endloop
  endfacet
  facet normal 0.248687 -0.968584 0
    outer loop
      vertex 1.42148 -4.37486 20.5
      vertex 0.861954 -4.51852 19
      vertex 1.42148 -4.37486 19
    endloop
  endfacet
  facet normal -0.998027 -0.0627865 0
    outer loop
      vertex -4.56373 -0.576532 19
      vertex -4.6 0 20.5
      vertex -4.6 0 19
    endloop
  endfacet
  facet normal -0.998027 -0.0627865 0
    outer loop
      vertex -4.6 0 20.5
      vertex -4.56373 -0.576532 19
      vertex -4.56373 -0.576532 20.5
    endloop
  endfacet
  facet normal -0.368135 0.929772 0
    outer loop
      vertex -1.42148 4.37486 19
      vertex -1.95858 4.1622 20.5
      vertex -1.42148 4.37486 20.5
    endloop
  endfacet
  facet normal -0.368135 0.929772 0
    outer loop
      vertex -1.95858 4.1622 20.5
      vertex -1.42148 4.37486 19
      vertex -1.95858 4.1622 19
    endloop
  endfacet
  facet normal -0.982286 -0.18739 0
    outer loop
      vertex -4.45548 -1.14397 19
      vertex -4.56373 -0.576532 20.5
      vertex -4.56373 -0.576532 19
    endloop
  endfacet
  facet normal -0.982286 -0.18739 0
    outer loop
      vertex -4.56373 -0.576532 20.5
      vertex -4.45548 -1.14397 19
      vertex -4.45548 -1.14397 20.5
    endloop
  endfacet
  facet normal -0.248687 0.968584 0
    outer loop
      vertex -0.861954 4.51852 19
      vertex -1.42148 4.37486 20.5
      vertex -0.861954 4.51852 20.5
    endloop
  endfacet
  facet normal -0.248687 0.968584 0
    outer loop
      vertex -1.42148 4.37486 20.5
      vertex -0.861954 4.51852 19
      vertex -1.42148 4.37486 19
    endloop
  endfacet
  facet normal -0.368135 -0.929772 0
    outer loop
      vertex -1.95858 -4.1622 19
      vertex -1.42148 -4.37486 20.5
      vertex -1.95858 -4.1622 20.5
    endloop
  endfacet
  facet normal -0.368135 -0.929772 -0
    outer loop
      vertex -1.42148 -4.37486 20.5
      vertex -1.95858 -4.1622 19
      vertex -1.42148 -4.37486 19
    endloop
  endfacet
  facet normal -0.951057 0.309016 0
    outer loop
      vertex -4.45548 1.14397 19
      vertex -4.27697 1.69337 20.5
      vertex -4.27697 1.69337 19
    endloop
  endfacet
  facet normal -0.951057 0.309016 0
    outer loop
      vertex -4.27697 1.69337 20.5
      vertex -4.45548 1.14397 19
      vertex -4.45548 1.14397 20.5
    endloop
  endfacet
  facet normal 0.844327 0.535828 0
    outer loop
      vertex 4.03101 2.21607 20.5
      vertex 3.72148 2.70381 19
      vertex 3.72148 2.70381 20.5
    endloop
  endfacet
  facet normal 0.844327 0.535828 0
    outer loop
      vertex 3.72148 2.70381 19
      vertex 4.03101 2.21607 20.5
      vertex 4.03101 2.21607 19
    endloop
  endfacet
  facet normal 0.951057 -0.309016 0
    outer loop
      vertex 4.27697 -1.69337 20.5
      vertex 4.45548 -1.14397 19
      vertex 4.45548 -1.14397 20.5
    endloop
  endfacet
  facet normal 0.951057 -0.309016 0
    outer loop
      vertex 4.45548 -1.14397 19
      vertex 4.27697 -1.69337 20.5
      vertex 4.27697 -1.69337 19
    endloop
  endfacet
  facet normal -0.587786 -0.809017 0
    outer loop
      vertex -2.93215 -3.54436 19
      vertex -2.4648 -3.88391 20.5
      vertex -2.93215 -3.54436 20.5
    endloop
  endfacet
  facet normal -0.587786 -0.809017 -0
    outer loop
      vertex -2.4648 -3.88391 20.5
      vertex -2.93215 -3.54436 19
      vertex -2.4648 -3.88391 19
    endloop
  endfacet
  facet normal 0.90483 0.425774 0
    outer loop
      vertex 4.27697 1.69337 20.5
      vertex 4.03101 2.21607 19
      vertex 4.03101 2.21607 20.5
    endloop
  endfacet
  facet normal 0.90483 0.425774 0
    outer loop
      vertex 4.03101 2.21607 19
      vertex 4.27697 1.69337 20.5
      vertex 4.27697 1.69337 19
    endloop
  endfacet
  facet normal 0.12533 0.992115 -0
    outer loop
      vertex 0.861954 4.51852 19
      vertex 0.288836 4.59092 20.5
      vertex 0.861954 4.51852 20.5
    endloop
  endfacet
  facet normal 0.12533 0.992115 0
    outer loop
      vertex 0.288836 4.59092 20.5
      vertex 0.861954 4.51852 19
      vertex 0.288836 4.59092 19
    endloop
  endfacet
  facet normal -0.587786 0.809017 0
    outer loop
      vertex -2.4648 3.88391 19
      vertex -2.93215 3.54436 20.5
      vertex -2.4648 3.88391 20.5
    endloop
  endfacet
  facet normal -0.587786 0.809017 0
    outer loop
      vertex -2.93215 3.54436 20.5
      vertex -2.4648 3.88391 19
      vertex -2.93215 3.54436 19
    endloop
  endfacet
  facet normal -0.684539 -0.728976 0
    outer loop
      vertex -3.35326 -3.14892 19
      vertex -2.93215 -3.54436 20.5
      vertex -3.35326 -3.14892 20.5
    endloop
  endfacet
  facet normal -0.684539 -0.728976 -0
    outer loop
      vertex -2.93215 -3.54436 20.5
      vertex -3.35326 -3.14892 19
      vertex -2.93215 -3.54436 19
    endloop
  endfacet
  facet normal -0.951057 -0.309016 0
    outer loop
      vertex -4.27697 -1.69337 19
      vertex -4.45548 -1.14397 20.5
      vertex -4.45548 -1.14397 19
    endloop
  endfacet
  facet normal -0.951057 -0.309016 0
    outer loop
      vertex -4.45548 -1.14397 20.5
      vertex -4.27697 -1.69337 19
      vertex -4.27697 -1.69337 20.5
    endloop
  endfacet
  facet normal 0.951057 0.309016 0
    outer loop
      vertex 4.45548 1.14397 20.5
      vertex 4.27697 1.69337 19
      vertex 4.27697 1.69337 20.5
    endloop
  endfacet
  facet normal 0.951057 0.309016 0
    outer loop
      vertex 4.27697 1.69337 19
      vertex 4.45548 1.14397 20.5
      vertex 4.45548 1.14397 19
    endloop
  endfacet
  facet normal -0.481745 -0.876312 0
    outer loop
      vertex -2.4648 -3.88391 19
      vertex -1.95858 -4.1622 20.5
      vertex -2.4648 -3.88391 20.5
    endloop
  endfacet
  facet normal -0.481745 -0.876312 -0
    outer loop
      vertex -1.95858 -4.1622 20.5
      vertex -2.4648 -3.88391 19
      vertex -1.95858 -4.1622 19
    endloop
  endfacet
  facet normal 0 -1 0
    outer loop
      vertex -0.288836 -4.59092 19
      vertex 0.288836 -4.59092 20.5
      vertex -0.288836 -4.59092 20.5
    endloop
  endfacet
  facet normal 0 -1 -0
    outer loop
      vertex 0.288836 -4.59092 20.5
      vertex -0.288836 -4.59092 19
      vertex 0.288836 -4.59092 19
    endloop
  endfacet
  facet normal 0.684539 0.728976 -0
    outer loop
      vertex 3.35326 3.14892 19
      vertex 2.93215 3.54436 20.5
      vertex 3.35326 3.14892 20.5
    endloop
  endfacet
  facet normal 0.684539 0.728976 0
    outer loop
      vertex 2.93215 3.54436 20.5
      vertex 3.35326 3.14892 19
      vertex 2.93215 3.54436 19
    endloop
  endfacet
  facet normal 0.368135 0.929772 -0
    outer loop
      vertex 1.95858 4.1622 19
      vertex 1.42148 4.37486 20.5
      vertex 1.95858 4.1622 20.5
    endloop
  endfacet
  facet normal 0.368135 0.929772 0
    outer loop
      vertex 1.42148 4.37486 20.5
      vertex 1.95858 4.1622 19
      vertex 1.42148 4.37486 19
    endloop
  endfacet
  facet normal 0.587786 0.809017 -0
    outer loop
      vertex 2.93215 3.54436 19
      vertex 2.4648 3.88391 20.5
      vertex 2.93215 3.54436 20.5
    endloop
  endfacet
  facet normal 0.587786 0.809017 0
    outer loop
      vertex 2.4648 3.88391 20.5
      vertex 2.93215 3.54436 19
      vertex 2.4648 3.88391 19
    endloop
  endfacet
  facet normal 0.982286 -0.18739 0
    outer loop
      vertex 4.45548 -1.14397 20.5
      vertex 4.56373 -0.576532 19
      vertex 4.56373 -0.576532 20.5
    endloop
  endfacet
  facet normal 0.982286 -0.18739 0
    outer loop
      vertex 4.56373 -0.576532 19
      vertex 4.45548 -1.14397 20.5
      vertex 4.45548 -1.14397 19
    endloop
  endfacet
  facet normal 0.248687 0.968584 -0
    outer loop
      vertex 1.42148 4.37486 19
      vertex 0.861954 4.51852 20.5
      vertex 1.42148 4.37486 20.5
    endloop
  endfacet
  facet normal 0.248687 0.968584 0
    outer loop
      vertex 0.861954 4.51852 20.5
      vertex 1.42148 4.37486 19
      vertex 0.861954 4.51852 19
    endloop
  endfacet
  facet normal -0.12533 0.992115 0
    outer loop
      vertex -0.288836 4.59092 19
      vertex -0.861954 4.51852 20.5
      vertex -0.288836 4.59092 20.5
    endloop
  endfacet
  facet normal -0.12533 0.992115 0
    outer loop
      vertex -0.861954 4.51852 20.5
      vertex -0.288836 4.59092 19
      vertex -0.861954 4.51852 19
    endloop
  endfacet
  facet normal 0.90483 -0.425774 0
    outer loop
      vertex 4.03101 -2.21607 20.5
      vertex 4.27697 -1.69337 19
      vertex 4.27697 -1.69337 20.5
    endloop
  endfacet
  facet normal 0.90483 -0.425774 0
    outer loop
      vertex 4.27697 -1.69337 19
      vertex 4.03101 -2.21607 20.5
      vertex 4.03101 -2.21607 19
    endloop
  endfacet
  facet normal 0.481745 0.876312 -0
    outer loop
      vertex 2.4648 3.88391 19
      vertex 1.95858 4.1622 20.5
      vertex 2.4648 3.88391 20.5
    endloop
  endfacet
  facet normal 0.481745 0.876312 0
    outer loop
      vertex 1.95858 4.1622 20.5
      vertex 2.4648 3.88391 19
      vertex 1.95858 4.1622 19
    endloop
  endfacet
  facet normal 0.12533 -0.992115 0
    outer loop
      vertex 0.288836 -4.59092 19
      vertex 0.861954 -4.51852 20.5
      vertex 0.288836 -4.59092 20.5
    endloop
  endfacet
  facet normal 0.12533 -0.992115 0
    outer loop
      vertex 0.861954 -4.51852 20.5
      vertex 0.288836 -4.59092 19
      vertex 0.861954 -4.51852 19
    endloop
  endfacet
  facet normal 0.368135 -0.929772 0
    outer loop
      vertex 1.42148 -4.37486 19
      vertex 1.95858 -4.1622 20.5
      vertex 1.42148 -4.37486 20.5
    endloop
  endfacet
  facet normal 0.368135 -0.929772 0
    outer loop
      vertex 1.95858 -4.1622 20.5
      vertex 1.42148 -4.37486 19
      vertex 1.95858 -4.1622 19
    endloop
  endfacet
  facet normal -0.90483 -0.425774 0
    outer loop
      vertex -4.03101 -2.21607 19
      vertex -4.27697 -1.69337 20.5
      vertex -4.27697 -1.69337 19
    endloop
  endfacet
  facet normal -0.90483 -0.425774 0
    outer loop
      vertex -4.27697 -1.69337 20.5
      vertex -4.03101 -2.21607 19
      vertex -4.03101 -2.21607 20.5
    endloop
  endfacet
  facet normal -0.90483 0.425774 0
    outer loop
      vertex -4.27697 1.69337 19
      vertex -4.03101 2.21607 20.5
      vertex -4.03101 2.21607 19
    endloop
  endfacet
  facet normal -0.90483 0.425774 0
    outer loop
      vertex -4.03101 2.21607 20.5
      vertex -4.27697 1.69337 19
      vertex -4.27697 1.69337 20.5
    endloop
  endfacet
  facet normal -0.982286 0.18739 0
    outer loop
      vertex -4.56373 0.576532 19
      vertex -4.45548 1.14397 20.5
      vertex -4.45548 1.14397 19
    endloop
  endfacet
  facet normal -0.982286 0.18739 0
    outer loop
      vertex -4.45548 1.14397 20.5
      vertex -4.56373 0.576532 19
      vertex -4.56373 0.576532 20.5
    endloop
  endfacet
  facet normal 0.770519 0.637417 0
    outer loop
      vertex 3.72148 2.70381 20.5
      vertex 3.35326 3.14892 19
      vertex 3.35326 3.14892 20.5
    endloop
  endfacet
  facet normal 0.770519 0.637417 0
    outer loop
      vertex 3.35326 3.14892 19
      vertex 3.72148 2.70381 20.5
      vertex 3.72148 2.70381 19
    endloop
  endfacet
  facet normal -0.684539 0.728976 0
    outer loop
      vertex -2.93215 3.54436 19
      vertex -3.35326 3.14892 20.5
      vertex -2.93215 3.54436 20.5
    endloop
  endfacet
  facet normal -0.684539 0.728976 0
    outer loop
      vertex -3.35326 3.14892 20.5
      vertex -2.93215 3.54436 19
      vertex -3.35326 3.14892 19
    endloop
  endfacet
  facet normal -0.844327 -0.535828 0
    outer loop
      vertex -3.72148 -2.70381 19
      vertex -4.03101 -2.21607 20.5
      vertex -4.03101 -2.21607 19
    endloop
  endfacet
  facet normal -0.844327 -0.535828 0
    outer loop
      vertex -4.03101 -2.21607 20.5
      vertex -3.72148 -2.70381 19
      vertex -3.72148 -2.70381 20.5
    endloop
  endfacet
  facet normal -0.248687 -0.968584 0
    outer loop
      vertex -1.42148 -4.37486 19
      vertex -0.861954 -4.51852 20.5
      vertex -1.42148 -4.37486 20.5
    endloop
  endfacet
  facet normal -0.248687 -0.968584 -0
    outer loop
      vertex -0.861954 -4.51852 20.5
      vertex -1.42148 -4.37486 19
      vertex -0.861954 -4.51852 19
    endloop
  endfacet
  facet normal 0 1 -0
    outer loop
      vertex 0.288836 4.59092 19
      vertex -0.288836 4.59092 20.5
      vertex 0.288836 4.59092 20.5
    endloop
  endfacet
  facet normal 0 1 0
    outer loop
      vertex -0.288836 4.59092 20.5
      vertex 0.288836 4.59092 19
      vertex -0.288836 4.59092 19
    endloop
  endfacet
  facet normal 0.684539 -0.728976 0
    outer loop
      vertex 2.93215 -3.54436 19
      vertex 3.35326 -3.14892 20.5
      vertex 2.93215 -3.54436 20.5
    endloop
  endfacet
  facet normal 0.684539 -0.728976 0
    outer loop
      vertex 3.35326 -3.14892 20.5
      vertex 2.93215 -3.54436 19
      vertex 3.35326 -3.14892 19
    endloop
  endfacet
  facet normal 0.844327 -0.535828 0
    outer loop
      vertex 3.72148 -2.70381 20.5
      vertex 4.03101 -2.21607 19
      vertex 4.03101 -2.21607 20.5
    endloop
  endfacet
  facet normal 0.844327 -0.535828 0
    outer loop
      vertex 4.03101 -2.21607 19
      vertex 3.72148 -2.70381 20.5
      vertex 3.72148 -2.70381 19
    endloop
  endfacet
  facet normal 0.587786 -0.809017 0
    outer loop
      vertex 2.4648 -3.88391 19
      vertex 2.93215 -3.54436 20.5
      vertex 2.4648 -3.88391 20.5
    endloop
  endfacet
  facet normal 0.587786 -0.809017 0
    outer loop
      vertex 2.93215 -3.54436 20.5
      vertex 2.4648 -3.88391 19
      vertex 2.93215 -3.54436 19
    endloop
  endfacet
  facet normal -0.770519 0.637417 0
    outer loop
      vertex -3.72148 2.70381 19
      vertex -3.35326 3.14892 20.5
      vertex -3.35326 3.14892 19
    endloop
  endfacet
  facet normal -0.770519 0.637417 0
    outer loop
      vertex -3.35326 3.14892 20.5
      vertex -3.72148 2.70381 19
      vertex -3.72148 2.70381 20.5
    endloop
  endfacet
  facet normal -0.998027 0.0627865 0
    outer loop
      vertex -4.6 0 19
      vertex -4.56373 0.576532 20.5
      vertex -4.56373 0.576532 19
    endloop
  endfacet
  facet normal -0.998027 0.0627865 0
    outer loop
      vertex -4.56373 0.576532 20.5
      vertex -4.6 0 19
      vertex -4.6 0 20.5
    endloop
  endfacet
  facet normal -0.12533 -0.992115 0
    outer loop
      vertex -0.861954 -4.51852 19
      vertex -0.288836 -4.59092 20.5
      vertex -0.861954 -4.51852 20.5
    endloop
  endfacet
  facet normal -0.12533 -0.992115 -0
    outer loop
      vertex -0.288836 -4.59092 20.5
      vertex -0.861954 -4.51852 19
      vertex -0.288836 -4.59092 19
    endloop
  endfacet
  facet normal -0.844327 0.535828 0
    outer loop
      vertex -4.03101 2.21607 19
      vertex -3.72148 2.70381 20.5
      vertex -3.72148 2.70381 19
    endloop
  endfacet
  facet normal -0.844327 0.535828 0
    outer loop
      vertex -3.72148 2.70381 20.5
      vertex -4.03101 2.21607 19
      vertex -4.03101 2.21607 20.5
    endloop
  endfacet
  facet normal 1 -0 0
    outer loop
      vertex 75 0 1.6
      vertex 75 32 0
      vertex 75 32 1.6
    endloop
  endfacet
  facet normal 1 0 0
    outer loop
      vertex 75 32 0
      vertex 75 0 1.6
      vertex 75 0 0
    endloop
  endfacet
  facet normal 0 0 1
    outer loop
      vertex 75 32 1.6
      vertex 50 22 1.6
      vertex 75 0 1.6
    endloop
  endfacet
  facet normal -0 0 1
    outer loop
      vertex 40 32 1.6
      vertex 50 22 1.6
      vertex 75 32 1.6
    endloop
  endfacet
  facet normal 0 0 1
    outer loop
      vertex 42 22 1.6
      vertex 40 32 1.6
      vertex 42 10 1.6
    endloop
  endfacet
  facet normal 0 0 1
    outer loop
      vertex 50 22 1.6
      vertex 40 32 1.6
      vertex 42 22 1.6
    endloop
  endfacet
  facet normal -0 0 1
    outer loop
      vertex 50 10 1.6
      vertex 75 0 1.6
      vertex 50 22 1.6
    endloop
  endfacet
  facet normal 0 0 1
    outer loop
      vertex 40 0 1.6
      vertex 50 10 1.6
      vertex 42 10 1.6
    endloop
  endfacet
  facet normal 0 0 1
    outer loop
      vertex 50 10 1.6
      vertex 40 0 1.6
      vertex 75 0 1.6
    endloop
  endfacet
  facet normal 0 0 1
    outer loop
      vertex 40 0 1.6
      vertex 42 10 1.6
      vertex 40 32 1.6
    endloop
  endfacet
  facet normal 0 0 -1
    outer loop
      vertex 40 0 0
      vertex 75 32 0
      vertex 75 0 0
    endloop
  endfacet
  facet normal -0 0 -1
    outer loop
      vertex 75 32 0
      vertex 40 0 0
      vertex 40 32 0
    endloop
  endfacet
  facet normal -1 0 0
    outer loop
      vertex 40 0 0
      vertex 40 32 1.6
      vertex 40 32 0
    endloop
  endfacet
  facet normal -1 -0 0
    outer loop
      vertex 40 32 1.6
      vertex 40 0 0
      vertex 40 0 1.6
    endloop
  endfacet
  facet normal 0 1 -0
    outer loop
      vertex 75 32 0
      vertex 40 32 1.6
      vertex 75 32 1.6
    endloop
  endfacet
  facet normal 0 1 0
    outer loop
      vertex 40 32 1.6
      vertex 75 32 0
      vertex 40 32 0
    endloop
  endfacet
  facet normal 0 -1 0
    outer loop
      vertex 40 0 0
      vertex 75 0 1.6
      vertex 40 0 1.6
    endloop
  endfacet
  facet normal 0 -1 -0
    outer loop
      vertex 75 0 1.6
      vertex 40 0 0
      vertex 75 0 0
    endloop
  endfacet
  facet normal 1 -0 0
    outer loop
      vertex 50 10 9.6
      vertex 50 22 1.6
      vertex 50 22 9.6
    endloop
  endfacet
  facet normal 1 0 0
    outer loop
      vertex 50 22 1.6
      vertex 50 10 9.6
      vertex 50 10 1.6
    endloop
  endfacet
  facet normal -0 0 1
    outer loop
      vertex 42 22 9.6
      vertex 50 10 9.6
      vertex 50 22 9.6
    endloop
  endfacet
  facet normal 0 0 1
    outer loop
      vertex 50 10 9.6
      vertex 42 22 9.6
      vertex 42 10 9.6
    endloop
  endfacet
  facet normal -1 0 0
    outer loop
      vertex 42 10 1.6
      vertex 42 22 9.6
      vertex 42 22 1.6
    endloop
  endfacet
  facet normal -1 -0 0
    outer loop
      vertex 42 22 9.6
      vertex 42 10 1.6
      vertex 42 10 9.6
    endloop
  endfacet
  facet normal 0 1 -0
    outer loop
      vertex 50 22 1.6
      vertex 42 22 9.6
      vertex 50 22 9.6
    endloop
  endfacet
  facet normal 0 1 0
    outer loop
      vertex 42 22 9.6
      vertex 50 22 1.6
      vertex 42 22 1.6
    endloop
  endfacet
  facet normal 0 -1 0
    outer loop
      vertex 42 10 1.6
      vertex 50 10 9.6
      vertex 42 10 9.6
    endloop
  endfacet
  facet normal 0 -1 -0
    outer loop
      vertex 50 10 9.6
      vertex 42 10 1.6
      vertex 50 10 1.6
    endloop
  endfacet
endsolid OpenSCAD_Model
